{
  "type": "timeseries",
  "renderAt": "chart-container",
  "width": "100%",
  "height": "500",
  "dataSource": {
    "chart": {
      "exportEnabled": 1,
      "formatNumberScale": 0
    },
    "caption": {
      "text": "Unemployment in San Jose & SJ Metro Area"
    },
    "subcaption": {
      "text": "From January 2006 - December 2016"
    },
    "series": "City",
    "yaxis": [
      {
        "plot": [
          {
            "value": "Unemployment",
            "type": "column"
          }
        ],
        "title": "Unemployment Count",
        "format": {
          "suffix": "K"
        }
      }
    ]
  },
  "appData": [
    [
      "6-Jan",
      "San Jose",
      5.4
    ],
    [
      "6-Jan",
      "SJ metro area",
      4.9
    ],
    [
      "6-Feb",
      "San Jose",
      5.4
    ],
    [
      "6-Feb",
      "SJ metro area",
      4.9
    ],
    [
      "6-Mar",
      "San Jose",
      5.3
    ],
    [
      "6-Mar",
      "SJ metro area",
      4.8
    ],
    [
      "6-Apr",
      "San Jose",
      4.9
    ],
    [
      "6-Apr",
      "SJ metro area",
      4.5
    ],
    [
      "6-May",
      "San Jose",
      4.6
    ],
    [
      "6-May",
      "SJ metro area",
      4.2
    ],
    [
      "6-Jun",
      "San Jose",
      5.1
    ],
    [
      "6-Jun",
      "SJ metro area",
      4.6
    ],
    [
      "6-Jul",
      "San Jose",
      5.4
    ],
    [
      "6-Jul",
      "SJ metro area",
      4.8
    ],
    [
      "6-Aug",
      "San Jose",
      5.1
    ],
    [
      "6-Aug",
      "SJ metro area",
      4.6
    ],
    [
      "6-Sep",
      "San Jose",
      4.9
    ],
    [
      "6-Sep",
      "SJ metro area",
      4.4
    ],
    [
      "6-Oct",
      "San Jose",
      4.7
    ],
    [
      "6-Oct",
      "SJ metro area",
      4.2
    ],
    [
      "6-Nov",
      "San Jose",
      4.9
    ],
    [
      "6-Nov",
      "SJ metro area",
      4.4
    ],
    [
      "6-Dec",
      "San Jose",
      4.5
    ],
    [
      "6-Dec",
      "SJ metro area",
      4.1
    ],
    [
      "7-Jan",
      "San Jose",
      5.3
    ],
    [
      "7-Jan",
      "SJ metro area",
      4.8
    ],
    [
      "7-Feb",
      "San Jose",
      5.1
    ],
    [
      "7-Feb",
      "SJ metro area",
      4.7
    ],
    [
      "7-Mar",
      "San Jose",
      5.1
    ],
    [
      "7-Mar",
      "SJ metro area",
      4.6
    ],
    [
      "7-Apr",
      "San Jose",
      4.9
    ],
    [
      "7-Apr",
      "SJ metro area",
      4.5
    ],
    [
      "7-May",
      "San Jose",
      4.7
    ],
    [
      "7-May",
      "SJ metro area",
      4.3
    ],
    [
      "7-Jun",
      "San Jose",
      5.3
    ],
    [
      "7-Jun",
      "SJ metro area",
      4.8
    ],
    [
      "7-Jul",
      "San Jose",
      5.6
    ],
    [
      "7-Jul",
      "SJ metro area",
      5.1
    ],
    [
      "7-Aug",
      "San Jose",
      5.5
    ],
    [
      "7-Aug",
      "SJ metro area",
      4.9
    ],
    [
      "7-Sep",
      "San Jose",
      5.4
    ],
    [
      "7-Sep",
      "SJ metro area",
      4.8
    ],
    [
      "7-Oct",
      "San Jose",
      5.4
    ],
    [
      "7-Oct",
      "SJ metro area",
      4.8
    ],
    [
      "7-Nov",
      "San Jose",
      5.4
    ],
    [
      "7-Nov",
      "SJ metro area",
      4.9
    ],
    [
      "7-Dec",
      "San Jose",
      5.3
    ],
    [
      "7-Dec",
      "SJ metro area",
      4.9
    ],
    [
      "8-Jan",
      "San Jose",
      5.7
    ],
    [
      "8-Jan",
      "SJ metro area",
      5.2
    ],
    [
      "8-Feb",
      "San Jose",
      5.6
    ],
    [
      "8-Feb",
      "SJ metro area",
      5.2
    ],
    [
      "8-Mar",
      "San Jose",
      5.9
    ],
    [
      "8-Mar",
      "SJ metro area",
      5.4
    ],
    [
      "8-Apr",
      "San Jose",
      5.5
    ],
    [
      "8-Apr",
      "SJ metro area",
      5.1
    ],
    [
      "8-May",
      "San Jose",
      6
    ],
    [
      "8-May",
      "SJ metro area",
      5.4
    ],
    [
      "8-Jun",
      "San Jose",
      6.7
    ],
    [
      "8-Jun",
      "SJ metro area",
      6
    ],
    [
      "8-Jul",
      "San Jose",
      7.1
    ],
    [
      "8-Jul",
      "SJ metro area",
      6.4
    ],
    [
      "8-Aug",
      "San Jose",
      7.2
    ],
    [
      "8-Aug",
      "SJ metro area",
      6.5
    ],
    [
      "8-Sep",
      "San Jose",
      7.1
    ],
    [
      "8-Sep",
      "SJ metro area",
      6.4
    ],
    [
      "8-Oct",
      "San Jose",
      7.5
    ],
    [
      "8-Oct",
      "SJ metro area",
      6.8
    ],
    [
      "8-Nov",
      "San Jose",
      7.9
    ],
    [
      "8-Nov",
      "SJ metro area",
      7.2
    ],
    [
      "8-Dec",
      "San Jose",
      8.4
    ],
    [
      "8-Dec",
      "SJ metro area",
      7.7
    ],
    [
      "9-Jan",
      "San Jose",
      10
    ],
    [
      "9-Jan",
      "SJ metro area",
      9.1
    ],
    [
      "9-Feb",
      "San Jose",
      10.7
    ],
    [
      "9-Feb",
      "SJ metro area",
      9.7
    ],
    [
      "9-Mar",
      "San Jose",
      11.4
    ],
    [
      "9-Mar",
      "SJ metro area",
      10.4
    ],
    [
      "9-Apr",
      "San Jose",
      11.2
    ],
    [
      "9-Apr",
      "SJ metro area",
      10.2
    ],
    [
      "9-May",
      "San Jose",
      11.6
    ],
    [
      "9-May",
      "SJ metro area",
      10.5
    ],
    [
      "9-Jun",
      "San Jose",
      12.4
    ],
    [
      "9-Jun",
      "SJ metro area",
      11.2
    ],
    [
      "9-Jul",
      "San Jose",
      12.5
    ],
    [
      "9-Jul",
      "SJ metro area",
      11.3
    ],
    [
      "9-Aug",
      "San Jose",
      12.5
    ],
    [
      "9-Aug",
      "SJ metro area",
      11.3
    ],
    [
      "9-Sep",
      "San Jose",
      12.4
    ],
    [
      "9-Sep",
      "SJ metro area",
      11.2
    ],
    [
      "9-Oct",
      "San Jose",
      12.4
    ],
    [
      "9-Oct",
      "SJ metro area",
      11.2
    ],
    [
      "9-Nov",
      "San Jose",
      12.2
    ],
    [
      "9-Nov",
      "SJ metro area",
      11.1
    ],
    [
      "9-Dec",
      "San Jose",
      11.9
    ],
    [
      "9-Dec",
      "SJ metro area",
      11
    ],
    [
      "10-Jan",
      "San Jose",
      12.3
    ],
    [
      "10-Jan",
      "SJ metro area",
      11.2
    ],
    [
      "10-Feb",
      "San Jose",
      12.1
    ],
    [
      "10-Feb",
      "SJ metro area",
      11.1
    ],
    [
      "10-Mar",
      "San Jose",
      12.2
    ],
    [
      "10-Mar",
      "SJ metro area",
      11.1
    ],
    [
      "10-Apr",
      "San Jose",
      11.6
    ],
    [
      "10-Apr",
      "SJ metro area",
      10.6
    ],
    [
      "10-May",
      "San Jose",
      11.3
    ],
    [
      "10-May",
      "SJ metro area",
      10.3
    ],
    [
      "10-Jun",
      "San Jose",
      11.6
    ],
    [
      "10-Jun",
      "SJ metro area",
      10.6
    ],
    [
      "10-Jul",
      "San Jose",
      11.8
    ],
    [
      "10-Jul",
      "SJ metro area",
      10.7
    ],
    [
      "10-Aug",
      "San Jose",
      11.6
    ],
    [
      "10-Aug",
      "SJ metro area",
      10.5
    ],
    [
      "10-Sep",
      "San Jose",
      11.2
    ],
    [
      "10-Sep",
      "SJ metro area",
      10.2
    ],
    [
      "10-Oct",
      "San Jose",
      11.1
    ],
    [
      "10-Oct",
      "SJ metro area",
      10.1
    ],
    [
      "10-Nov",
      "San Jose",
      11.3
    ],
    [
      "10-Nov",
      "SJ metro area",
      10.3
    ],
    [
      "10-Dec",
      "San Jose",
      10.7
    ],
    [
      "10-Dec",
      "SJ metro area",
      9.8
    ],
    [
      "11-Jan",
      "San Jose",
      11.1
    ],
    [
      "11-Jan",
      "SJ metro area",
      10.2
    ],
    [
      "11-Feb",
      "San Jose",
      10.8
    ],
    [
      "11-Feb",
      "SJ metro area",
      10
    ],
    [
      "11-Mar",
      "San Jose",
      10.7
    ],
    [
      "11-Mar",
      "SJ metro area",
      9.8
    ],
    [
      "11-Apr",
      "San Jose",
      10.3
    ],
    [
      "11-Apr",
      "SJ metro area",
      9.4
    ],
    [
      "11-May",
      "San Jose",
      10.1
    ],
    [
      "11-May",
      "SJ metro area",
      9.3
    ],
    [
      "11-Jun",
      "San Jose",
      10.7
    ],
    [
      "11-Jun",
      "SJ metro area",
      9.8
    ],
    [
      "11-Jul",
      "San Jose",
      10.7
    ],
    [
      "11-Jul",
      "SJ metro area",
      9.8
    ],
    [
      "11-Aug",
      "San Jose",
      10.4
    ],
    [
      "11-Aug",
      "SJ metro area",
      9.5
    ],
    [
      "11-Sep",
      "San Jose",
      10.2
    ],
    [
      "11-Sep",
      "SJ metro area",
      9.3
    ],
    [
      "11-Oct",
      "San Jose",
      10
    ],
    [
      "11-Oct",
      "SJ metro area",
      9.1
    ],
    [
      "11-Nov",
      "San Jose",
      9.7
    ],
    [
      "11-Nov",
      "SJ metro area",
      8.9
    ],
    [
      "11-Dec",
      "San Jose",
      9.4
    ],
    [
      "11-Dec",
      "SJ metro area",
      8.6
    ],
    [
      "12-Jan",
      "San Jose",
      9.6
    ],
    [
      "12-Jan",
      "SJ metro area",
      8.8
    ],
    [
      "12-Feb",
      "San Jose",
      9.5
    ],
    [
      "12-Feb",
      "SJ metro area",
      8.7
    ],
    [
      "12-Mar",
      "San Jose",
      9.3
    ],
    [
      "12-Mar",
      "SJ metro area",
      8.6
    ],
    [
      "12-Apr",
      "San Jose",
      8.7
    ],
    [
      "12-Apr",
      "SJ metro area",
      8
    ],
    [
      "12-May",
      "San Jose",
      8.7
    ],
    [
      "12-May",
      "SJ metro area",
      8
    ],
    [
      "12-Jun",
      "San Jose",
      9.1
    ],
    [
      "12-Jun",
      "SJ metro area",
      8.3
    ],
    [
      "12-Jul",
      "San Jose",
      9.3
    ],
    [
      "12-Jul",
      "SJ metro area",
      8.5
    ],
    [
      "12-Aug",
      "San Jose",
      8.9
    ],
    [
      "12-Aug",
      "SJ metro area",
      8.1
    ],
    [
      "12-Sep",
      "San Jose",
      8.2
    ],
    [
      "12-Sep",
      "SJ metro area",
      7.4
    ],
    [
      "12-Oct",
      "San Jose",
      8.2
    ],
    [
      "12-Oct",
      "SJ metro area",
      7.5
    ],
    [
      "12-Nov",
      "San Jose",
      8
    ],
    [
      "12-Nov",
      "SJ metro area",
      7.3
    ],
    [
      "12-Dec",
      "San Jose",
      7.8
    ],
    [
      "12-Dec",
      "SJ metro area",
      7.1
    ],
    [
      "13-Jan",
      "San Jose",
      8.3
    ],
    [
      "13-Jan",
      "SJ metro area",
      7.6
    ],
    [
      "13-Feb",
      "San Jose",
      7.8
    ],
    [
      "13-Feb",
      "SJ metro area",
      7.2
    ],
    [
      "13-Mar",
      "San Jose",
      7.6
    ],
    [
      "13-Mar",
      "SJ metro area",
      7
    ],
    [
      "13-Apr",
      "San Jose",
      7
    ],
    [
      "13-Apr",
      "SJ metro area",
      6.4
    ],
    [
      "13-May",
      "San Jose",
      7
    ],
    [
      "13-May",
      "SJ metro area",
      6.4
    ],
    [
      "13-Jun",
      "San Jose",
      7.5
    ],
    [
      "13-Jun",
      "SJ metro area",
      6.8
    ],
    [
      "13-Jul",
      "San Jose",
      7.6
    ],
    [
      "13-Jul",
      "SJ metro area",
      6.9
    ],
    [
      "13-Aug",
      "San Jose",
      7.2
    ],
    [
      "13-Aug",
      "SJ metro area",
      6.6
    ],
    [
      "13-Sep",
      "San Jose",
      6.9
    ],
    [
      "13-Sep",
      "SJ metro area",
      6.3
    ],
    [
      "13-Oct",
      "San Jose",
      6.9
    ],
    [
      "13-Oct",
      "SJ metro area",
      6.3
    ],
    [
      "13-Nov",
      "San Jose",
      6.6
    ],
    [
      "13-Nov",
      "SJ metro area",
      6
    ],
    [
      "13-Dec",
      "San Jose",
      6.1
    ],
    [
      "13-Dec",
      "SJ metro area",
      5.6
    ],
    [
      "14-Jan",
      "San Jose",
      6.4
    ],
    [
      "14-Jan",
      "SJ metro area",
      5.9
    ],
    [
      "14-Feb",
      "San Jose",
      6.4
    ],
    [
      "14-Feb",
      "SJ metro area",
      5.9
    ],
    [
      "14-Mar",
      "San Jose",
      6.4
    ],
    [
      "14-Mar",
      "SJ metro area",
      5.9
    ],
    [
      "14-Apr",
      "San Jose",
      5.5
    ],
    [
      "14-Apr",
      "SJ metro area",
      5
    ],
    [
      "14-May",
      "San Jose",
      5.6
    ],
    [
      "14-May",
      "SJ metro area",
      5.1
    ],
    [
      "14-Jun",
      "San Jose",
      5.7
    ],
    [
      "14-Jun",
      "SJ metro area",
      5.2
    ],
    [
      "14-Jul",
      "San Jose",
      6.2
    ],
    [
      "14-Jul",
      "SJ metro area",
      5.6
    ],
    [
      "14-Aug",
      "San Jose",
      5.9
    ],
    [
      "14-Aug",
      "SJ metro area",
      5.4
    ],
    [
      "14-Sep",
      "San Jose",
      5.4
    ],
    [
      "14-Sep",
      "SJ metro area",
      4.9
    ],
    [
      "14-Oct",
      "San Jose",
      5.4
    ],
    [
      "14-Oct",
      "SJ metro area",
      4.9
    ],
    [
      "14-Nov",
      "San Jose",
      5.3
    ],
    [
      "14-Nov",
      "SJ metro area",
      4.9
    ],
    [
      "14-Dec",
      "San Jose",
      4.8
    ],
    [
      "14-Dec",
      "SJ metro area",
      4.4
    ],
    [
      "15-Jan",
      "San Jose",
      5.3
    ],
    [
      "15-Jan",
      "SJ metro area",
      4.9
    ],
    [
      "15-Feb",
      "San Jose",
      5
    ],
    [
      "15-Feb",
      "SJ metro area",
      4.6
    ],
    [
      "15-Mar",
      "San Jose",
      4.9
    ],
    [
      "15-Mar",
      "SJ metro area",
      4.5
    ],
    [
      "15-Apr",
      "San Jose",
      4.5
    ],
    [
      "15-Apr",
      "SJ metro area",
      4.1
    ],
    [
      "15-May",
      "San Jose",
      4.5
    ],
    [
      "15-May",
      "SJ metro area",
      4.2
    ],
    [
      "15-Jun",
      "San Jose",
      4.6
    ],
    [
      "15-Jun",
      "SJ metro area",
      4.2
    ],
    [
      "15-Jul",
      "San Jose",
      4.9
    ],
    [
      "15-Jul",
      "SJ metro area",
      4.5
    ],
    [
      "15-Aug",
      "San Jose",
      4.6
    ],
    [
      "15-Aug",
      "SJ metro area",
      4.2
    ],
    [
      "15-Sep",
      "San Jose",
      4.3
    ],
    [
      "15-Sep",
      "SJ metro area",
      3.9
    ],
    [
      "15-Oct",
      "San Jose",
      4.5
    ],
    [
      "15-Oct",
      "SJ metro area",
      4.1
    ],
    [
      "15-Nov",
      "San Jose",
      4.4
    ],
    [
      "15-Nov",
      "SJ metro area",
      4.1
    ],
    [
      "15-Dec",
      "San Jose",
      4.2
    ],
    [
      "15-Dec",
      "SJ metro area",
      3.9
    ],
    [
      "16-Jan",
      "San Jose",
      4.2
    ],
    [
      "16-Jan",
      "SJ metro area",
      3.9
    ],
    [
      "16-Feb",
      "San Jose",
      4.2
    ],
    [
      "16-Feb",
      "SJ metro area",
      3.8
    ],
    [
      "16-Mar",
      "San Jose",
      4.2
    ],
    [
      "16-Mar",
      "SJ metro area",
      3.9
    ],
    [
      "16-Apr",
      "San Jose",
      4
    ],
    [
      "16-Apr",
      "SJ metro area",
      3.7
    ],
    [
      "16-May",
      "San Jose",
      3.7
    ],
    [
      "16-May",
      "SJ metro area",
      3.4
    ],
    [
      "16-Jun",
      "San Jose",
      4.5
    ],
    [
      "16-Jun",
      "SJ metro area",
      4.1
    ],
    [
      "16-Jul",
      "San Jose",
      4.7
    ],
    [
      "16-Jul",
      "SJ metro area",
      4.2
    ],
    [
      "16-Aug",
      "San Jose",
      4.5
    ],
    [
      "16-Aug",
      "SJ metro area",
      4
    ],
    [
      "16-Sep",
      "San Jose",
      4.2
    ],
    [
      "16-Sep",
      "SJ metro area",
      3.8
    ],
    [
      "16-Oct",
      "San Jose",
      4.2
    ],
    [
      "16-Oct",
      "SJ metro area",
      3.8
    ],
    [
      "16-Nov",
      "San Jose",
      3.9
    ],
    [
      "16-Nov",
      "SJ metro area",
      3.5
    ],
    [
      "16-Dec",
      "San Jose",
      3.7
    ],
    [
      "16-Dec",
      "SJ metro area",
      3.4
    ]
  ],
  "appSchema": [
    {
      "name": "Date",
      "type": "date",
      "format": "%y-%b"
    },
    {
      "name": "City",
      "type": "string"
    },
    {
      "name": "Unemployment",
      "type": "number"
    }
  ]
}