{
  "width": 600,
  "height": 400,
  "type": "timeseries",
  "dataFormat": null,
  "dataSource": {
    "chart": {
      "exportEnabled": 1,
      "formatNumberScale": 0
    },
    "caption": {
      "text": "USA - Interest Rate & Inflation Rate"
    },
    "subcaption": {
      "text": "1980 - 2011"
    },
    "yaxis": [
      {
        "plot": "Interest Rate",
        "format": {
          "suffix": "%"
        },
        "title": "Interest Rate"
      },
      {
        "plot": "Inflation Rate",
        "format": {
          "suffix": "%"
        },
        "title": "Inflation Rate"
      }
    ],
    "datamarker": [
      {
        "value": "Inflation Rate",
        "time": "Sep-1981",
        "timeformat": "%b-%Y",
        "tooltext": "Efforts by the FED ensured that inflation reduces from 10% to 5% gradually."
      },
      {
        "value": "Inflation Rate",
        "time": "Dec-1986",
        "timeformat": "%b-%Y",
        "tooltext": " “Inflation took it’s worst being in 25 years”, said the Labour Department"
      },
      {
        "value": "Inflation Rate",
        "time": "Oct-1990",
        "timeformat": "%b-%Y",
        "tooltext": "Inflation Rate moved out of the desired band of 4% - 6%"
      },
      {
        "value": "Inflation Rate",
        "time": "Jul-2009",
        "timeformat": "%b-%Y",
        "tooltext": "Inflation Rate went negative as a result of quantity easing measures taken by the FED."
      },
      {
        "value": "Interest Rate",
        "time": "Mar-1980",
        "identifier": "H",
        "timeformat": "%b-%Y",
        "tooltext": "As a part of credit control program, under the leadership of Paul Volcker, the Fed tightened the money supply, allowing the federal fund rates to approach 20 percent."
      },
      {
        "value": "Interest Rate",
        "time": "Aug-1982",
        "identifier": "L",
        "timeformat": "%b-%Y",
        "tooltext": "The FED eases off the monetary brakes, allowing interest rates to fall and the economy to begin a strong recovery."
      },
      {
        "value": "Interest Rate",
        "time": "Oct-1987",
        "identifier": "L",
        "timeformat": "%b-%Y",
        "tooltext": "The FED is forced to ease rate after the stock market crash."
      },
      {
        "value": "Interest Rate",
        "time": "May-1989",
        "identifier": "H",
        "timeformat": "%b-%Y",
        "tooltext": "Liquidity problem forced the Fed to increase rate to nearly 10%."
      },
      {
        "value": "Interest Rate",
        "time": "Sept-1992",
        "identifier": "L",
        "timeformat": "%b-%Y",
        "tooltext": "To fight the jobless economy growth the Fed had to reduce the interest rate to 3%."
      },
      {
        "value": "Interest Rate",
        "time": "Jun-2003",
        "identifier": "L",
        "timeformat": "%b-%Y",
        "tooltext": "Struggling to revive the economy, the FED cuts it’s benchmark rate to 1%."
      },
      {
        "value": "Interest Rate",
        "time": "Sep-2007",
        "identifier": "L",
        "timeformat": "%b-%Y",
        "tooltext": "Fed started reducing the Federal Fund Rate."
      },
      {
        "value": "Interest Rate",
        "time": "Dec-2008",
        "identifier": "L",
        "timeformat": "%b-%Y",
        "tooltext": "Fed reduced the interest rates to sub 0.25% to manage the menace of longest economic downturn since World War 2"
      }
    ]
  },
  "appData": [
    [
      "Jan-1980",
      14,
      13.91
    ],
    [
      "Feb-1980",
      20,
      14.18
    ],
    [
      "Mar-1980",
      20,
      14.76
    ],
    [
      "Apr-1980",
      11.5,
      14.73
    ],
    [
      "May-1980",
      11.5,
      14.41
    ],
    [
      "Jun-1980",
      9.75,
      14.38
    ],
    [
      "Jul-1980",
      9.5,
      13.13
    ],
    [
      "Aug-1980",
      10,
      12.87
    ],
    [
      "Sep-1980",
      12,
      12.6
    ],
    [
      "Oct-1980",
      13.75,
      12.77
    ],
    [
      "Nov-1980",
      18,
      12.65
    ],
    [
      "Dec-1980",
      18,
      12.52
    ],
    [
      "Jan-1981",
      16,
      11.83
    ],
    [
      "Feb-1981",
      16,
      11.41
    ],
    [
      "Mar-1981",
      16,
      10.49
    ],
    [
      "Apr-1981",
      16,
      10
    ],
    [
      "May-1981",
      20,
      9.78
    ],
    [
      "Jun-1981",
      20,
      9.55
    ],
    [
      "Jul-1981",
      20,
      10.76
    ],
    [
      "Aug-1981",
      20,
      10.8
    ],
    [
      "Sep-1981",
      20,
      10.95
    ],
    [
      "Oct-1981",
      20,
      10.14
    ],
    [
      "Nov-1981",
      13,
      9.59
    ],
    [
      "Dec-1981",
      12,
      8.92
    ],
    [
      "Jan-1982",
      15,
      8.39
    ],
    [
      "Feb-1982",
      15,
      7.62
    ],
    [
      "Mar-1982",
      15,
      6.78
    ],
    [
      "Apr-1982",
      13,
      6.51
    ],
    [
      "May-1982",
      13,
      6.68
    ],
    [
      "Jun-1982",
      13,
      7.06
    ],
    [
      "Jul-1982",
      12,
      6.44
    ],
    [
      "Aug-1982",
      9.5,
      5.85
    ],
    [
      "Sep-1982",
      10,
      5.04
    ],
    [
      "Oct-1982",
      9.5,
      5.14
    ],
    [
      "Nov-1982",
      9,
      4.59
    ],
    [
      "Dec-1982",
      8.5,
      3.83
    ],
    [
      "Jan-1983",
      8.5,
      3.71
    ],
    [
      "Feb-1983",
      8.5,
      3.49
    ],
    [
      "Mar-1983",
      8.5,
      3.6
    ],
    [
      "Apr-1983",
      8.5,
      3.9
    ],
    [
      "May-1983",
      9.63,
      3.55
    ],
    [
      "Jun-1983",
      9.63,
      2.58
    ],
    [
      "Jul-1983",
      9.63,
      2.46
    ],
    [
      "Aug-1983",
      9.5,
      2.56
    ],
    [
      "Sep-1983",
      9.5,
      2.86
    ],
    [
      "Oct-1983",
      9.5,
      2.85
    ],
    [
      "Nov-1983",
      9.5,
      3.27
    ],
    [
      "Dec-1983",
      9.5,
      3.79
    ],
    [
      "Jan-1984",
      9.5,
      4.19
    ],
    [
      "Feb-1984",
      9.5,
      4.6
    ],
    [
      "Mar-1984",
      10.5,
      4.8
    ],
    [
      "Apr-1984",
      10.5,
      4.56
    ],
    [
      "May-1984",
      10.5,
      4.23
    ],
    [
      "Jun-1984",
      11,
      4.22
    ],
    [
      "Jul-1984",
      11.75,
      4.2
    ],
    [
      "Aug-1984",
      11.75,
      4.29
    ],
    [
      "Sep-1984",
      10,
      4.27
    ],
    [
      "Oct-1984",
      10,
      4.26
    ],
    [
      "Nov-1984",
      9,
      4.05
    ],
    [
      "Dec-1984",
      8.25,
      3.95
    ],
    [
      "Jan-1985",
      8.25,
      3.53
    ],
    [
      "Feb-1985",
      9,
      3.52
    ],
    [
      "Mar-1985",
      8.5,
      3.7
    ],
    [
      "Apr-1985",
      8.25,
      3.69
    ],
    [
      "May-1985",
      7.75,
      3.77
    ],
    [
      "Jun-1985",
      7.75,
      3.76
    ],
    [
      "Jul-1985",
      8,
      3.55
    ],
    [
      "Aug-1985",
      8,
      3.35
    ],
    [
      "Sep-1985",
      8,
      3.14
    ],
    [
      "Oct-1985",
      8,
      3.23
    ],
    [
      "Nov-1985",
      8,
      3.51
    ],
    [
      "Dec-1985",
      7.75,
      3.8
    ],
    [
      "Jan-1986",
      7.75,
      3.89
    ],
    [
      "Feb-1986",
      7.75,
      3.11
    ],
    [
      "Mar-1986",
      7.25,
      2.26
    ],
    [
      "Apr-1986",
      6.75,
      1.59
    ],
    [
      "May-1986",
      6.88,
      1.49
    ],
    [
      "Jun-1986",
      6.88,
      1.77
    ],
    [
      "Jul-1986",
      6.38,
      1.58
    ],
    [
      "Aug-1986",
      5.88,
      1.57
    ],
    [
      "Sep-1986",
      5.88,
      1.75
    ],
    [
      "Oct-1986",
      5.88,
      1.47
    ],
    [
      "Nov-1986",
      5.88,
      1.28
    ],
    [
      "Dec-1986",
      6,
      1.1
    ],
    [
      "Jan-1987",
      6,
      1.46
    ],
    [
      "Feb-1987",
      6,
      2.1
    ],
    [
      "Mar-1987",
      6,
      3.03
    ],
    [
      "Apr-1987",
      6.75,
      3.78
    ],
    [
      "May-1987",
      6.75,
      3.86
    ],
    [
      "Jun-1987",
      6.75,
      3.65
    ],
    [
      "Jul-1987",
      6.75,
      3.93
    ],
    [
      "Aug-1987",
      6.75,
      4.28
    ],
    [
      "Sep-1987",
      7.25,
      4.36
    ],
    [
      "Oct-1987",
      6.88,
      4.53
    ],
    [
      "Nov-1987",
      6.88,
      4.53
    ],
    [
      "Dec-1987",
      6.88,
      4.43
    ],
    [
      "Jan-1988",
      6.5,
      4.05
    ],
    [
      "Feb-1988",
      6.5,
      3.94
    ],
    [
      "Mar-1988",
      7.5,
      3.93
    ],
    [
      "Apr-1988",
      7.5,
      3.9
    ],
    [
      "May-1988",
      7.5,
      3.89
    ],
    [
      "Jun-1988",
      7.5,
      3.96
    ],
    [
      "Jul-1988",
      7.75,
      4.13
    ],
    [
      "Aug-1988",
      8.25,
      4.02
    ],
    [
      "Sep-1988",
      8.25,
      4.17
    ],
    [
      "Oct-1988",
      8.25,
      4.25
    ],
    [
      "Nov-1988",
      8.38,
      4.25
    ],
    [
      "Dec-1988",
      8.75,
      4.42
    ],
    [
      "Jan-1989",
      9.38,
      4.67
    ],
    [
      "Feb-1989",
      9.75,
      4.83
    ],
    [
      "Mar-1989",
      9.75,
      4.98
    ],
    [
      "Apr-1989",
      9.75,
      5.12
    ],
    [
      "May-1989",
      9.75,
      5.36
    ],
    [
      "Jun-1989",
      9.63,
      5.17
    ],
    [
      "Jul-1989",
      8.25,
      4.98
    ],
    [
      "Aug-1989",
      8.25,
      4.71
    ],
    [
      "Sep-1989",
      8.25,
      4.34
    ],
    [
      "Oct-1989",
      8.25,
      4.49
    ],
    [
      "Nov-1989",
      8.25,
      4.66
    ],
    [
      "Dec-1989",
      8.25,
      4.65
    ],
    [
      "Jan-1990",
      8.25,
      5.2
    ],
    [
      "Feb-1990",
      8.25,
      5.26
    ],
    [
      "Mar-1990",
      8.25,
      5.23
    ],
    [
      "Apr-1990",
      8.25,
      4.71
    ],
    [
      "May-1990",
      8.25,
      4.36
    ],
    [
      "Jun-1990",
      8.25,
      4.67
    ],
    [
      "Jul-1990",
      8,
      4.82
    ],
    [
      "Aug-1990",
      8,
      5.62
    ],
    [
      "Sep-1990",
      8,
      6.16
    ],
    [
      "Oct-1990",
      7.75,
      6.29
    ],
    [
      "Nov-1990",
      7.5,
      6.27
    ],
    [
      "Dec-1990",
      7,
      6.11
    ],
    [
      "Jan-1991",
      6.75,
      5.65
    ],
    [
      "Feb-1991",
      6.25,
      5.31
    ],
    [
      "Mar-1991",
      6,
      4.9
    ],
    [
      "Apr-1991",
      5.75,
      4.89
    ],
    [
      "May-1991",
      5.75,
      4.95
    ],
    [
      "Jun-1991",
      5.75,
      4.7
    ],
    [
      "Jul-1991",
      5.75,
      4.45
    ],
    [
      "Aug-1991",
      5.5,
      3.8
    ],
    [
      "Sep-1991",
      5.25,
      3.39
    ],
    [
      "Oct-1991",
      5,
      2.92
    ],
    [
      "Nov-1991",
      4.75,
      2.99
    ],
    [
      "Dec-1991",
      4,
      3.06
    ],
    [
      "Jan-1992",
      4,
      2.6
    ],
    [
      "Feb-1992",
      4,
      2.82
    ],
    [
      "Mar-1992",
      4,
      3.19
    ],
    [
      "Apr-1992",
      3.75,
      3.18
    ],
    [
      "May-1992",
      3.75,
      3.02
    ],
    [
      "Jun-1992",
      3.75,
      3.09
    ],
    [
      "Jul-1992",
      3.25,
      3.16
    ],
    [
      "Aug-1992",
      3.25,
      3.15
    ],
    [
      "Sep-1992",
      3,
      2.99
    ],
    [
      "Oct-1992",
      3,
      3.2
    ],
    [
      "Nov-1992",
      3,
      3.05
    ],
    [
      "Dec-1992",
      3,
      2.9
    ],
    [
      "Jan-1993",
      3,
      3.26
    ],
    [
      "Feb-1993",
      3,
      3.25
    ],
    [
      "Mar-1993",
      3,
      3.09
    ],
    [
      "Apr-1993",
      3,
      3.23
    ],
    [
      "May-1993",
      3,
      3.22
    ],
    [
      "Jun-1993",
      3,
      3
    ],
    [
      "Jul-1993",
      3,
      2.78
    ],
    [
      "Aug-1993",
      3,
      2.77
    ],
    [
      "Sep-1993",
      3,
      2.69
    ],
    [
      "Oct-1993",
      3,
      2.75
    ],
    [
      "Nov-1993",
      3,
      2.68
    ],
    [
      "Dec-1993",
      3,
      2.75
    ],
    [
      "Jan-1994",
      3,
      2.52
    ],
    [
      "Feb-1994",
      3.25,
      2.52
    ],
    [
      "Mar-1994",
      3.5,
      2.51
    ],
    [
      "Apr-1994",
      3.75,
      2.36
    ],
    [
      "May-1994",
      4.25,
      2.29
    ],
    [
      "Jun-1994",
      4.25,
      2.49
    ],
    [
      "Jul-1994",
      4.25,
      2.77
    ],
    [
      "Aug-1994",
      4.75,
      2.9
    ],
    [
      "Sep-1994",
      4.75,
      2.96
    ],
    [
      "Oct-1994",
      4.75,
      2.61
    ],
    [
      "Nov-1994",
      5.5,
      2.67
    ],
    [
      "Dec-1994",
      5.5,
      2.67
    ],
    [
      "Jan-1995",
      5.5,
      2.8
    ],
    [
      "Feb-1995",
      6,
      2.86
    ],
    [
      "Mar-1995",
      6,
      2.85
    ],
    [
      "Apr-1995",
      6,
      3.05
    ],
    [
      "May-1995",
      6,
      3.19
    ],
    [
      "Jun-1995",
      6,
      3.04
    ],
    [
      "Jul-1995",
      5.75,
      2.76
    ],
    [
      "Aug-1995",
      5.75,
      2.62
    ],
    [
      "Sep-1995",
      5.75,
      2.54
    ],
    [
      "Oct-1995",
      5.75,
      2.81
    ],
    [
      "Nov-1995",
      5.75,
      2.61
    ],
    [
      "Dec-1995",
      5.5,
      2.54
    ],
    [
      "Jan-1996",
      5.25,
      2.73
    ],
    [
      "Feb-1996",
      5.25,
      2.65
    ],
    [
      "Mar-1996",
      5.25,
      2.84
    ],
    [
      "Apr-1996",
      5.25,
      2.9
    ],
    [
      "May-1996",
      5.25,
      2.89
    ],
    [
      "Jun-1996",
      5.25,
      2.75
    ],
    [
      "Jul-1996",
      5.25,
      2.95
    ],
    [
      "Aug-1996",
      5.25,
      2.88
    ],
    [
      "Sep-1996",
      5.25,
      3
    ],
    [
      "Oct-1996",
      5.25,
      2.99
    ],
    [
      "Nov-1996",
      5.25,
      3.26
    ],
    [
      "Dec-1996",
      5.25,
      3.32
    ],
    [
      "Jan-1997",
      5.25,
      3.04
    ],
    [
      "Feb-1997",
      5.25,
      3.03
    ],
    [
      "Mar-1997",
      5.5,
      2.76
    ],
    [
      "Apr-1997",
      5.5,
      2.5
    ],
    [
      "May-1997",
      5.5,
      2.23
    ],
    [
      "Jun-1997",
      5.5,
      2.3
    ],
    [
      "Jul-1997",
      5.5,
      2.23
    ],
    [
      "Aug-1997",
      5.5,
      2.23
    ],
    [
      "Sep-1997",
      5.5,
      2.15
    ],
    [
      "Oct-1997",
      5.5,
      2.08
    ],
    [
      "Nov-1997",
      5.5,
      1.83
    ],
    [
      "Dec-1997",
      5.5,
      1.7
    ],
    [
      "Jan-1998",
      5.5,
      1.57
    ],
    [
      "Feb-1998",
      5.5,
      1.44
    ],
    [
      "Mar-1998",
      5.5,
      1.37
    ],
    [
      "Apr-1998",
      5.5,
      1.44
    ],
    [
      "May-1998",
      5.5,
      1.69
    ],
    [
      "Jun-1998",
      5.5,
      1.68
    ],
    [
      "Jul-1998",
      5.5,
      1.68
    ],
    [
      "Aug-1998",
      5.5,
      1.62
    ],
    [
      "Sep-1998",
      5.25,
      1.49
    ],
    [
      "Oct-1998",
      5,
      1.49
    ],
    [
      "Nov-1998",
      4.75,
      1.55
    ],
    [
      "Dec-1998",
      4.75,
      1.61
    ],
    [
      "Jan-1999",
      4.75,
      1.67
    ],
    [
      "Feb-1999",
      4.75,
      1.61
    ],
    [
      "Mar-1999",
      4.75,
      1.73
    ],
    [
      "Apr-1999",
      4.75,
      2.28
    ],
    [
      "May-1999",
      4.75,
      2.09
    ],
    [
      "Jun-1999",
      5,
      1.96
    ],
    [
      "Jul-1999",
      5,
      2.14
    ],
    [
      "Aug-1999",
      5.25,
      2.26
    ],
    [
      "Sep-1999",
      5.25,
      2.63
    ],
    [
      "Oct-1999",
      5.25,
      2.56
    ],
    [
      "Nov-1999",
      5.5,
      2.62
    ],
    [
      "Dec-1999",
      5.5,
      2.68
    ],
    [
      "Jan-2000",
      5.5,
      2.74
    ],
    [
      "Feb-2000",
      5.75,
      3.22
    ],
    [
      "Mar-2000",
      6,
      3.76
    ],
    [
      "Apr-2000",
      6,
      3.07
    ],
    [
      "May-2000",
      6.5,
      3.19
    ],
    [
      "Jun-2000",
      6.5,
      3.73
    ],
    [
      "Jul-2000",
      6.5,
      3.66
    ],
    [
      "Aug-2000",
      6.5,
      3.41
    ],
    [
      "Sep-2000",
      6.5,
      3.45
    ],
    [
      "Oct-2000",
      6.5,
      3.45
    ],
    [
      "Nov-2000",
      6.5,
      3.45
    ],
    [
      "Dec-2000",
      6.5,
      3.39
    ],
    [
      "Jan-2001",
      5.5,
      3.73
    ],
    [
      "Feb-2001",
      5.5,
      3.53
    ],
    [
      "Mar-2001",
      5,
      2.92
    ],
    [
      "Apr-2001",
      4.5,
      3.27
    ],
    [
      "May-2001",
      4,
      3.62
    ],
    [
      "Jun-2001",
      3.75,
      3.25
    ],
    [
      "Jul-2001",
      3.75,
      2.72
    ],
    [
      "Aug-2001",
      3.5,
      2.72
    ],
    [
      "Sep-2001",
      3,
      2.65
    ],
    [
      "Oct-2001",
      2.5,
      2.13
    ],
    [
      "Nov-2001",
      2,
      1.9
    ],
    [
      "Dec-2001",
      1.75,
      1.55
    ],
    [
      "Jan-2002",
      1.75,
      1.14
    ],
    [
      "Feb-2002",
      1.75,
      1.14
    ],
    [
      "Mar-2002",
      1.75,
      1.48
    ],
    [
      "Apr-2002",
      1.75,
      1.64
    ],
    [
      "May-2002",
      1.75,
      1.18
    ],
    [
      "Jun-2002",
      1.75,
      1.07
    ],
    [
      "Jul-2002",
      1.75,
      1.46
    ],
    [
      "Aug-2002",
      1.75,
      1.8
    ],
    [
      "Sep-2002",
      1.75,
      1.51
    ],
    [
      "Oct-2002",
      1.75,
      2.03
    ],
    [
      "Nov-2002",
      1.25,
      2.2
    ],
    [
      "Dec-2002",
      1.25,
      2.38
    ],
    [
      "Jan-2003",
      1.25,
      2.6
    ],
    [
      "Feb-2003",
      1.25,
      2.98
    ],
    [
      "Mar-2003",
      1.25,
      3.02
    ],
    [
      "Apr-2003",
      1.25,
      2.22
    ],
    [
      "May-2003",
      1.25,
      2.06
    ],
    [
      "Jun-2003",
      1,
      2.11
    ],
    [
      "Jul-2003",
      1,
      2.11
    ],
    [
      "Aug-2003",
      1,
      2.16
    ],
    [
      "Sep-2003",
      1,
      2.32
    ],
    [
      "Oct-2003",
      1,
      2.04
    ],
    [
      "Nov-2003",
      1,
      1.77
    ],
    [
      "Dec-2003",
      1,
      1.88
    ],
    [
      "Jan-2004",
      1,
      1.93
    ],
    [
      "Feb-2004",
      1,
      1.69
    ],
    [
      "Mar-2004",
      1,
      1.74
    ],
    [
      "Apr-2004",
      1,
      2.29
    ],
    [
      "May-2004",
      1,
      3.05
    ],
    [
      "Jun-2004",
      1.25,
      3.27
    ],
    [
      "Jul-2004",
      1.25,
      2.99
    ],
    [
      "Aug-2004",
      1.5,
      2.65
    ],
    [
      "Sep-2004",
      1.75,
      2.54
    ],
    [
      "Oct-2004",
      1.75,
      3.19
    ],
    [
      "Nov-2004",
      2,
      3.52
    ],
    [
      "Dec-2004",
      2.25,
      3.26
    ],
    [
      "Jan-2005",
      2.25,
      2.97
    ],
    [
      "Feb-2005",
      2.5,
      3.01
    ],
    [
      "Mar-2005",
      2.75,
      3.15
    ],
    [
      "Apr-2005",
      2.75,
      3.51
    ],
    [
      "May-2005",
      3,
      2.8
    ],
    [
      "Jun-2005",
      3.25,
      2.53
    ],
    [
      "Jul-2005",
      3.25,
      3.17
    ],
    [
      "Aug-2005",
      3.5,
      3.64
    ],
    [
      "Sep-2005",
      3.75,
      4.69
    ],
    [
      "Oct-2005",
      3.75,
      4.35
    ],
    [
      "Nov-2005",
      4,
      3.46
    ],
    [
      "Dec-2005",
      4.25,
      3.42
    ],
    [
      "Jan-2006",
      4.5,
      3.99
    ],
    [
      "Feb-2006",
      4.5,
      3.6
    ],
    [
      "Mar-2006",
      4.75,
      3.36
    ],
    [
      "Apr-2006",
      4.75,
      3.55
    ],
    [
      "May-2006",
      5,
      4.17
    ],
    [
      "Jun-2006",
      5.25,
      4.32
    ],
    [
      "Jul-2006",
      5.25,
      4.15
    ],
    [
      "Aug-2006",
      5.25,
      3.82
    ],
    [
      "Sep-2006",
      5.25,
      2.06
    ],
    [
      "Oct-2006",
      5.25,
      1.31
    ],
    [
      "Nov-2006",
      5.25,
      1.97
    ],
    [
      "Dec-2006",
      5.25,
      2.54
    ],
    [
      "Jan-2007",
      5.25,
      2.08
    ],
    [
      "Feb-2007",
      5.25,
      2.42
    ],
    [
      "Mar-2007",
      5.25,
      2.78
    ],
    [
      "Apr-2007",
      5.25,
      2.57
    ],
    [
      "May-2007",
      5.25,
      2.69
    ],
    [
      "Jun-2007",
      5.25,
      2.69
    ],
    [
      "Jul-2007",
      5.25,
      2.36
    ],
    [
      "Aug-2007",
      5.25,
      1.97
    ],
    [
      "Sep-2007",
      4.75,
      2.76
    ],
    [
      "Oct-2007",
      4.5,
      3.54
    ],
    [
      "Nov-2007",
      4.5,
      4.31
    ],
    [
      "Dec-2007",
      4.25,
      4.08
    ],
    [
      "Jan-2008",
      3,
      4.28
    ],
    [
      "Feb-2008",
      3,
      4.03
    ],
    [
      "Mar-2008",
      2.25,
      3.98
    ],
    [
      "Apr-2008",
      2,
      3.94
    ],
    [
      "May-2008",
      2,
      4.18
    ],
    [
      "Jun-2008",
      2,
      5.02
    ],
    [
      "Jul-2008",
      2,
      5.6
    ],
    [
      "Aug-2008",
      2,
      5.37
    ],
    [
      "Sep-2008",
      2,
      4.94
    ],
    [
      "Oct-2008",
      1,
      3.66
    ],
    [
      "Nov-2008",
      1,
      1.07
    ],
    [
      "Dec-2008",
      0.125,
      0.09
    ],
    [
      "Jan-2009",
      0.125,
      0.03
    ],
    [
      "Feb-2009",
      0.125,
      0.24
    ],
    [
      "Mar-2009",
      0.125,
      -0.38
    ],
    [
      "Apr-2009",
      0.125,
      -0.74
    ],
    [
      "May-2009",
      0.125,
      -1.28
    ],
    [
      "Jun-2009",
      0.125,
      -1.43
    ],
    [
      "Jul-2009",
      0.125,
      -2.1
    ],
    [
      "Aug-2009",
      0.125,
      -1.48
    ],
    [
      "Sep-2009",
      0.125,
      -1.29
    ],
    [
      "Oct-2009",
      0.125,
      -0.18
    ],
    [
      "Nov-2009",
      0.125,
      1.84
    ],
    [
      "Dec-2009",
      0.125,
      2.72
    ],
    [
      "Jan-2010",
      0.125,
      2.63
    ],
    [
      "Feb-2010",
      0.125,
      2.14
    ],
    [
      "Mar-2010",
      0.125,
      2.31
    ],
    [
      "Apr-2010",
      0.125,
      2.24
    ],
    [
      "May-2010",
      0.125,
      2.02
    ],
    [
      "Jun-2010",
      0.125,
      1.05
    ],
    [
      "Jul-2010",
      0.125,
      1.24
    ],
    [
      "Aug-2010",
      0.125,
      1.15
    ],
    [
      "Sep-2010",
      0.125,
      1.14
    ],
    [
      "Oct-2010",
      0.125,
      1.17
    ],
    [
      "Nov-2010",
      0.125,
      1.14
    ],
    [
      "Dec-2010",
      0.125,
      1.5
    ],
    [
      "Jan-2011",
      0.125,
      1.63
    ],
    [
      "Feb-2011",
      0.125,
      2.11
    ],
    [
      "Mar-2011",
      0.125,
      2.68
    ],
    [
      "Apr-2011",
      0.125,
      3.16
    ],
    [
      "May-2011",
      0.125,
      3.57
    ],
    [
      "Jun-2011",
      0.125,
      3.56
    ],
    [
      "Jul-2011",
      0.125,
      3.63
    ],
    [
      "Aug-2011",
      0.125,
      3.77
    ],
    [
      "Sep-2011",
      0.125,
      3.87
    ],
    [
      "Oct-2011",
      0.125,
      3.53
    ]
  ],
  "appSchema": [
    {
      "name": "Time",
      "type": "date",
      "format": "%b-%Y"
    },
    {
      "name": "Interest Rate",
      "type": "number"
    },
    {
      "name": "Inflation Rate",
      "type": "number"
    }
  ]
}