{
  "type": "timeseries",
  "renderAt": "chart-container",
  "width": "100%",
  "height": "500",
  "dataSource": {
    "chart": {
      "exportEnabled": 1,
      "formatNumberScale": 0
    },
    "caption": {
      "text": "Cariaco Basin Sampling"
    },
    "subcaption": {
      "text": "Analysis of O₂ Concentration and Surface Temperature"
    },
    "yaxis": [
      {
        "plot": [
          {
            "value": "O2 concentration",
            "connectnulldata": true
          }
        ],
        "min": "3",
        "max": "6",
        "title": "O₂ Concentration (mg/L)"
      },
      {
        "plot": [
          {
            "value": "Surface Temperature",
            "connectnulldata": true
          }
        ],
        "min": "18",
        "max": "30",
        "title": "Surface Temperature (°C)"
      }
    ]
  },
  "appData": [
    [
      "11/08/1995",
      4.85,
      27.49
    ],
    [
      "12/13/1995",
      4.07,
      25.39
    ],
    [
      "1/12/1996",
      4.66,
      24.48
    ],
    [
      "2/13/1996",
      4.77,
      24.05
    ],
    [
      "3/13/1996",
      5.6,
      22.869
    ],
    [
      "4/16/1996",
      5.47,
      22.999
    ],
    [
      "5/09/1996",
      4.97,
      23.189
    ],
    [
      "6/12/1996",
      4.83,
      25.43
    ],
    [
      "7/10/1996",
      4.53,
      27.67
    ],
    [
      "8/06/1996",
      4.29,
      26.25
    ],
    [
      "9/10/1996",
      4.25,
      29.102
    ],
    [
      "10/09/1996",
      4.45,
      27.536
    ],
    [
      "11/10/1996",
      4.51,
      26.316
    ],
    [
      "12/11/1996",
      4.5,
      26.501
    ],
    [
      "1/07/1997",
      4.98,
      24.19
    ],
    [
      "2/13/1997",
      4.84,
      23.92
    ],
    [
      "3/13/1997",
      5.46,
      22.465
    ],
    [
      "4/15/1997",
      4.94,
      23.227
    ],
    [
      "5/10/1997",
      5,
      24.328
    ],
    [
      "6/17/1997",
      4.66,
      25.225
    ],
    [
      "7/08/1997",
      4.94,
      24.966
    ],
    [
      "8/17/1997",
      5.03,
      24.599
    ],
    [
      "9/17/1997",
      5.55,
      28.71
    ],
    [
      "10/14/1997",
      4.32,
      28.918
    ],
    [
      "11/13/1997",
      4.45,
      26.638
    ],
    [
      "12/17/1997",
      4.75,
      25.287
    ],
    [
      "1/14/1998",
      4.68,
      24.73
    ],
    [
      "2/11/1998",
      4.64,
      25.856
    ],
    [
      "3/12/1998",
      6.19,
      22.727
    ],
    [
      "4/21/1998",
      4.66,
      26.939
    ],
    [
      "6/09/1998",
      4.54,
      27.288
    ],
    [
      "7/09/1998",
      4.52,
      24.797
    ],
    [
      "8/05/1998",
      4.51,
      28.9
    ],
    [
      "9/01/1998",
      4.46,
      28.403
    ],
    [
      "10/14/1998",
      4.53,
      27.443
    ],
    [
      "11/10/1998",
      4.57,
      27.459
    ],
    [
      "12/16/1998",
      4.46,
      27.174
    ],
    [
      "1/12/1999",
      4.84,
      24.857
    ],
    [
      "2/10/1999",
      4.71,
      22.561
    ],
    [
      "3/04/1999",
      4.71,
      24.899
    ],
    [
      "4/07/1999",
      4.64,
      25.847
    ],
    [
      "5/06/1999",
      4.47,
      26.39
    ],
    [
      "6/08/1999",
      4.52,
      26.37
    ],
    [
      "7/15/1999",
      4.85,
      26.648
    ],
    [
      "8/11/1999",
      4.58,
      27.464
    ],
    [
      "9/14/1999",
      4.63,
      29.498
    ],
    [
      "10/05/1999",
      4.88,
      28.374
    ],
    [
      "11/04/1999",
      4.48,
      28.444
    ],
    [
      "12/07/1999",
      4.36,
      28.577
    ],
    [
      "1/11/2000",
      4.64,
      25.283
    ],
    [
      "2/08/2000",
      4.25,
      23.664
    ],
    [
      "3/09/2000",
      "",
      24.904
    ],
    [
      "4/11/2000",
      4.29,
      24.505
    ],
    [
      "5/11/2000",
      4.87,
      23.961
    ],
    [
      "6/06/2000",
      4.58,
      25.463
    ],
    [
      "7/07/2000",
      5.23,
      23.769
    ],
    [
      "8/09/2000",
      4.56,
      28.412
    ],
    [
      "9/12/2000",
      4.59,
      27.706
    ],
    [
      "10/10/2000",
      4.52,
      28.391
    ],
    [
      "11/03/2000",
      4.48,
      28.047
    ],
    [
      "12/05/2000",
      4.59,
      25.44
    ],
    [
      "1/11/2001",
      5.15,
      23.871
    ],
    [
      "2/16/2001",
      5.38,
      22.057
    ],
    [
      "3/14/2001",
      5.35,
      21.819
    ],
    [
      "4/04/2001",
      4.9,
      25.112
    ],
    [
      "5/05/2001",
      4.64,
      25.534
    ],
    [
      "6/12/2001",
      4.56,
      24.933
    ],
    [
      "7/10/2001",
      4.85,
      25.897
    ],
    [
      "8/07/2001",
      4.59,
      28.156
    ],
    [
      "9/12/2001",
      4.73,
      26.868
    ],
    [
      "10/09/2001",
      4.69,
      27.3
    ],
    [
      "11/06/2001",
      4.54,
      28.265
    ],
    [
      "12/11/2001",
      4.47,
      27.321
    ],
    [
      "1/10/2002",
      4.82,
      25.08
    ],
    [
      "2/14/2002",
      5.25,
      23.408
    ],
    [
      "3/12/2002",
      5.12,
      23.027
    ],
    [
      "4/02/2002",
      5.04,
      24.302
    ],
    [
      "5/07/2002",
      4.54,
      26.371
    ],
    [
      "6/12/2002",
      4.69,
      27.044
    ],
    [
      "8/06/2002",
      4.78,
      27.55
    ],
    [
      "10/03/2002",
      4.96,
      28.796
    ],
    [
      "11/07/2002",
      4.7,
      26.609
    ],
    [
      "12/05/2002",
      4.88,
      24.245
    ],
    [
      "1/14/2003",
      4.94,
      24.108
    ],
    [
      "2/11/2003",
      5.56,
      23.905
    ],
    [
      "3/11/2003",
      5.3,
      22.853
    ],
    [
      "4/08/2003",
      4.79,
      25.252
    ],
    [
      "5/13/2003",
      4.77,
      24.46
    ],
    [
      "6/10/2003",
      5.11,
      25.479
    ],
    [
      "7/08/2003",
      4.57,
      25.675
    ],
    [
      "8/04/2003",
      4.72,
      26.879
    ],
    [
      "9/09/2003",
      4.83,
      27.22
    ],
    [
      "11/11/2003",
      4.45,
      29.098
    ],
    [
      "12/09/2003",
      4.88,
      28.019
    ],
    [
      "1/13/2004",
      5.06,
      25.308
    ],
    [
      "2/08/2004",
      5.07,
      24.235
    ],
    [
      "3/08/2004",
      5.33,
      25.471
    ],
    [
      "4/06/2004",
      4.72,
      25.67
    ],
    [
      "5/13/2004",
      4.94,
      ""
    ],
    [
      "6/08/2004",
      4.7,
      26.186
    ],
    [
      "7/07/2004",
      4.75,
      25.732
    ],
    [
      "8/10/2004",
      4.77,
      25.464
    ],
    [
      "10/05/2004",
      4.53,
      29.173
    ],
    [
      "11/09/2004",
      4.5,
      28.757
    ],
    [
      "12/07/2004",
      5.054,
      26.048
    ],
    [
      "1/11/2005",
      5.08,
      25.609
    ],
    [
      "2/10/2005",
      4.79,
      26.557
    ],
    [
      "3/08/2005",
      5.03,
      25.973
    ],
    [
      "4/05/2005",
      4.59,
      23.78
    ],
    [
      "5/10/2005",
      4.63,
      28.189
    ],
    [
      "6/14/2005",
      4.95,
      29.186
    ],
    [
      "7/12/2005",
      4.59,
      ""
    ],
    [
      "8/10/2005",
      4.63,
      26.278
    ],
    [
      "10/05/2005",
      4.54,
      29.125
    ],
    [
      "12/15/2005",
      4.58,
      26.759
    ],
    [
      "1/12/2006",
      4.82,
      24.716
    ],
    [
      "2/07/2006",
      5.19,
      23.678
    ],
    [
      "3/16/2006",
      5.01,
      24.505
    ],
    [
      "4/04/2006",
      5.05,
      23.91
    ],
    [
      "5/10/2006",
      4.76,
      28.012
    ],
    [
      "6/06/2006",
      4.49,
      25.971
    ],
    [
      "7/04/2006",
      4.54,
      26.044
    ],
    [
      "8/03/2006",
      4.67,
      27.431
    ],
    [
      "9/12/2006",
      4.66,
      28.748
    ],
    [
      "10/10/2006",
      4.59,
      26.829
    ],
    [
      "11/02/2006",
      4.49,
      28.716
    ],
    [
      "12/05/2006",
      4.44,
      27.339
    ],
    [
      "2/06/2007",
      4.95,
      23.262
    ],
    [
      "3/06/2007",
      5.17,
      24.596
    ],
    [
      "4/10/2007",
      4.6,
      24.868
    ],
    [
      "5/08/2007",
      4.66,
      26.177
    ],
    [
      "6/05/2007",
      4.56,
      27.946
    ],
    [
      "7/03/2007",
      4.76,
      26.481
    ],
    [
      "8/07/2007",
      4.64,
      28.624
    ],
    [
      "9/04/2007",
      4.61,
      29.041
    ],
    [
      "10/09/2007",
      4.54,
      28.832
    ],
    [
      "12/11/2007",
      4.52,
      27.959
    ],
    [
      "1/10/2008",
      4.48,
      26.485
    ],
    [
      "2/12/2008",
      4.47,
      24.749
    ],
    [
      "3/11/2008",
      4.97,
      23.616
    ],
    [
      "4/08/2008",
      4.9,
      24.237
    ],
    [
      "5/06/2008",
      4.59,
      26.231
    ],
    [
      "6/04/2008",
      4.56,
      27.499
    ],
    [
      "7/08/2008",
      4.62,
      26.151
    ],
    [
      "8/05/2008",
      4.34,
      26.348
    ],
    [
      "9/10/2008",
      4.47,
      29.999
    ],
    [
      "10/10/2008",
      4.41,
      29.987
    ],
    [
      "11/18/2008",
      4.47,
      27.859
    ],
    [
      "12/10/2008",
      4.47,
      26.611
    ],
    [
      "1/13/2009",
      4.58,
      24.985
    ],
    [
      "2/10/2009",
      4.52,
      ""
    ],
    [
      "3/03/2009",
      4.71,
      24.39
    ],
    [
      "4/07/2009",
      4.5,
      ""
    ],
    [
      "5/08/2009",
      4.48,
      24.402
    ],
    [
      "6/02/2009",
      4.59,
      24.869
    ],
    [
      "7/14/2009",
      4.32,
      27.351
    ],
    [
      "8/11/2009",
      4.49,
      27.668
    ],
    [
      "9/15/2009",
      4.67,
      27.657
    ],
    [
      "10/06/2009",
      4.6,
      27.471
    ],
    [
      "11/10/2009",
      4.39,
      28.349
    ],
    [
      "12/08/2009",
      4.61,
      25.767
    ],
    [
      "1/12/2010",
      4.57,
      25.626
    ],
    [
      "2/11/2010",
      5.22,
      23.551
    ],
    [
      "3/09/2010",
      4.6,
      28.15
    ],
    [
      "4/07/2010",
      4.77,
      26.325
    ],
    [
      "5/11/2010",
      4.67,
      25.84
    ],
    [
      "6/08/2010",
      4.48,
      28.647
    ],
    [
      "8/04/2010",
      4.42,
      27.588
    ],
    [
      "9/15/2010",
      4.54,
      30.062
    ],
    [
      "10/04/2010",
      4.31,
      29.592
    ],
    [
      "11/09/2010",
      4.38,
      30.048
    ],
    [
      "12/08/2010",
      4.67,
      28.216
    ],
    [
      "1/11/2011",
      4.88,
      25.809
    ],
    [
      "2/08/2011",
      5.35,
      24.742
    ],
    [
      "3/15/2011",
      4.59,
      25.506
    ],
    [
      "4/12/2011",
      5.06,
      24.663
    ],
    [
      "5/10/2011",
      4.47,
      27.004
    ],
    [
      "6/09/2011",
      4.5,
      29.085
    ],
    [
      "7/07/2011",
      4.43,
      27.243
    ],
    [
      "8/09/2011",
      4.47,
      28.175
    ],
    [
      "9/06/2011",
      4.45,
      29.541
    ],
    [
      "10/04/2011",
      4.43,
      27.971
    ],
    [
      "11/18/2011",
      4.64,
      28.594
    ],
    [
      "1/10/2012",
      4.62,
      25.213
    ],
    [
      "2/07/2012",
      4.89,
      23.021
    ],
    [
      "3/16/2012",
      5.7,
      22.581
    ],
    [
      "4/10/2012",
      4.82,
      24.799
    ],
    [
      "5/15/2012",
      4.61,
      27.182
    ],
    [
      "7/26/2012",
      4.67,
      26.847
    ],
    [
      "8/14/2012",
      4.53,
      28.239
    ],
    [
      "9/10/2012",
      4.47,
      27.837
    ],
    [
      "10/10/2012",
      4.49,
      28.538
    ],
    [
      "11/08/2012",
      4.4,
      28.759
    ],
    [
      "12/04/2012",
      4.4,
      26.816
    ],
    [
      "3/05/2013",
      4.69,
      24.698
    ],
    [
      "4/09/2013",
      4.55,
      24.767
    ],
    [
      "5/09/2013",
      4.28,
      25.422
    ],
    [
      "6/11/2013",
      4.54,
      26.647
    ],
    [
      "7/11/2013",
      4.28,
      27.881
    ],
    [
      "8/13/2013",
      4.39,
      ""
    ],
    [
      "9/11/2013",
      4.48,
      29.359
    ],
    [
      "10/08/2013",
      4.42,
      29.103
    ],
    [
      "11/13/2013",
      4.44,
      27.268
    ],
    [
      "12/04/2013",
      4.53,
      26.727
    ],
    [
      "1/14/2014",
      4.83,
      23.104
    ],
    [
      "2/04/2014",
      4.95,
      22.282
    ],
    [
      "4/01/2014",
      5.49,
      23.25
    ],
    [
      "5/06/2014",
      5.33,
      23.566
    ],
    [
      "6/13/2014",
      4.7,
      25.103
    ],
    [
      "9/03/2014",
      4.52,
      28.015
    ],
    [
      "10/07/2014",
      4.45,
      27.054
    ],
    [
      "11/12/2014",
      4.5,
      27.328
    ],
    [
      "12/04/2014",
      4.65,
      26.277
    ],
    [
      "2/15/2015",
      4.65,
      25.931
    ],
    [
      "3/10/2015",
      4.62,
      23.631
    ],
    [
      "4/24/2015",
      4.86,
      23.4
    ],
    [
      "7/29/2015",
      4.7,
      25.298
    ],
    [
      "8/18/2015",
      4.34,
      25.363
    ],
    [
      "9/10/2015",
      4.44,
      26.631
    ],
    [
      "11/16/2015",
      4.47,
      25.904
    ],
    [
      "12/09/2015",
      "",
      25.668
    ],
    [
      "1/12/2016",
      4.84,
      24.311
    ],
    [
      "2/04/2016",
      4.85,
      24.475
    ],
    [
      "5/11/2016",
      4.48,
      26.409
    ],
    [
      "6/07/2016",
      4.52,
      ""
    ],
    [
      "9/20/2016",
      4.59,
      28.673
    ],
    [
      "12/21/2016",
      4.55,
      26.626
    ]
  ],
  "appSchema": [
    {
      "name": "Date",
      "type": "date",
      "format": "%-m/%d/%Y"
    },
    {
      "name": "O2 concentration",
      "type": "number"
    },
    {
      "name": "Surface Temperature",
      "type": "number"
    }
  ]
}