{
  "type": "msarea",
  "renderAt": "chart-container",
  "width": "100%",
  "height": "100%",
  "dataFormat": "json",
  "dataSource": {
    "chart": {
      "caption": "GDP Growth Rate Comparison",
      "yaxisname": "Quarterly GDP Growth Rate in %",
      "subcaption": "India vs China",
      "drawcrossline": "1",
      "plottooltext": "$seriesName's GDP grew $dataValue in $label",
      "theme": "fusion",
      "exportEnabled": 1,
      "formatNumberScale": 0,
      "showlegend": 1,
      "legendPosition": "bottom",
      "legendAllowDrag": "0",
      "plotHighlightEffect": "fadeout|color=#D5DED9, alpha=50"
    },
    "categories": [
      {
        "category": [
          {
            "label": "April 2016"
          },
          {
            "label": "July 2016"
          },
          {
            "label": "Oct 2016"
          },
          {
            "label": "Jan 2017"
          },
          {
            "label": "April 2017"
          }
        ]
      }
    ],
    "dataset": [
      {
        "seriesname": "India",
        "data": [
          {
            "value": "9.2"
          },
          {
            "value": "7.9"
          },
          {
            "value": "7.5"
          },
          {
            "value": "7"
          },
          {
            "value": "6.1"
          }
        ]
      },
      {
        "seriesname": "China",
        "data": [
          {
            "value": "6.7"
          },
          {
            "value": "6.7"
          },
          {
            "value": "6.7"
          },
          {
            "value": "6.8"
          },
          {
            "value": "6.9"
          }
        ]
      }
    ]
  }
}