{
  "type": "selectscatter",
  "id": "chartId",
  "renderAt": "chart-container",
  "width": "700",
  "height": "500",
  "dataFormat": "json",
  "dataSource": {
    "chart": {
      "caption": "Sales Analysis for Best Buy, CA Region - 2017",
      "subcaption": "Televisions vs Cell Phones",
      "yaxisname": "Quantity Sold",
      "xaxismaxvalue": "1000",
      "xaxisminvalue": "100",
      "showformbtn": "1",
      "formAction": "#",
      "submitdataasxml": "1",
      "theme": "fusion",
      "plotToolText": "<b>$yDataValue</b> of <b>$seriesName</b> were sold @ <b>$xDataValue</b> each",
      "drawCustomLegendIcon": "0",
      "exportEnabled": 1,
      "formatNumberScale": 0,
      "showlegend": 1,
      "legendPosition": "bottom",
      "legendAllowDrag": "0",
      "plotHighlightEffect": "fadeout|color=#D5DED9, alpha=50"
    },
    "categories": [
      {
        "alpha": "40",
        "category": [
          {
            "label": "$100",
            "x": "100"
          },
          {
            "label": "$200",
            "x": "200"
          },
          {
            "label": "$300",
            "x": "300"
          },
          {
            "label": "$400",
            "x": "400"
          },
          {
            "label": "$500",
            "x": "500"
          },
          {
            "label": "$600",
            "x": "600"
          },
          {
            "label": "$700",
            "x": "700"
          },
          {
            "label": "$800",
            "x": "800"
          },
          {
            "label": "$900",
            "x": "900"
          },
          {
            "label": "$1000",
            "x": "1000"
          }
        ]
      }
    ],
    "dataset": [
      {
        "drawline": "0",
        "seriesname": "Television",
        "color": "#5D62B5",
        "anchorbgcolor": "#5D62B5",
        "anchorbordercolor": "#5D62B5",
        "data": [
          {
            "id": "TV_1",
            "y": "559",
            "x": "714"
          },
          {
            "id": "TV_2",
            "y": "293",
            "x": "988"
          },
          {
            "id": "TV_3",
            "y": "231",
            "x": "970"
          },
          {
            "id": "TV_4",
            "y": "528",
            "x": "142"
          },
          {
            "id": "TV_5",
            "y": "95",
            "x": "800"
          },
          {
            "id": "TV_6",
            "y": "515",
            "x": "813"
          },
          {
            "id": "TV_7",
            "y": "444",
            "x": "928"
          },
          {
            "id": "TV_8",
            "y": "592",
            "x": "238"
          },
          {
            "id": "TV_9",
            "y": "229",
            "x": "959"
          },
          {
            "id": "TV_10",
            "y": "238",
            "x": "521"
          },
          {
            "id": "TV_11",
            "y": "285",
            "x": "222"
          },
          {
            "id": "TV_12",
            "y": "524",
            "x": "863"
          },
          {
            "id": "TV_13",
            "y": "422",
            "x": "820"
          },
          {
            "id": "TV_14",
            "y": "344",
            "x": "894"
          },
          {
            "id": "TV_15",
            "y": "510",
            "x": "800"
          },
          {
            "id": "TV_16",
            "y": "132",
            "x": "785"
          },
          {
            "id": "TV_17",
            "y": "381",
            "x": "214"
          },
          {
            "id": "TV_18",
            "y": "210",
            "x": "961"
          },
          {
            "id": "TV_19",
            "y": "496",
            "x": "575"
          },
          {
            "id": "TV_20",
            "y": "330",
            "x": "847"
          },
          {
            "id": "TV_21",
            "y": "436",
            "x": "893"
          },
          {
            "id": "TV_22",
            "y": "406",
            "x": "157"
          },
          {
            "id": "TV_23",
            "y": "125",
            "x": "349"
          },
          {
            "id": "TV_24",
            "y": "450",
            "x": "818"
          },
          {
            "id": "TV_25",
            "y": "455",
            "x": "615"
          },
          {
            "id": "TV_26",
            "y": "328",
            "x": "256"
          },
          {
            "id": "TV_27",
            "y": "188",
            "x": "460"
          },
          {
            "id": "TV_28",
            "y": "565",
            "x": "350"
          },
          {
            "id": "TV_29",
            "y": "149",
            "x": "582"
          },
          {
            "id": "TV_30",
            "y": "425",
            "x": "970"
          }
        ]
      },
      {
        "seriesname": "Cell Phone",
        "color": "#29C3BE",
        "anchorbgcolor": "#29C3BE",
        "anchorbordercolor": "#29C3BE",
        "data": [
          {
            "id": "Mob_1",
            "y": "335",
            "x": "156"
          },
          {
            "id": "Mob_2",
            "y": "339",
            "x": "927"
          },
          {
            "id": "Mob_3",
            "y": "328",
            "x": "847"
          },
          {
            "id": "Mob_4",
            "y": "1",
            "x": "177"
          },
          {
            "id": "Mob_5",
            "y": "246",
            "x": "175"
          },
          {
            "id": "Mob_6",
            "y": "368",
            "x": "441"
          },
          {
            "id": "Mob_7",
            "y": "146",
            "x": "200"
          },
          {
            "id": "Mob_8",
            "y": "347",
            "x": "482"
          },
          {
            "id": "Mob_9",
            "y": "1",
            "x": "463"
          },
          {
            "id": "Mob_10",
            "y": "63",
            "x": "440"
          },
          {
            "id": "Mob_11",
            "y": "77",
            "x": "211"
          },
          {
            "id": "Mob_12",
            "y": "108",
            "x": "824"
          },
          {
            "id": "Mob_13",
            "y": "44",
            "x": "850"
          },
          {
            "id": "Mob_14",
            "y": "77",
            "x": "712"
          },
          {
            "id": "Mob_15",
            "y": "15",
            "x": "199"
          },
          {
            "id": "Mob_16",
            "y": "333",
            "x": "836"
          },
          {
            "id": "Mob_17",
            "y": "31",
            "x": "482"
          },
          {
            "id": "Mob_18",
            "y": "90",
            "x": "604"
          },
          {
            "id": "Mob_19",
            "y": "294",
            "x": "716"
          },
          {
            "id": "Mob_20",
            "y": "241",
            "x": "870"
          },
          {
            "id": "Mob_21",
            "y": "258",
            "x": "421"
          },
          {
            "id": "Mob_22",
            "y": "186",
            "x": "456"
          },
          {
            "id": "Mob_23",
            "y": "255",
            "x": "327"
          },
          {
            "id": "Mob_24",
            "y": "203",
            "x": "995"
          },
          {
            "id": "Mob_25",
            "y": "35",
            "x": "792"
          }
        ]
      }
    ]
  }
}