{
  "type": "overlappedcolumn2d",
  "renderAt": "chart-container",
  "width": "100%",
  "height": "100%",
  "dataFormat": "json",
  "dataSource": {
    "chart": {
      "caption": "Sales Targets vs Achieved",
      "subcaption": "Bilbus",
      "yaxisname": "Revenue (In USD)",
      "drawcrossline": "1",
      "theme": "fusion",
      "showvalues": "0",
      "exportEnabled": 1,
      "formatNumberScale": 0,
      "showlegend": 1,
      "legendPosition": "bottom",
      "legendAllowDrag": "0",
      "plotHighlightEffect": "fadeout|color=#D5DED9, alpha=50"
    },
    "categories": [
      {
        "category": [
          {
            "label": "Oliver"
          },
          {
            "label": "Andy"
          },
          {
            "label": "Peter"
          },
          {
            "label": "Natasha"
          },
          {
            "label": "Robert"
          },
          {
            "label": "Bruce"
          },
          {
            "label": "Wanda"
          }
        ]
      }
    ],
    "dataset": [
      {
        "seriesname": "Target",
        "data": [
          {
            "value": "250000"
          },
          {
            "value": "200000"
          },
          {
            "value": "300000"
          },
          {
            "value": "200000"
          },
          {
            "value": "270000"
          },
          {
            "value": "350000"
          },
          {
            "value": "200000"
          }
        ]
      },
      {
        "seriesname": "Achieved",
        "data": [
          {
            "value": "260000"
          },
          {
            "value": "180000"
          },
          {
            "value": "290000"
          },
          {
            "value": "195000"
          },
          {
            "value": "300000"
          },
          {
            "value": "380000"
          },
          {
            "value": "210000"
          }
        ]
      }
    ]
  }
}