{
  "type": "marimekko",
  "renderAt": "chart-container",
  "width": "100%",
  "height": "100%",
  "dataFormat": "json",
  "dataSource": {
    "chart": {
      "caption": "Processing of Municipal Waste in Select Countries",
      "subcaption": "For the year 2015",
      "showsum": "0",
      "usepercentdistribution": "1",
      "showxaxispercentvalues": "0",
      "stack100Percent": "1",
      "theme": "fusion",
      "drawcrossline": "0",
      "showvalues": "0",
      "exportEnabled": 1,
      "formatNumberScale": 0,
      "showlegend": 1,
      "legendPosition": "bottom",
      "legendAllowDrag": "0",
      "plotHighlightEffect": "fadeout|color=#D5DED9, alpha=50"
    },
    "categories": [
      {
        "category": [
          {
            "label": "Germany",
            "widthpercent": "20"
          },
          {
            "label": "UK",
            "widthpercent": "10"
          },
          {
            "label": "Australia",
            "widthpercent": "5"
          },
          {
            "label": "France",
            "widthpercent": "10"
          },
          {
            "label": "USA",
            "widthpercent": "35"
          },
          {
            "label": "Japan",
            "widthpercent": "10"
          },
          {
            "label": "Mexico",
            "widthpercent": "10"
          }
        ]
      }
    ],
    "dataset": [
      {
        "seriesname": "Recycling & composting",
        "color": "#149868",
        "data": [
          {
            "value": "65"
          },
          {
            "value": "43"
          },
          {
            "value": "41"
          },
          {
            "value": "38"
          },
          {
            "value": "35"
          },
          {
            "value": "19"
          },
          {
            "value": "4"
          }
        ]
      },
      {
        "seriesname": "Inceneration with energy recovery",
        "color": "#E7BC4F",
        "data": [
          {
            "value": "22"
          },
          {
            "value": "23"
          },
          {
            "value": "6"
          },
          {
            "value": "33"
          },
          {
            "value": "9"
          },
          {
            "value": "71"
          },
          {
            "value": "6"
          }
        ]
      },
      {
        "seriesname": "Inceneration without energy recovery",
        "color": "#CE9B1C",
        "showvalues": "0",
        "data": [
          {
            "value": "13"
          },
          {
            "value": "0"
          },
          {
            "value": "0"
          },
          {
            "value": "0"
          },
          {
            "value": "6"
          },
          {
            "value": "0"
          }
        ]
      },
      {
        "seriesname": "Landfill",
        "color": "#D9D9D9",
        "data": [
          {
            "value": "0",
            "showvalue": "0"
          },
          {
            "value": "34"
          },
          {
            "value": "53"
          },
          {
            "value": "29"
          },
          {
            "value": "50"
          },
          {
            "value": "10"
          },
          {
            "value": "90"
          }
        ]
      }
    ]
  }
}