{
  "type": "mscombidy2d",
  "renderAt": "chart-container",
  "width": "100%",
  "height": "100%",
  "dataFormat": "json",
  "dataSource": {
    "chart": {
      "caption": "Combination - Single Y-axis Line&Column&Area Chart",
      "subCaption": "SAMPLE",
      "xAxisname": "Month",
      "pYAxisName": "Amount (In USD)",
      "sYAxisName": "Profit %",
      "sYAxisMaxValue": "50",
      "exportEnabled": 1,
      "areaOverColumns": 1,
      "drawAnchors": 1,
      "formatNumberScale": 0,
      "showlegend": 1,
      "legendPosition": "bottom",
      "legendAllowDrag": "0",
      "plotHighlightEffect": "fadeout|color=#D5DED9, alpha=50",
      "theme": "fusion"
    },
    "categories": [
      {
        "category": [
          {
            "label": "Jan"
          },
          {
            "label": "Feb"
          },
          {
            "label": "Mar"
          },
          {
            "label": "Apr"
          },
          {
            "label": "May"
          },
          {
            "label": "Jun"
          },
          {
            "label": "Jul"
          },
          {
            "label": "Aug"
          },
          {
            "label": "Sep"
          },
          {
            "label": "Oct"
          },
          {
            "label": "Nov"
          },
          {
            "label": "Dec"
          }
        ]
      }
    ],
    "dataset": [
      {
        "seriesName": "Revenues",
        "data": [
          {
            "value": "16000"
          },
          {
            "value": "20000"
          },
          {
            "value": "18000"
          },
          {
            "value": "19000"
          },
          {
            "value": "15000"
          },
          {
            "value": "21000"
          },
          {
            "value": "16000"
          },
          {
            "value": "20000"
          },
          {
            "value": "17000"
          },
          {
            "value": "22000"
          },
          {
            "value": "19000"
          },
          {
            "value": "23000"
          }
        ]
      },
      {
        "seriesName": "Profits",
        "renderAs": "area",
        "showValues": "0",
        "data": [
          {
            "value": "4000"
          },
          {
            "value": "5000"
          },
          {
            "value": "3000"
          },
          {
            "value": "4000"
          },
          {
            "value": "1000"
          },
          {
            "value": "7000"
          },
          {
            "value": "1000"
          },
          {
            "value": "4000"
          },
          {
            "value": "1000"
          },
          {
            "value": "8000"
          },
          {
            "value": "2000"
          },
          {
            "value": "7000"
          }
        ]
      },
      {
        "seriesName": "Profit %",
        "parentYAxis": "S",
        "renderAs": "line",
        "showValues": "0",
        "data": [
          {
            "value": "25"
          },
          {
            "value": "25"
          },
          {
            "value": "16.66"
          },
          {
            "value": "21.05"
          },
          {
            "value": "6.66"
          },
          {
            "value": "33.33"
          },
          {
            "value": "6.25"
          },
          {
            "value": "25"
          },
          {
            "value": "5.88"
          },
          {
            "value": "36.36"
          },
          {
            "value": "10.52"
          },
          {
            "value": "30.43"
          }
        ]
      }
    ]
  }
}