{
  "type": "timeseries",
  "renderAt": "chart-container",
  "width": "100%",
  "height": "500",
  "dataSource": {
    "chart": {
      "exportEnabled": 1,
      "formatNumberScale": 0
    },
    "caption": {
      "text": "Rainfall comparison of Assam & Tripura"
    },
    "subcaption": {
      "text": "From January 1955 - December 2015"
    },
    "yaxis": [
      {
        "plot": [
          {
            "value": "Assam",
            "type": "area",
            "connectnulldata": true,
            "style": {
              "plot": {
                "fill-opacity": "0.75"
              }
            }
          },
          {
            "value": "Tripura",
            "type": "area",
            "connectnulldata": true,
            "style": {
              "plot": {
                "fill-opacity": "0.75"
              }
            }
          }
        ],
        "title": "Rainfall (in mm)"
      }
    ]
  },
  "appData": [
    [
      "1955 Jan",
      9.2,
      6.2
    ],
    [
      "1955 Feb",
      9.5,
      5.7
    ],
    [
      "1955 Mar",
      143.5,
      161.3
    ],
    [
      "1955 Apr",
      210.2,
      213.6
    ],
    [
      "1955 May",
      328.8,
      280.6
    ],
    [
      "1955 Jun",
      546.5,
      461.4
    ],
    [
      "1955 Jul",
      567,
      559.2
    ],
    [
      "1955 Aug",
      415.8,
      514.7
    ],
    [
      "1955 Sep",
      283.3,
      253.8
    ],
    [
      "1955 Oct",
      149.3,
      183.5
    ],
    [
      "1955 Nov",
      89.6,
      220.2
    ],
    [
      "1955 Dec",
      8.5,
      5.1
    ],
    [
      "1956 Jan",
      29.8,
      18.3
    ],
    [
      "1956 Feb",
      3.2,
      1.3
    ],
    [
      "1956 Mar",
      121.7,
      102.2
    ],
    [
      "1956 Apr",
      204.8,
      115.5
    ],
    [
      "1956 May",
      533.5,
      474
    ],
    [
      "1956 Jun",
      712.4,
      758.9
    ],
    [
      "1956 Jul",
      440.3,
      529.8
    ],
    [
      "1956 Aug",
      382.1,
      469.6
    ],
    [
      "1956 Sep",
      171.9,
      257.5
    ],
    [
      "1956 Oct",
      149.3,
      187.1
    ],
    [
      "1956 Nov",
      44.3,
      101.1
    ],
    [
      "1956 Dec",
      9.6,
      7.4
    ],
    [
      "1957 Jan",
      66.9,
      59.1
    ],
    [
      "1957 Feb",
      33.5,
      60.6
    ],
    [
      "1957 Mar",
      20.1,
      10.2
    ],
    [
      "1957 Apr",
      136,
      104.8
    ],
    [
      "1957 May",
      449.2,
      300.1
    ],
    [
      "1957 Jun",
      446,
      409.1
    ],
    [
      "1957 Jul",
      407.2,
      425.7
    ],
    [
      "1957 Aug",
      366.6,
      429.1
    ],
    [
      "1957 Sep",
      208.7,
      354.4
    ],
    [
      "1957 Oct",
      99.9,
      148.3
    ],
    [
      "1957 Nov",
      12.2,
      0.8
    ],
    [
      "1957 Dec",
      10.7,
      1.7
    ],
    [
      "1958 Jan",
      18.8,
      6.2
    ],
    [
      "1958 Feb",
      44.2,
      87.2
    ],
    [
      "1958 Mar",
      10.3,
      18.3
    ],
    [
      "1958 Apr",
      192.4,
      93.7
    ],
    [
      "1958 May",
      545.2,
      400.6
    ],
    [
      "1958 Jun",
      393.2,
      256.4
    ],
    [
      "1958 Jul",
      361.1,
      308.3
    ],
    [
      "1958 Aug",
      546.9,
      254.8
    ],
    [
      "1958 Sep",
      278.7,
      299.5
    ],
    [
      "1958 Oct",
      212.4,
      238.5
    ],
    [
      "1958 Nov",
      4.6,
      2.3
    ],
    [
      "1958 Dec",
      18.7,
      2.7
    ],
    [
      "1959 Jan",
      30.8,
      39.9
    ],
    [
      "1959 Feb",
      45.6,
      77.7
    ],
    [
      "1959 Mar",
      109.9,
      148
    ],
    [
      "1959 Apr",
      144.1,
      74
    ],
    [
      "1959 May",
      470.6,
      260
    ],
    [
      "1959 Jun",
      517.6,
      378.5
    ],
    [
      "1959 Jul",
      364.2,
      396.3
    ],
    [
      "1959 Aug",
      255.9,
      357.3
    ],
    [
      "1959 Sep",
      286.8,
      239.1
    ],
    [
      "1959 Oct",
      301.7,
      352.8
    ],
    [
      "1959 Nov",
      8.3,
      0.1
    ],
    [
      "1959 Dec",
      0.2,
      3.9
    ],
    [
      "1960 Jan",
      0.1,
      0
    ],
    [
      "1960 Feb",
      11.1,
      6.1
    ],
    [
      "1960 Mar",
      38.7,
      24.9
    ],
    [
      "1960 Apr",
      45.9,
      34.2
    ],
    [
      "1960 May",
      315.2,
      193.8
    ],
    [
      "1960 Jun",
      454.8,
      406.4
    ],
    [
      "1960 Jul",
      553.7,
      374.9
    ],
    [
      "1960 Aug",
      349.2,
      286.6
    ],
    [
      "1960 Sep",
      479.4,
      255.6
    ],
    [
      "1960 Oct",
      60.9,
      165.9
    ],
    [
      "1960 Nov",
      29.3,
      51.3
    ],
    [
      "1960 Dec",
      3.9,
      0.3
    ],
    [
      "1961 Jan",
      11.5,
      9.5
    ],
    [
      "1961 Feb",
      19.7,
      37.5
    ],
    [
      "1961 Mar",
      253.8,
      193.3
    ],
    [
      "1961 Apr",
      123,
      76.9
    ],
    [
      "1961 May",
      355.8,
      212.1
    ],
    [
      "1961 Jun",
      335.4,
      332.5
    ],
    [
      "1961 Jul",
      352.9,
      316.5
    ],
    [
      "1961 Aug",
      347.4,
      342.8
    ],
    [
      "1961 Sep",
      226.1,
      258.8
    ],
    [
      "1961 Oct",
      128.1,
      96.1
    ],
    [
      "1961 Nov",
      34.8,
      24.4
    ],
    [
      "1961 Dec",
      6.9,
      0.8
    ],
    [
      "1962 Jan",
      24.9,
      11.2
    ],
    [
      "1962 Feb",
      27.6,
      26.6
    ],
    [
      "1962 Mar",
      17.3,
      5.4
    ],
    [
      "1962 Apr",
      134.7,
      139.8
    ],
    [
      "1962 May",
      369,
      156.6
    ],
    [
      "1962 Jun",
      601.4,
      554.6
    ],
    [
      "1962 Jul",
      338.8,
      298.8
    ],
    [
      "1962 Aug",
      509.8,
      356.6
    ],
    [
      "1962 Sep",
      137.4,
      142.5
    ],
    [
      "1962 Oct",
      118.2,
      130.4
    ],
    [
      "1962 Nov",
      11.1,
      0
    ],
    [
      "1962 Dec",
      5.8,
      0
    ],
    [
      "1963 Jan",
      3.3,
      0
    ],
    [
      "1963 Feb",
      7.9,
      4.6
    ],
    [
      "1963 Mar",
      51.1,
      50.7
    ],
    [
      "1963 Apr",
      183.3,
      179.3
    ],
    [
      "1963 May",
      288.4,
      278.5
    ],
    [
      "1963 Jun",
      596,
      687.9
    ],
    [
      "1963 Jul",
      557.3,
      510.3
    ],
    [
      "1963 Aug",
      432,
      383
    ],
    [
      "1963 Sep",
      211.7,
      494.6
    ],
    [
      "1963 Oct",
      144.1,
      373.4
    ],
    [
      "1963 Nov",
      29.4,
      6.5
    ],
    [
      "1963 Dec",
      7.2,
      1.2
    ],
    [
      "1964 Jan",
      9.6,
      4
    ],
    [
      "1964 Feb",
      22.6,
      37.1
    ],
    [
      "1964 Mar",
      80.7,
      67.9
    ],
    [
      "1964 Apr",
      268.3,
      280.6
    ],
    [
      "1964 May",
      297.4,
      303.2
    ],
    [
      "1964 Jun",
      557.9,
      357.8
    ],
    [
      "1964 Jul",
      600.3,
      484.4
    ],
    [
      "1964 Aug",
      340.4,
      242
    ],
    [
      "1964 Sep",
      326.3,
      213.3
    ],
    [
      "1964 Oct",
      205.1,
      284.7
    ],
    [
      "1964 Nov",
      8.3,
      46.3
    ],
    [
      "1964 Dec",
      12.8,
      7.5
    ],
    [
      "1965 Jan",
      5.1,
      1.9
    ],
    [
      "1965 Feb",
      73.6,
      61.5
    ],
    [
      "1965 Mar",
      52.5,
      35.9
    ],
    [
      "1965 Apr",
      158.2,
      59.4
    ],
    [
      "1965 May",
      327.1,
      169.5
    ],
    [
      "1965 Jun",
      501,
      520.5
    ],
    [
      "1965 Jul",
      399.6,
      373.4
    ],
    [
      "1965 Aug",
      422.1,
      323
    ],
    [
      "1965 Sep",
      304,
      262.2
    ],
    [
      "1965 Oct",
      82.4,
      164.1
    ],
    [
      "1965 Nov",
      60.8,
      22.6
    ],
    [
      "1965 Dec",
      12.5,
      37
    ],
    [
      "1966 Jan",
      20,
      15
    ],
    [
      "1966 Feb",
      23.6,
      2.7
    ],
    [
      "1966 Mar",
      36.1,
      39.8
    ],
    [
      "1966 Apr",
      164.3,
      85.3
    ],
    [
      "1966 May",
      323.7,
      190.3
    ],
    [
      "1966 Jun",
      780.5,
      666.8
    ],
    [
      "1966 Jul",
      507.1,
      399.3
    ],
    [
      "1966 Aug",
      518.2,
      405
    ],
    [
      "1966 Sep",
      248.1,
      361.5
    ],
    [
      "1966 Oct",
      124.5,
      207
    ],
    [
      "1966 Nov",
      31.8,
      40.9
    ],
    [
      "1966 Dec",
      11.4,
      65.1
    ],
    [
      "1967 Jan",
      11.4,
      51.5
    ],
    [
      "1967 Feb",
      37.3,
      33.6
    ],
    [
      "1967 Mar",
      105.9,
      129.5
    ],
    [
      "1967 Apr",
      112,
      195.8
    ],
    [
      "1967 May",
      287.5,
      247.8
    ],
    [
      "1967 Jun",
      395.7,
      311.7
    ],
    [
      "1967 Jul",
      497.7,
      388
    ],
    [
      "1967 Aug",
      258.9,
      334
    ],
    [
      "1967 Sep",
      300.6,
      341.3
    ],
    [
      "1967 Oct",
      97.6,
      184.8
    ],
    [
      "1967 Nov",
      14.5,
      10.9
    ],
    [
      "1967 Dec",
      4.2,
      1.1
    ],
    [
      "1968 Jan",
      22.9,
      17.3
    ],
    [
      "1968 Feb",
      19.8,
      20.9
    ],
    [
      "1968 Mar",
      78.2,
      80.9
    ],
    [
      "1968 Apr",
      170.8,
      142.2
    ],
    [
      "1968 May",
      432.3,
      253.8
    ],
    [
      "1968 Jun",
      595,
      396.1
    ],
    [
      "1968 Jul",
      494.1,
      531.9
    ],
    [
      "1968 Aug",
      346,
      391
    ],
    [
      "1968 Sep",
      231.7,
      178.3
    ],
    [
      "1968 Oct",
      113.8,
      68.9
    ],
    [
      "1968 Nov",
      23.9,
      28.7
    ],
    [
      "1968 Dec",
      2.3,
      0
    ],
    [
      "1969 Jan",
      27.4,
      20.1
    ],
    [
      "1969 Feb",
      1.8,
      2.4
    ],
    [
      "1969 Mar",
      99.7,
      124.6
    ],
    [
      "1969 Apr",
      178.7,
      189.8
    ],
    [
      "1969 May",
      254.1,
      73.5
    ],
    [
      "1969 Jun",
      567.2,
      606.6
    ],
    [
      "1969 Jul",
      461.1,
      868.3
    ],
    [
      "1969 Aug",
      446.7,
      1347.2
    ],
    [
      "1969 Sep",
      185.4,
      228.1
    ],
    [
      "1969 Oct",
      80.9,
      126.3
    ],
    [
      "1969 Nov",
      27.5,
      23.2
    ],
    [
      "1969 Dec",
      1.8,
      0
    ],
    [
      "1970 Jan",
      47,
      45.8
    ],
    [
      "1970 Feb",
      35.8,
      306.3
    ],
    [
      "1970 Mar",
      89.7,
      103.6
    ],
    [
      "1970 Apr",
      204.8,
      160.1
    ],
    [
      "1970 May",
      493.4,
      315.9
    ],
    [
      "1970 Jun",
      658.3,
      541.7
    ],
    [
      "1970 Jul",
      475.3,
      976.7
    ],
    [
      "1970 Aug",
      389.2,
      836.7
    ],
    [
      "1970 Sep",
      390.7,
      486.2
    ],
    [
      "1970 Oct",
      246.4,
      425.6
    ],
    [
      "1970 Nov",
      17.8,
      116.7
    ],
    [
      "1970 Dec",
      0.1,
      1
    ],
    [
      "1971 Jan",
      36.9,
      28.4
    ],
    [
      "1971 Feb",
      18.4,
      67.6
    ],
    [
      "1971 Mar",
      37.6,
      12.4
    ],
    [
      "1971 Apr",
      142.9,
      312.6
    ],
    [
      "1971 May",
      236.3,
      248
    ],
    [
      "1971 Jun",
      437.1,
      543.2
    ],
    [
      "1971 Jul",
      407.9,
      624
    ],
    [
      "1971 Aug",
      474.8,
      553.1
    ],
    [
      "1971 Sep",
      231.6,
      421.2
    ],
    [
      "1971 Oct",
      199.5,
      171.3
    ],
    [
      "1971 Nov",
      80,
      94.6
    ],
    [
      "1971 Dec",
      12.1,
      4.5
    ],
    [
      "1972 Jan",
      18,
      4.5
    ],
    [
      "1972 Feb",
      39.6,
      46.3
    ],
    [
      "1972 Mar",
      99.3,
      32.8
    ],
    [
      "1972 Apr",
      260.3,
      145
    ],
    [
      "1972 May",
      339.3,
      169.1
    ],
    [
      "1972 Jun",
      576.2,
      235.6
    ],
    [
      "1972 Jul",
      441,
      262.7
    ],
    [
      "1972 Aug",
      271,
      270.8
    ],
    [
      "1972 Sep",
      227.1,
      129.6
    ],
    [
      "1972 Oct",
      99.1,
      45
    ],
    [
      "1972 Nov",
      2.9,
      12.5
    ],
    [
      "1972 Dec",
      5.3,
      0
    ],
    [
      "1973 Jan",
      9.8,
      16.8
    ],
    [
      "1973 Feb",
      82.8,
      46
    ],
    [
      "1973 Mar",
      28.9,
      29.3
    ],
    [
      "1973 Apr",
      252.1,
      135.3
    ],
    [
      "1973 May",
      324.5,
      329
    ],
    [
      "1973 Jun",
      634.4,
      367.2
    ],
    [
      "1973 Jul",
      364.6,
      260
    ],
    [
      "1973 Aug",
      395,
      323.9
    ],
    [
      "1973 Sep",
      348.6,
      232.7
    ],
    [
      "1973 Oct",
      128.7,
      159.7
    ],
    [
      "1973 Nov",
      67.4,
      162.6
    ],
    [
      "1973 Dec",
      35.3,
      43.6
    ],
    [
      "1974 Jan",
      31.6,
      8.9
    ],
    [
      "1974 Feb",
      11.4,
      2.4
    ],
    [
      "1974 Mar",
      78.7,
      98.7
    ],
    [
      "1974 Apr",
      255.8,
      160.7
    ],
    [
      "1974 May",
      369.4,
      218.8
    ],
    [
      "1974 Jun",
      627,
      438.1
    ],
    [
      "1974 Jul",
      789.3,
      517.3
    ],
    [
      "1974 Aug",
      510.9,
      361.5
    ],
    [
      "1974 Sep",
      429.1,
      273.4
    ],
    [
      "1974 Oct",
      271,
      167.8
    ],
    [
      "1974 Nov",
      27.1,
      81.8
    ],
    [
      "1974 Dec",
      2.3,
      0.2
    ],
    [
      "1975 Jan",
      10,
      1.2
    ],
    [
      "1975 Feb",
      22.3,
      24.5
    ],
    [
      "1975 Mar",
      18.8,
      17.5
    ],
    [
      "1975 Apr",
      227.9,
      164.2
    ],
    [
      "1975 May",
      321.2,
      243.7
    ],
    [
      "1975 Jun",
      337.6,
      348.8
    ],
    [
      "1975 Jul",
      522.4,
      526.6
    ],
    [
      "1975 Aug",
      314.8,
      252.9
    ],
    [
      "1975 Sep",
      299.1,
      278.9
    ],
    [
      "1975 Oct",
      172.7,
      205.1
    ],
    [
      "1975 Nov",
      18,
      146.1
    ],
    [
      "1975 Dec",
      5.8,
      0.3
    ],
    [
      "1976 Jan",
      5.7,
      3.3
    ],
    [
      "1976 Feb",
      36.3,
      51.3
    ],
    [
      "1976 Mar",
      92.6,
      113.7
    ],
    [
      "1976 Apr",
      139.4,
      187.8
    ],
    [
      "1976 May",
      179.5,
      287.1
    ],
    [
      "1976 Jun",
      509.7,
      861.1
    ],
    [
      "1976 Jul",
      390.5,
      507.8
    ],
    [
      "1976 Aug",
      358.5,
      365
    ],
    [
      "1976 Sep",
      149.1,
      175.1
    ],
    [
      "1976 Oct",
      67.3,
      64.8
    ],
    [
      "1976 Nov",
      24.3,
      34.2
    ],
    [
      "1976 Dec",
      3.1,
      0.1
    ],
    [
      "1977 Jan",
      9.1,
      14.2
    ],
    [
      "1977 Feb",
      16.2,
      34.9
    ],
    [
      "1977 Mar",
      74.4,
      27.7
    ],
    [
      "1977 Apr",
      375.1,
      383.8
    ],
    [
      "1977 May",
      391.6,
      303.7
    ],
    [
      "1977 Jun",
      405,
      452
    ],
    [
      "1977 Jul",
      461.3,
      389.1
    ],
    [
      "1977 Aug",
      461.9,
      355.8
    ],
    [
      "1977 Sep",
      176.9,
      193
    ],
    [
      "1977 Oct",
      175.7,
      149.6
    ],
    [
      "1977 Nov",
      47.7,
      38.2
    ],
    [
      "1977 Dec",
      21.8,
      16.6
    ],
    [
      "1978 Jan",
      5,
      0.7
    ],
    [
      "1978 Feb",
      8.2,
      4
    ],
    [
      "1978 Mar",
      44.3,
      51.6
    ],
    [
      "1978 Apr",
      100.9,
      147.5
    ],
    [
      "1978 May",
      253.7,
      449.4
    ],
    [
      "1978 Jun",
      506.6,
      496.7
    ],
    [
      "1978 Jul",
      444,
      357.8
    ],
    [
      "1978 Aug",
      255.8,
      277
    ],
    [
      "1978 Sep",
      271.8,
      273.9
    ],
    [
      "1978 Oct",
      65,
      70.4
    ],
    [
      "1978 Nov",
      55.9,
      21.6
    ],
    [
      "1978 Dec",
      0.6,
      0
    ],
    [
      "1979 Jan",
      3.3,
      1.3
    ],
    [
      "1979 Feb",
      8.7,
      8.3
    ],
    [
      "1979 Mar",
      38.2,
      72.9
    ],
    [
      "1979 Apr",
      93.8,
      55.4
    ],
    [
      "1979 May",
      225.6,
      158.8
    ],
    [
      "1979 Jun",
      307.8,
      361.8
    ],
    [
      "1979 Jul",
      640.1,
      370
    ],
    [
      "1979 Aug",
      252.4,
      309.7
    ],
    [
      "1979 Sep",
      342.3,
      272.9
    ],
    [
      "1979 Oct",
      216.6,
      57.9
    ],
    [
      "1979 Nov",
      23.4,
      47.1
    ],
    [
      "1979 Dec",
      36.2,
      33.1
    ],
    [
      "1980 Jan",
      13.1,
      7.2
    ],
    [
      "1980 Feb",
      36.3,
      42.4
    ],
    [
      "1980 Mar",
      96.9,
      101.6
    ],
    [
      "1980 Apr",
      173.2,
      145.7
    ],
    [
      "1980 May",
      289.4,
      461.5
    ],
    [
      "1980 Jun",
      389.5,
      373.3
    ],
    [
      "1980 Jul",
      460,
      327.4
    ],
    [
      "1980 Aug",
      417.8,
      312.1
    ],
    [
      "1980 Sep",
      269.8,
      364.4
    ],
    [
      "1980 Oct",
      141.6,
      168.5
    ],
    [
      "1980 Nov",
      1,
      0.1
    ],
    [
      "1980 Dec",
      0.6,
      0.7
    ],
    [
      "1981 Jan",
      29.6,
      26.6
    ],
    [
      "1981 Feb",
      30.7,
      26.3
    ],
    [
      "1981 Mar",
      91,
      105.5
    ],
    [
      "1981 Apr",
      152.1,
      268
    ],
    [
      "1981 May",
      251.5,
      377.5
    ],
    [
      "1981 Jun",
      273.1,
      223.2
    ],
    [
      "1981 Jul",
      543.5,
      448.1
    ],
    [
      "1981 Aug",
      340.7,
      329.7
    ],
    [
      "1981 Sep",
      274.5,
      213.2
    ],
    [
      "1981 Oct",
      47.5,
      33.1
    ],
    [
      "1981 Nov",
      9,
      11.5
    ],
    [
      "1981 Dec",
      36.1,
      9.6
    ],
    [
      "1982 Jan",
      1.8,
      0.1
    ],
    [
      "1982 Feb",
      31.1,
      54.8
    ],
    [
      "1982 Mar",
      50.6,
      73.8
    ],
    [
      "1982 Apr",
      254.3,
      224.6
    ],
    [
      "1982 May",
      215.5,
      103.3
    ],
    [
      "1982 Jun",
      517.2,
      371.9
    ],
    [
      "1982 Jul",
      539.9,
      373.6
    ],
    [
      "1982 Aug",
      377.2,
      466.3
    ],
    [
      "1982 Sep",
      286.4,
      284.5
    ],
    [
      "1982 Oct",
      62,
      32.8
    ],
    [
      "1982 Nov",
      29.9,
      38.1
    ],
    [
      "1982 Dec",
      16.4,
      3.7
    ],
    [
      "1983 Jan",
      16.4,
      19.2
    ],
    [
      "1983 Feb",
      37.8,
      49.3
    ],
    [
      "1983 Mar",
      90,
      244.9
    ],
    [
      "1983 Apr",
      165.9,
      303.8
    ],
    [
      "1983 May",
      278.2,
      402.4
    ],
    [
      "1983 Jun",
      362,
      380.9
    ],
    [
      "1983 Jul",
      582.9,
      329.7
    ],
    [
      "1983 Aug",
      450.2,
      392.8
    ],
    [
      "1983 Sep",
      449.1,
      239.7
    ],
    [
      "1983 Oct",
      156.7,
      189
    ],
    [
      "1983 Nov",
      7,
      6.2
    ],
    [
      "1983 Dec",
      24,
      30.2
    ],
    [
      "1984 Jan",
      22.4,
      17.4
    ],
    [
      "1984 Feb",
      7.2,
      1.8
    ],
    [
      "1984 Mar",
      28.6,
      5.1
    ],
    [
      "1984 Apr",
      202.8,
      121.1
    ],
    [
      "1984 May",
      416,
      743
    ],
    [
      "1984 Jun",
      478.5,
      514.6
    ],
    [
      "1984 Jul",
      995.2,
      255.3
    ],
    [
      "1984 Aug",
      360.7,
      387.2
    ],
    [
      "1984 Sep",
      458,
      250.2
    ],
    [
      "1984 Oct",
      159.6,
      120.4
    ],
    [
      "1984 Nov",
      5.7,
      9.1
    ],
    [
      "1984 Dec",
      22.2,
      28.8
    ],
    [
      "1985 Jan",
      8.7,
      6.4
    ],
    [
      "1985 Feb",
      32.3,
      36.2
    ],
    [
      "1985 Mar",
      152.6,
      87.1
    ],
    [
      "1985 Apr",
      268.1,
      162.8
    ],
    [
      "1985 May",
      335,
      377.6
    ],
    [
      "1985 Jun",
      496,
      507.5
    ],
    [
      "1985 Jul",
      714.6,
      275.5
    ],
    [
      "1985 Aug",
      349.4,
      301.9
    ],
    [
      "1985 Sep",
      335.1,
      279.4
    ],
    [
      "1985 Oct",
      74.4,
      52.3
    ],
    [
      "1985 Nov",
      15.8,
      8.7
    ],
    [
      "1985 Dec",
      19.7,
      9.9
    ],
    [
      "1986 Jan",
      16.4,
      8.8
    ],
    [
      "1986 Feb",
      11.7,
      7.3
    ],
    [
      "1986 Mar",
      28,
      17.7
    ],
    [
      "1986 Apr",
      282.8,
      263.4
    ],
    [
      "1986 May",
      159.7,
      153
    ],
    [
      "1986 Jun",
      404.2,
      325.5
    ],
    [
      "1986 Jul",
      465,
      376.9
    ],
    [
      "1986 Aug",
      416.4,
      364.6
    ],
    [
      "1986 Sep",
      441.1,
      355.8
    ],
    [
      "1986 Oct",
      300.5,
      311.7
    ],
    [
      "1986 Nov",
      59.5,
      131.2
    ],
    [
      "1986 Dec",
      7.4,
      26.3
    ],
    [
      "1987 Jan",
      8.8,
      7.7
    ],
    [
      "1987 Feb",
      27.8,
      13.1
    ],
    [
      "1987 Mar",
      110.4,
      68.9
    ],
    [
      "1987 Apr",
      197.6,
      195
    ],
    [
      "1987 May",
      199,
      144.9
    ],
    [
      "1987 Jun",
      525.8,
      420.8
    ],
    [
      "1987 Jul",
      766.5,
      447.2
    ],
    [
      "1987 Aug",
      433,
      422.7
    ],
    [
      "1987 Sep",
      445.4,
      388.6
    ],
    [
      "1987 Oct",
      157.8,
      172.2
    ],
    [
      "1987 Nov",
      37.6,
      74
    ],
    [
      "1987 Dec",
      11.9,
      6.1
    ],
    [
      "1988 Jan",
      7.3,
      0.4
    ],
    [
      "1988 Feb",
      46.1,
      33.6
    ],
    [
      "1988 Mar",
      82.3,
      83.5
    ],
    [
      "1988 Apr",
      157.9,
      141.9
    ],
    [
      "1988 May",
      568.6,
      470.2
    ],
    [
      "1988 Jun",
      403.8,
      466.4
    ],
    [
      "1988 Jul",
      644.2,
      540
    ],
    [
      "1988 Aug",
      773.4,
      407.4
    ],
    [
      "1988 Sep",
      329.6,
      298.6
    ],
    [
      "1988 Oct",
      168.3,
      298.6
    ],
    [
      "1988 Nov",
      74.3,
      75.3
    ],
    [
      "1988 Dec",
      5.9,
      4.3
    ],
    [
      "1989 Jan",
      10.5,
      0.7
    ],
    [
      "1989 Feb",
      51.6,
      27.1
    ],
    [
      "1989 Mar",
      30.4,
      17.2
    ],
    [
      "1989 Apr",
      183.4,
      139.1
    ],
    [
      "1989 May",
      260.1,
      206.9
    ],
    [
      "1989 Jun",
      488.8,
      367.1
    ],
    [
      "1989 Jul",
      747,
      470.6
    ],
    [
      "1989 Aug",
      267.9,
      393.6
    ],
    [
      "1989 Sep",
      425.8,
      376.3
    ],
    [
      "1989 Oct",
      194.1,
      352.9
    ],
    [
      "1989 Nov",
      16.2,
      5.3
    ],
    [
      "1989 Dec",
      6.5,
      2.3
    ],
    [
      "1990 Jan",
      19.2,
      0.2
    ],
    [
      "1990 Feb",
      46.9,
      32.5
    ],
    [
      "1990 Mar",
      96.7,
      197.6
    ],
    [
      "1990 Apr",
      333.7,
      274.9
    ],
    [
      "1990 May",
      304.1,
      314.6
    ],
    [
      "1990 Jun",
      513.8,
      380
    ],
    [
      "1990 Jul",
      446.4,
      387.9
    ],
    [
      "1990 Aug",
      348.8,
      344.7
    ],
    [
      "1990 Sep",
      441.1,
      339.4
    ],
    [
      "1990 Oct",
      208.3,
      168.2
    ],
    [
      "1990 Nov",
      7,
      99.3
    ],
    [
      "1990 Dec",
      5.2,
      42.9
    ],
    [
      "1991 Jan",
      13.7,
      27.5
    ],
    [
      "1991 Feb",
      30.2,
      41.9
    ],
    [
      "1991 Mar",
      62.1,
      64.1
    ],
    [
      "1991 Apr",
      175.7,
      253.5
    ],
    [
      "1991 May",
      495.8,
      619.4
    ],
    [
      "1991 Jun",
      517.8,
      456.6
    ],
    [
      "1991 Jul",
      440.5,
      297.3
    ],
    [
      "1991 Aug",
      388.2,
      326
    ],
    [
      "1991 Sep",
      437.3,
      387.3
    ],
    [
      "1991 Oct",
      226.2,
      291.4
    ],
    [
      "1991 Nov",
      9.4,
      28
    ],
    [
      "1991 Dec",
      41.1,
      58.9
    ],
    [
      "1992 Jan",
      14.7,
      4.4
    ],
    [
      "1992 Feb",
      46.3,
      67.1
    ],
    [
      "1992 Mar",
      62,
      23.3
    ],
    [
      "1992 Apr",
      114.5,
      95.7
    ],
    [
      "1992 May",
      292.3,
      250.2
    ],
    [
      "1992 Jun",
      450.9,
      343.8
    ],
    [
      "1992 Jul",
      491.4,
      439.1
    ],
    [
      "1992 Aug",
      339.3,
      397.2
    ],
    [
      "1992 Sep",
      296.9,
      323.6
    ],
    [
      "1992 Oct",
      125,
      243.2
    ],
    [
      "1992 Nov",
      14.3,
      25.4
    ],
    [
      "1992 Dec",
      12.1,
      8.5
    ],
    [
      "1993 Jan",
      73.3,
      11.1
    ],
    [
      "1993 Feb",
      96.9,
      139.3
    ],
    [
      "1993 Mar",
      86.1,
      92.8
    ],
    [
      "1993 Apr",
      138.5,
      155.4
    ],
    [
      "1993 May",
      374,
      499.4
    ],
    [
      "1993 Jun",
      619.5,
      539.6
    ],
    [
      "1993 Jul",
      576.9,
      530.9
    ],
    [
      "1993 Aug",
      477.5,
      428.9
    ],
    [
      "1993 Sep",
      296,
      302.9
    ],
    [
      "1993 Oct",
      130.3,
      165.4
    ],
    [
      "1993 Nov",
      8.2,
      16
    ],
    [
      "1993 Dec",
      2,
      0
    ],
    [
      "1994 Jan",
      26.6,
      9.5
    ],
    [
      "1994 Feb",
      42.5,
      30.1
    ],
    [
      "1994 Mar",
      157.2,
      219.3
    ],
    [
      "1994 Apr",
      161.3,
      134.7
    ],
    [
      "1994 May",
      282,
      130.7
    ],
    [
      "1994 Jun",
      477.6,
      256.2
    ],
    [
      "1994 Jul",
      308.6,
      305.7
    ],
    [
      "1994 Aug",
      308.7,
      335.7
    ],
    [
      "1994 Sep",
      178.5,
      161.6
    ],
    [
      "1994 Oct",
      147,
      102
    ],
    [
      "1994 Nov",
      15.9,
      27
    ],
    [
      "1994 Dec",
      15.4,
      0
    ],
    [
      "1995 Jan",
      8.7,
      5.4
    ],
    [
      "1995 Feb",
      39.7,
      36.5
    ],
    [
      "1995 Mar",
      42,
      52
    ],
    [
      "1995 Apr",
      145.7,
      68.7
    ],
    [
      "1995 May",
      299.1,
      254.5
    ],
    [
      "1995 Jun",
      663.3,
      425.8
    ],
    [
      "1995 Jul",
      558.4,
      403.6
    ],
    [
      "1995 Aug",
      543.3,
      495.9
    ],
    [
      "1995 Sep",
      404,
      312.5
    ],
    [
      "1995 Oct",
      80.7,
      129.7
    ],
    [
      "1995 Nov",
      94,
      155.3
    ],
    [
      "1995 Dec",
      7.1,
      0.2
    ],
    [
      "1996 Jan",
      12.8,
      8.1
    ],
    [
      "1996 Feb",
      23.2,
      30
    ],
    [
      "1996 Mar",
      101.6,
      153.9
    ],
    [
      "1996 Apr",
      99.2,
      97.3
    ],
    [
      "1996 May",
      415.6,
      284.2
    ],
    [
      "1996 Jun",
      397.7,
      314
    ],
    [
      "1996 Jul",
      499.6,
      395.1
    ],
    [
      "1996 Aug",
      421.8,
      363.5
    ],
    [
      "1996 Sep",
      224.4,
      341.3
    ],
    [
      "1996 Oct",
      267.2,
      179.7
    ],
    [
      "1996 Nov",
      3.5,
      18.8
    ],
    [
      "1996 Dec",
      0.2,
      8.7
    ],
    [
      "1997 Jan",
      18.2,
      11.3
    ],
    [
      "1997 Feb",
      40.7,
      23.7
    ],
    [
      "1997 Mar",
      91.8,
      134.4
    ],
    [
      "1997 Apr",
      131.9,
      112
    ],
    [
      "1997 May",
      241.8,
      255
    ],
    [
      "1997 Jun",
      569.9,
      334
    ],
    [
      "1997 Jul",
      511.2,
      598.5
    ],
    [
      "1997 Aug",
      315.5,
      273.9
    ],
    [
      "1997 Sep",
      366.8,
      361.6
    ],
    [
      "1997 Oct",
      36.4,
      48.6
    ],
    [
      "1997 Nov",
      12.6,
      17.8
    ],
    [
      "1997 Dec",
      35.4,
      41.3
    ],
    [
      "1998 Jan",
      11.8,
      28.1
    ],
    [
      "1998 Feb",
      31.5,
      31.6
    ],
    [
      "1998 Mar",
      136.8,
      136.4
    ],
    [
      "1998 Apr",
      185.7,
      164.6
    ],
    [
      "1998 May",
      250.6,
      352.2
    ],
    [
      "1998 Jun",
      581.2,
      297.6
    ],
    [
      "1998 Jul",
      604.4,
      480.6
    ],
    [
      "1998 Aug",
      549.5,
      367.3
    ],
    [
      "1998 Sep",
      212.3,
      222.3
    ],
    [
      "1998 Oct",
      190,
      97.9
    ],
    [
      "1998 Nov",
      48.9,
      46.5
    ],
    [
      "1998 Dec",
      0.4,
      0.3
    ],
    [
      "1999 Jan",
      2.4,
      2.2
    ],
    [
      "1999 Feb",
      0.5,
      0
    ],
    [
      "1999 Mar",
      38.7,
      33.5
    ],
    [
      "1999 Apr",
      150.6,
      26.3
    ],
    [
      "1999 May",
      466.8,
      397.5
    ],
    [
      "1999 Jun",
      429,
      358.4
    ],
    [
      "1999 Jul",
      596.7,
      422.7
    ],
    [
      "1999 Aug",
      487.5,
      391.3
    ],
    [
      "1999 Sep",
      196.9,
      338.5
    ],
    [
      "1999 Oct",
      208.6,
      227.7
    ],
    [
      "1999 Nov",
      14.1,
      16.5
    ],
    [
      "1999 Dec",
      2.3,
      18.3
    ],
    [
      "2000 Jan",
      20.5,
      22.5
    ],
    [
      "2000 Feb",
      13.7,
      26.1
    ],
    [
      "2000 Mar",
      65.9,
      129.1
    ],
    [
      "2000 Apr",
      238.5,
      214.2
    ],
    [
      "2000 May",
      375.1,
      403.6
    ],
    [
      "2000 Jun",
      540.2,
      325.4
    ],
    [
      "2000 Jul",
      313.3,
      269.2
    ],
    [
      "2000 Aug",
      513.2,
      465
    ],
    [
      "2000 Sep",
      299.9,
      298.3
    ],
    [
      "2000 Oct",
      83.9,
      185.2
    ],
    [
      "2000 Nov",
      22.2,
      24.2
    ],
    [
      "2000 Dec",
      0.4,
      1.1
    ],
    [
      "2001 Jan",
      5.5,
      1.5
    ],
    [
      "2001 Feb",
      39.7,
      46.9
    ],
    [
      "2001 Mar",
      30.9,
      38.8
    ],
    [
      "2001 Apr",
      198.6,
      83.6
    ],
    [
      "2001 May",
      266.4,
      313.8
    ],
    [
      "2001 Jun",
      399.8,
      478
    ],
    [
      "2001 Jul",
      451.1,
      322.6
    ],
    [
      "2001 Aug",
      295.6,
      263
    ],
    [
      "2001 Sep",
      266.8,
      269
    ],
    [
      "2001 Oct",
      201.4,
      266.4
    ],
    [
      "2001 Nov",
      20.5,
      65.4
    ],
    [
      "2001 Dec",
      2.3,
      0.2
    ],
    [
      "2002 Jan",
      20.2,
      18.6
    ],
    [
      "2002 Feb",
      5.7,
      3.9
    ],
    [
      "2002 Mar",
      83.3,
      62.7
    ],
    [
      "2002 Apr",
      279.9,
      143.8
    ],
    [
      "2002 May",
      286.9,
      438.7
    ],
    [
      "2002 Jun",
      502.5,
      351.6
    ],
    [
      "2002 Jul",
      565.1,
      462.2
    ],
    [
      "2002 Aug",
      312.5,
      358.4
    ],
    [
      "2002 Sep",
      209.7,
      225.7
    ],
    [
      "2002 Oct",
      49.5,
      98.9
    ],
    [
      "2002 Nov",
      69.4,
      71.9
    ],
    [
      "2002 Dec",
      7.9,
      6
    ],
    [
      "2003 Jan",
      9.5,
      3.8
    ],
    [
      "2003 Feb",
      41.5,
      11.5
    ],
    [
      "2003 Mar",
      96.9,
      78
    ],
    [
      "2003 Apr",
      213.8,
      158.9
    ],
    [
      "2003 May",
      235.8,
      265.6
    ],
    [
      "2003 Jun",
      551.4,
      590.9
    ],
    [
      "2003 Jul",
      481.2,
      262.4
    ],
    [
      "2003 Aug",
      290.7,
      281.7
    ],
    [
      "2003 Sep",
      250,
      288.4
    ],
    [
      "2003 Oct",
      231.8,
      175.1
    ],
    [
      "2003 Nov",
      13,
      5.1
    ],
    [
      "2003 Dec",
      18.6,
      40.9
    ],
    [
      "2004 Jan",
      15.3,
      4.8
    ],
    [
      "2004 Feb",
      19.5,
      2.7
    ],
    [
      "2004 Mar",
      72.8,
      11
    ],
    [
      "2004 Apr",
      340.8,
      341.5
    ],
    [
      "2004 May",
      342.2,
      211
    ],
    [
      "2004 Jun",
      397.9,
      449.2
    ],
    [
      "2004 Jul",
      848.4,
      558.6
    ],
    [
      "2004 Aug",
      286.2,
      284.3
    ],
    [
      "2004 Sep",
      317.2,
      351
    ],
    [
      "2004 Oct",
      340.8,
      132.7
    ],
    [
      "2004 Nov",
      6.5,
      6.4
    ],
    [
      "2004 Dec",
      6.6,
      0.5
    ],
    [
      "2005 Jan",
      22.8,
      6.4
    ],
    [
      "2005 Feb",
      30.5,
      15
    ],
    [
      "2005 Mar",
      172.2,
      118.6
    ],
    [
      "2005 Apr",
      207.5,
      98.1
    ],
    [
      "2005 May",
      281.2,
      237
    ],
    [
      "2005 Jun",
      373.9,
      212.3
    ],
    [
      "2005 Jul",
      474.5,
      301.5
    ],
    [
      "2005 Aug",
      501.9,
      334.8
    ],
    [
      "2005 Sep",
      174.9,
      292.6
    ],
    [
      "2005 Oct",
      218.6,
      194.3
    ],
    [
      "2005 Nov",
      8.9,
      15.6
    ],
    [
      "2005 Dec",
      1.3,
      10.5
    ],
    [
      "2006 Jan",
      0.7,
      0.6
    ],
    [
      "2006 Feb",
      40.9,
      12.4
    ],
    [
      "2006 Mar",
      20.8,
      5.5
    ],
    [
      "2006 Apr",
      169,
      111.1
    ],
    [
      "2006 May",
      325.7,
      382.2
    ],
    [
      "2006 Jun",
      395.9,
      445.6
    ],
    [
      "2006 Jul",
      350.3,
      335
    ],
    [
      "2006 Aug",
      209.7,
      241.6
    ],
    [
      "2006 Sep",
      252.3,
      231.1
    ],
    [
      "2006 Oct",
      97.6,
      90.4
    ],
    [
      "2006 Nov",
      25.1,
      13
    ],
    [
      "2006 Dec",
      10.7,
      3.7
    ],
    [
      "2007 Jan",
      1.5,
      7.9
    ],
    [
      "2007 Feb",
      73.7,
      54.7
    ],
    [
      "2007 Mar",
      23.5,
      28.7
    ],
    [
      "2007 Apr",
      242.7,
      220.4
    ],
    [
      "2007 May",
      219.8,
      276.7
    ],
    [
      "2007 Jun",
      489.7,
      446.3
    ],
    [
      "2007 Jul",
      682.7,
      430
    ],
    [
      "2007 Aug",
      308,
      373.8
    ],
    [
      "2007 Sep",
      494.7,
      426.6
    ],
    [
      "2007 Oct",
      164.7,
      180.5
    ],
    [
      "2007 Nov",
      47.7,
      82.6
    ],
    [
      "2007 Dec",
      4,
      10.1
    ],
    [
      "2008 Jan",
      29.7,
      30.7
    ],
    [
      "2008 Feb",
      14.5,
      13.8
    ],
    [
      "2008 Mar",
      107.5,
      49.6
    ],
    [
      "2008 Apr",
      156.2,
      54.9
    ],
    [
      "2008 May",
      210.6,
      200.8
    ],
    [
      "2008 Jun",
      414.6,
      327.4
    ],
    [
      "2008 Jul",
      493.2,
      333.3
    ],
    [
      "2008 Aug",
      508.6,
      358.6
    ],
    [
      "2008 Sep",
      267.5,
      223.7
    ],
    [
      "2008 Oct",
      133.4,
      150.2
    ],
    [
      "2008 Nov",
      2.2,
      4.7
    ],
    [
      "2008 Dec",
      1.6,
      1.2
    ],
    [
      "2009 Jan",
      7.9,
      0
    ],
    [
      "2009 Feb",
      11.6,
      3.2
    ],
    [
      "2009 Mar",
      44.9,
      27.5
    ],
    [
      "2009 Apr",
      134.9,
      93.1
    ],
    [
      "2009 May",
      246.5,
      209.5
    ],
    [
      "2009 Jun",
      321.1,
      271.9
    ],
    [
      "2009 Jul",
      426.3,
      295.8
    ],
    [
      "2009 Aug",
      533.8,
      380.9
    ],
    [
      "2009 Sep",
      192.3,
      271.3
    ],
    [
      "2009 Oct",
      135.9,
      158.2
    ],
    [
      "2009 Nov",
      9,
      26.1
    ],
    [
      "2009 Dec",
      4,
      0.2
    ],
    [
      "2010 Jan",
      0.5,
      1
    ],
    [
      "2010 Feb",
      3.1,
      7.9
    ],
    [
      "2010 Mar",
      99.6,
      85.8
    ],
    [
      "2010 Apr",
      389.3,
      161.5
    ],
    [
      "2010 May",
      393.4,
      294
    ],
    [
      "2010 Jun",
      569.7,
      411.6
    ],
    [
      "2010 Jul",
      415.1,
      367.5
    ],
    [
      "2010 Aug",
      387,
      393.2
    ],
    [
      "2010 Sep",
      318.3,
      309.8
    ],
    [
      "2010 Oct",
      116.2,
      220.2
    ],
    [
      "2010 Nov",
      11.6,
      9.2
    ],
    [
      "2010 Dec",
      7.6,
      33.5
    ],
    [
      "2011 Jan",
      11.1,
      12.6
    ],
    [
      "2011 Feb",
      11.4,
      3.6
    ],
    [
      "2011 Mar",
      109,
      51.4
    ],
    [
      "2011 Apr",
      92.1,
      81.1
    ],
    [
      "2011 May",
      238.3,
      334.9
    ],
    [
      "2011 Jun",
      316,
      374.2
    ],
    [
      "2011 Jul",
      395.8,
      313.3
    ],
    [
      "2011 Aug",
      302.6,
      367.6
    ],
    [
      "2011 Sep",
      221.6,
      258.3
    ],
    [
      "2011 Oct",
      30.2,
      92.6
    ],
    [
      "2011 Nov",
      11.9,
      2.4
    ],
    [
      "2011 Dec",
      3.5,
      0.2
    ],
    [
      "2012 Jan",
      15.2,
      24.5
    ],
    [
      "2012 Feb",
      6.9,
      10.2
    ],
    [
      "2012 Mar",
      28.8,
      20.3
    ],
    [
      "2012 Apr",
      279.1,
      243.5
    ],
    [
      "2012 May",
      185.8,
      163.5
    ],
    [
      "2012 Jun",
      729.7,
      396.2
    ],
    [
      "2012 Jul",
      444.3,
      280.1
    ],
    [
      "2012 Aug",
      289.2,
      342.7
    ],
    [
      "2012 Sep",
      411.6,
      248.7
    ],
    [
      "2012 Oct",
      199.4,
      160.9
    ],
    [
      "2012 Nov",
      17.1,
      32
    ],
    [
      "2012 Dec",
      2.3,
      0.4
    ],
    [
      "2013 Jan",
      1.1,
      0.2
    ],
    [
      "2013 Feb",
      9.6,
      5.7
    ],
    [
      "2013 Mar",
      44,
      19.7
    ],
    [
      "2013 Apr",
      112.8,
      60.3
    ],
    [
      "2013 May",
      346.7,
      348.9
    ],
    [
      "2013 Jun",
      286.2,
      206.6
    ],
    [
      "2013 Jul",
      367.8,
      255.9
    ],
    [
      "2013 Aug",
      289.7,
      291.3
    ],
    [
      "2013 Sep",
      229.3,
      241.4
    ],
    [
      "2013 Oct",
      126.3,
      125.6
    ],
    [
      "2013 Nov",
      1,
      0.3
    ],
    [
      "2013 Dec",
      2,
      1.2
    ],
    [
      "2014 Jan",
      2,
      1.2
    ],
    [
      "2014 Feb",
      28.3,
      21
    ],
    [
      "2014 Mar",
      29.3,
      25.4
    ],
    [
      "2014 Apr",
      51.5,
      49.6
    ],
    [
      "2014 May",
      351.1,
      192.5
    ],
    [
      "2014 Jun",
      426.4,
      268.3
    ],
    [
      "2014 Jul",
      374.4,
      295.7
    ],
    [
      "2014 Aug",
      484.6,
      372.3
    ],
    [
      "2014 Sep",
      420.2,
      300.9
    ],
    [
      "2014 Oct",
      35,
      69.6
    ],
    [
      "2014 Nov",
      3,
      3.3
    ],
    [
      "2014 Dec",
      0.4,
      0.1
    ],
    [
      "2015 Jan",
      13.4,
      14.4
    ],
    [
      "2015 Feb",
      15.5,
      14.2
    ],
    [
      "2015 Mar",
      37.5,
      21.6
    ],
    [
      "2015 Apr",
      250.9,
      253.5
    ],
    [
      "2015 May",
      332.5,
      198.3
    ],
    [
      "2015 Jun",
      558.5,
      283.9
    ],
    [
      "2015 Jul",
      300.1,
      413.6
    ],
    [
      "2015 Aug",
      590.9,
      334.2
    ],
    [
      "2015 Sep",
      279.9,
      255.9
    ],
    [
      "2015 Oct",
      62.6,
      118.7
    ],
    [
      "2015 Nov",
      14,
      3.9
    ],
    [
      "2015 Dec",
      15.2,
      10
    ]
  ],
  "appSchema": [
    {
      "name": "Date",
      "type": "date",
      "format": "%Y %b"
    },
    {
      "name": "Assam",
      "type": "number"
    },
    {
      "name": "Tripura",
      "type": "number"
    }
  ]
}