{
  "type": "bar3d",
  "renderAt": "chart-container",
  "width": "100%",
  "height": "100%",
  "dataFormat": "json",
  "dataSource": {
    "chart": {
      "caption": "Top 5 High-Income Careers",
      "yaxisname": "Annual Income",
      "showvalues": "1",
      "numberprefix": "$",
      "theme": "fusion",
      "exportEnabled": 1,
      "formatNumberScale": 0
    },
    "data": [
      {
        "label": "Financial Advisor",
        "value": "101000"
      },
      {
        "label": "Physician Assistant",
        "value": "92000"
      },
      {
        "label": "IT Analysts",
        "value": "82600"
      },
      {
        "label": "College Professor",
        "value": "70400"
      },
      {
        "label": "Dentist",
        "value": "68152"
      }
    ]
  }
}