{
  "type": "angulargauge",
  "renderAt": "chart-container",
  "width": "100%",
  "height": "100%",
  "dataFormat": "json",
  "dataSource": {
    "chart": {
      "caption": "Machne A",
      "subcaption": "",
      "theme": "fusion",
      "exportEnabled": 1,
      "bgAlpha": 0,
      "majorTMAlpha": "0",
      "minorTMAlpha": "0",
      "valueFontColor": "#7DA9E1",
      "valueFontSize": 84,
      "numbersuffix": "",
      "lowerlimit": "0",
      "upperlimit": "100",
      "baseFontSize": 32,
      "showvalue": "1",
      "placeTicksInside": 1,
      "showTickValues": 1,
      "autoAlignTickValues": 1,
      "lowerLimitDisplay": null,
      "upperLimitDisplay": null,
      "pivotRadius": "0",
      "valueBelowPivot": "0",
      "showlegend": 1,
      "legendPosition": "bottom",
      "legendAllowDrag": "0",
      "plotHighlightEffect": "fadeout|color=#D5DED9, alpha=50"
    },
    "annotations": {
      "annotations": {
        "groups": [
          {}
        ]
      }
    },
    "colorrange": {
      "color": [
        {
          "minvalue": "0",
          "maxvalue": "71",
          "code": "#7DA9E1"
        },
        {
          "minvalue": "71",
          "maxvalue": "100",
          "code": "#D6EEFF"
        }
      ]
    },
    "dials": {
      "dial": [
        {
          "alpha": "0",
          "baseRadius": "0",
          "borderAlpha": "0",
          "value": "71",
          "tooltext": "<b>9%</b> lesser that target"
        }
      ]
    },
    "trendpoints": {
      "point": [
        {
          "startvalue": "80",
          "displayvalue": "Target",
          "thickness": "2",
          "color": "#E15A26",
          "usemarker": "1",
          "markerbordercolor": "#E15A26",
          "markertooltext": "80%"
        }
      ]
    }
  }
}