{
  "type": "msbar3d",
  "renderAt": "chart-container",
  "width": "100%",
  "height": "100%",
  "dataFormat": "json",
  "dataSource": {
    "chart": {
      "caption": "Medal Tally for 2017",
      "subcaption": "Olympics vs Paralympics",
      "plottooltext": "$label won <b>$dataValue</b> medals in $seriesName",
      "theme": "fusion",
      "exportEnabled": 1,
      "formatNumberScale": 0
    },
    "categories": [
      {
        "category": [
          {
            "label": "USA"
          },
          {
            "label": "United Kingdom"
          },
          {
            "label": "China"
          },
          {
            "label": "Russia"
          },
          {
            "label": "Germany"
          }
        ]
      }
    ],
    "dataset": [
      {
        "seriesname": "Olympics",
        "data": [
          {
            "value": "121"
          },
          {
            "value": "67"
          },
          {
            "value": "70"
          },
          {
            "value": "55"
          },
          {
            "value": "42"
          }
        ]
      },
      {
        "seriesname": "Paralympics",
        "data": [
          {
            "value": "115"
          },
          {
            "value": "147"
          },
          {
            "value": "239"
          },
          {
            "value": ""
          },
          {
            "value": "57"
          }
        ]
      }
    ]
  }
}