{
  "type": "stackedbar2d",
  "renderAt": "chart-container",
  "width": "100%",
  "height": "100%",
  "dataFormat": "json",
  "dataSource": {
    "chart": {
      "caption": "Split of visitors by Channels & Gender",
      "placevaluesinside": "1",
      "showvalues": "0",
      "plottooltext": "<b>$dataValue</b>  $seriesName visitors",
      "theme": "fusion",
      "exportEnabled": 1,
      "formatNumberScale": 0,
      "showlegend": 1,
      "legendPosition": "bottom",
      "legendAllowDrag": "0",
      "plotHighlightEffect": "fadeout|color=#D5DED9, alpha=50"
    },
    "categories": [
      {
        "category": [
          {
            "label": "Organic"
          },
          {
            "label": "Offline Stores"
          },
          {
            "label": "Email Campaigns"
          },
          {
            "label": "Social Events"
          },
          {
            "label": "Paid Channels"
          }
        ]
      }
    ],
    "dataset": [
      {
        "seriesname": "Male",
        "data": [
          {
            "value": "17000"
          },
          {
            "value": "19500"
          },
          {
            "value": "12500"
          },
          {
            "value": "14500"
          },
          {
            "value": "17500"
          }
        ]
      },
      {
        "seriesname": "Female",
        "data": [
          {
            "value": "25400"
          },
          {
            "value": "29800"
          },
          {
            "value": "21800"
          },
          {
            "value": "19500"
          },
          {
            "value": "21200"
          }
        ]
      }
    ]
  }
}