{
  "type": "mssplinearea",
  "renderAt": "chart-container",
  "width": "100%",
  "height": "100%",
  "dataFormat": "json",
  "dataSource": {
    "chart": {
      "caption": "Area(msspline)",
      "subcaption": "SAMPLE",
      "yaxisname": "Number of mentions",
      "yaxismaxvalue": "2",
      "plottooltext": "$seriesName was mentioned <b>$dataValue</b> times on Twitter in $label",
      "theme": "fusion",
      "exportEnabled": 1,
      "showlegend": 1,
      "legendPosition": "bottom",
      "legendAllowDrag": "0",
      "plotHighlightEffect": "fadeout|color=#D5DED9, alpha=50"
    },
    "categories": [
      {
        "category": [
          {
            "label": "2007"
          },
          {
            "label": "2008"
          },
          {
            "label": "2009"
          },
          {
            "label": "2010"
          },
          {
            "label": "2011"
          },
          {
            "label": "2012"
          },
          {
            "label": "2013"
          },
          {
            "label": "2014"
          },
          {
            "label": "2015"
          }
        ]
      }
    ],
    "dataset": [
      {
        "seriesname": "iPhone",
        "data": [
          {
            "value": "1.90"
          },
          {
            "value": "1.94"
          },
          {
            "value": "1.69"
          },
          {
            "value": "1.66"
          },
          {
            "value": "1.43"
          },
          {
            "value": "1.97"
          },
          {
            "value": "1.78"
          },
          {
            "value": "1.58"
          },
          {
            "value": "1.55"
          }
        ]
      },
      {
        "seriesname": "Samsung",
        "data": [
          {
            "value": "0.68"
          },
          {
            "value": "0.74"
          },
          {
            "value": "0.25"
          },
          {
            "value": "0.64"
          },
          {
            "value": "0.22"
          },
          {
            "value": "0.74"
          },
          {
            "value": "0.58"
          },
          {
            "value": "0.15"
          },
          {
            "value": "0.26"
          }
        ]
      }
    ]
  }
}