{
  "type": "timeseries",
  "renderAt": "container",
  "width": "90%",
  "height": 490,
  "dataSource": {
    "data": {},
    "chart": {
      "exportEnabled": 1
    },
    "caption": {
      "text": "Online Sales of a SuperStore in the US"
    },
    "yAxis": {
      "plot": {
        "value": "Sales",
        "type": "line"
      }
    }
  },
  "appData": [
    [
      "1/4/2011",
      16.448
    ],
    [
      "1/5/2011",
      272.736
    ],
    [
      "1/5/2011",
      11.784
    ],
    [
      "1/5/2011",
      3.54
    ],
    [
      "1/6/2011",
      19.536
    ],
    [
      "1/7/2011",
      2573.82
    ],
    [
      "1/7/2011",
      609.98
    ],
    [
      "1/7/2011",
      391.98
    ],
    [
      "1/7/2011",
      755.96
    ],
    [
      "1/7/2011",
      19.44
    ],
    [
      "1/7/2011",
      12.78
    ],
    [
      "1/7/2011",
      31.12
    ],
    [
      "1/7/2011",
      6.54
    ],
    [
      "1/7/2011",
      5.48
    ],
    [
      "1/8/2011",
      76.728
    ],
    [
      "1/8/2011",
      10.43
    ],
    [
      "1/10/2011",
      31.2
    ],
    [
      "1/10/2011",
      9.344
    ],
    [
      "1/11/2011",
      51.94
    ],
    [
      "1/11/2011",
      2.89
    ],
    [
      "1/12/2011",
      9.94
    ],
    [
      "1/14/2011",
      1325.85
    ],
    [
      "1/14/2011",
      572.58
    ],
    [
      "1/14/2011",
      646.74
    ],
    [
      "1/14/2011",
      545.94
    ],
    [
      "1/14/2011",
      333.999
    ],
    [
      "1/14/2011",
      50.94
    ],
    [
      "1/14/2011",
      19.9
    ],
    [
      "1/14/2011",
      11.36
    ],
    [
      "1/14/2011",
      37.408
    ],
    [
      "1/14/2011",
      5.64
    ],
    [
      "1/14/2011",
      3.438
    ],
    [
      "1/15/2011",
      61.96
    ],
    [
      "1/16/2011",
      149.95
    ],
    [
      "1/17/2011",
      127.104
    ],
    [
      "1/17/2011",
      124.2
    ],
    [
      "1/17/2011",
      30.072
    ],
    [
      "1/17/2011",
      18.588
    ],
    [
      "1/19/2011",
      64.864
    ],
    [
      "1/20/2011",
      181.47
    ],
    [
      "1/20/2011",
      56.064
    ],
    [
      "1/20/2011",
      108.72
    ],
    [
      "1/20/2011",
      32.34
    ],
    [
      "1/21/2011",
      1067.94
    ],
    [
      "1/21/2011",
      699.93
    ],
    [
      "1/21/2011",
      272.94
    ],
    [
      "1/21/2011",
      247.716
    ],
    [
      "1/21/2011",
      66.58
    ],
    [
      "1/21/2011",
      43.92
    ],
    [
      "1/21/2011",
      67.194
    ],
    [
      "1/21/2011",
      23.34
    ],
    [
      "1/21/2011",
      38.6
    ],
    [
      "1/21/2011",
      29.7
    ],
    [
      "1/21/2011",
      22.96
    ],
    [
      "1/21/2011",
      19.05
    ],
    [
      "1/21/2011",
      13.98
    ],
    [
      "1/21/2011",
      19.36
    ],
    [
      "1/21/2011",
      14.73
    ],
    [
      "1/21/2011",
      19.3
    ],
    [
      "1/21/2011",
      6.63
    ],
    [
      "1/22/2011",
      25.248
    ],
    [
      "1/24/2011",
      40.08
    ],
    [
      "1/24/2011",
      5.94
    ],
    [
      "1/27/2011",
      141.96
    ],
    [
      "1/27/2011",
      489.92
    ],
    [
      "1/27/2011",
      187.98
    ],
    [
      "1/27/2011",
      155.35
    ],
    [
      "1/27/2011",
      62.82
    ],
    [
      "1/27/2011",
      19.44
    ],
    [
      "1/27/2011",
      10.68
    ],
    [
      "1/27/2011",
      16.68
    ],
    [
      "1/27/2011",
      12.42
    ],
    [
      "1/28/2011",
      333
    ],
    [
      "1/28/2011",
      57.23
    ],
    [
      "1/28/2011",
      36.44
    ],
    [
      "1/29/2011",
      3.928
    ],
    [
      "1/31/2011",
      229.94
    ],
    [
      "1/31/2011",
      10.56
    ],
    [
      "2/1/2011",
      290.666
    ],
    [
      "2/2/2011",
      468.9
    ],
    [
      "2/3/2011",
      180.96
    ],
    [
      "2/3/2011",
      18.336
    ],
    [
      "2/3/2011",
      12.35
    ],
    [
      "2/4/2011",
      83.84
    ],
    [
      "2/4/2011",
      13.272
    ],
    [
      "2/5/2011",
      17.248
    ],
    [
      "2/5/2011",
      34.24
    ],
    [
      "2/5/2011",
      82.896
    ],
    [
      "2/7/2011",
      144.95
    ],
    [
      "2/7/2011",
      161.61
    ],
    [
      "2/7/2011",
      15
    ],
    [
      "2/7/2011",
      8.952
    ],
    [
      "2/8/2011",
      64.96
    ],
    [
      "2/8/2011",
      115.36
    ],
    [
      "2/9/2011",
      14.56
    ],
    [
      "2/12/2011",
      1256.22
    ],
    [
      "2/12/2011",
      234.45
    ],
    [
      "2/12/2011",
      332.94
    ],
    [
      "2/12/2011",
      60.89
    ],
    [
      "2/12/2011",
      64.96
    ],
    [
      "2/12/2011",
      51.9
    ],
    [
      "2/12/2011",
      17.46
    ],
    [
      "2/12/2011",
      14.94
    ],
    [
      "2/12/2011",
      9.64
    ],
    [
      "2/13/2011",
      129.568
    ],
    [
      "2/15/2011",
      238.62
    ],
    [
      "2/15/2011",
      239.97
    ],
    [
      "2/15/2011",
      81.96
    ],
    [
      "2/15/2011",
      16.176
    ],
    [
      "2/16/2011",
      21.36
    ],
    [
      "2/17/2011",
      7.96
    ],
    [
      "2/17/2011",
      1.08
    ],
    [
      "2/18/2011",
      54.208
    ],
    [
      "2/19/2011",
      25.16
    ],
    [
      "2/19/2011",
      12.624
    ],
    [
      "2/21/2011",
      62.31
    ],
    [
      "2/21/2011",
      12.96
    ],
    [
      "2/21/2011",
      20.32
    ],
    [
      "2/22/2011",
      8.85
    ],
    [
      "2/23/2011",
      19.44
    ],
    [
      "2/24/2011",
      6.936
    ],
    [
      "2/24/2011",
      4.428
    ],
    [
      "2/25/2011",
      32.896
    ],
    [
      "2/25/2011",
      22.776
    ],
    [
      "2/28/2011",
      19.456
    ],
    [
      "3/1/2011",
      634.116
    ],
    [
      "3/1/2011",
      457.568
    ],
    [
      "3/1/2011",
      376.509
    ],
    [
      "3/1/2011",
      362.25
    ],
    [
      "3/1/2011",
      137.352
    ],
    [
      "3/1/2011",
      129.552
    ],
    [
      "3/1/2011",
      63.552
    ],
    [
      "3/1/2011",
      18.84
    ],
    [
      "3/1/2011",
      17.472
    ],
    [
      "3/1/2011",
      5.94
    ],
    [
      "3/2/2011",
      151.2
    ],
    [
      "3/2/2011",
      36.4
    ],
    [
      "3/2/2011",
      11.36
    ],
    [
      "3/2/2011",
      3.424
    ],
    [
      "3/3/2011",
      302.45
    ],
    [
      "3/3/2011",
      626.352
    ],
    [
      "3/3/2011",
      125.76
    ],
    [
      "3/3/2011",
      176.772
    ],
    [
      "3/3/2011",
      25.32
    ],
    [
      "3/3/2011",
      44.672
    ],
    [
      "3/3/2011",
      15.12
    ],
    [
      "3/3/2011",
      19.456
    ],
    [
      "3/3/2011",
      9.99
    ],
    [
      "3/4/2011",
      354.9
    ],
    [
      "3/4/2011",
      15.552
    ],
    [
      "3/5/2011",
      479.97
    ],
    [
      "3/5/2011",
      97.82
    ],
    [
      "3/5/2011",
      59.52
    ],
    [
      "3/5/2011",
      49.632
    ],
    [
      "3/5/2011",
      18.62
    ],
    [
      "3/7/2011",
      481.568
    ],
    [
      "3/7/2011",
      436.704
    ],
    [
      "3/7/2011",
      48.712
    ],
    [
      "3/7/2011",
      204.9
    ],
    [
      "3/7/2011",
      107.648
    ],
    [
      "3/7/2011",
      17.94
    ],
    [
      "3/7/2011",
      242.94
    ],
    [
      "3/7/2011",
      20.65
    ],
    [
      "3/10/2011",
      636.408
    ],
    [
      "3/10/2011",
      83.168
    ],
    [
      "3/10/2011",
      22.38
    ],
    [
      "3/11/2011",
      587.97
    ],
    [
      "3/11/2011",
      108.92
    ],
    [
      "3/11/2011",
      146.76
    ],
    [
      "3/11/2011",
      32.96
    ],
    [
      "3/11/2011",
      14.94
    ],
    [
      "3/11/2011",
      10.464
    ],
    [
      "3/11/2011",
      7.98
    ],
    [
      "3/11/2011",
      8.32
    ],
    [
      "3/14/2011",
      574.91
    ],
    [
      "3/14/2011",
      1139.92
    ],
    [
      "3/14/2011",
      82.8
    ],
    [
      "3/14/2011",
      62.048
    ],
    [
      "3/14/2011",
      91.056
    ],
    [
      "3/14/2011",
      80.98
    ],
    [
      "3/14/2011",
      33.088
    ],
    [
      "3/14/2011",
      21.36
    ],
    [
      "3/14/2011",
      8.448
    ],
    [
      "3/14/2011",
      10.56
    ]
  ],
  "appSchema": [
    {
      "name": "Time",
      "type": "date",
      "format": "%-m/%-d/%Y"
    },
    {
      "name": "Sales",
      "type": "number"
    }
  ]
}