{
  "type": "splinearea",
  "renderAt": "chart-container",
  "width": "100%",
  "height": "100%",
  "dataFormat": "json",
  "dataSource": {
    "chart": {
      "caption": "Yearly sales of iPhone",
      "yaxisname": "Number of units sold",
      "subcaption": "2007-2016",
      "plottooltext": "<div><b>$dataValue</b> iPhones sold in $label</div>",
      "theme": "fusion",
      "exportEnabled": 1,
      "formatNumberScale": 0,
      "showlegend": 1,
      "legendPosition": "bottom",
      "legendAllowDrag": "0",
      "plotHighlightEffect": "fadeout|color=#D5DED9, alpha=50"
    },
    "data": [
      {
        "label": "2007",
        "value": "1380000"
      },
      {
        "label": "2008",
        "value": "1450000"
      },
      {
        "label": "2009",
        "value": "1610000"
      },
      {
        "label": "2010",
        "value": "1540000"
      },
      {
        "label": "2011",
        "value": "1480000"
      },
      {
        "label": "2012",
        "value": "1573000"
      },
      {
        "label": "2013",
        "value": "2232000"
      },
      {
        "label": "2014",
        "value": "2476000"
      },
      {
        "label": "2015",
        "value": "2832000"
      },
      {
        "label": "2016",
        "value": "3808000"
      }
    ]
  }
}