{
  "type": "radar",
  "title": "Ember FusionCharts Sample",
  "width": 600,
  "height": 400,
  "dataFormat": "json",
  "dataSource": {
    "chart": {
      "caption": "Temperature in New York: Low & High",
      "subcaption": "For 2017",
      "theme": "fusion",
      "plotfillalpha": "40",
      "exportEnabled": 1,
      "formatNumberScale": 0,
      "showlegend": 1,
      "legendPosition": "bottom",
      "legendAllowDrag": "0",
      "plotHighlightEffect": "fadeout|color=#D5DED9, alpha=50"
    },
    "categories": [
      {
        "category": [
          {
            "label": "Jan"
          },
          {
            "label": "Feb"
          },
          {
            "label": "Mar"
          },
          {
            "label": "Apr"
          },
          {
            "label": "May"
          },
          {
            "label": "Jun"
          },
          {
            "label": "Jul"
          },
          {
            "label": "Aug"
          },
          {
            "label": "Sept"
          },
          {
            "label": "Oct"
          },
          {
            "label": "Nov"
          },
          {
            "label": "Dec"
          }
        ]
      }
    ],
    "dataset": [
      {
        "seriesname": "Avg. High",
        "plottooltext": "<b>$label</b> maximum temp is <b>$datavalue</b>",
        "data": [
          {
            "value": "39"
          },
          {
            "value": "42"
          },
          {
            "value": "50"
          },
          {
            "value": "60"
          },
          {
            "value": "71"
          },
          {
            "value": "79"
          },
          {
            "value": "85"
          },
          {
            "value": "83"
          },
          {
            "value": "76"
          },
          {
            "value": "65"
          },
          {
            "value": "54"
          },
          {
            "value": "79"
          },
          {
            "value": "79"
          }
        ]
      },
      {
        "seriesname": "Avg. Low",
        "plottooltext": "<b>$label</b> minimum temp is <b>$datavalue</b>",
        "data": [
          {
            "value": "26"
          },
          {
            "value": "29"
          },
          {
            "value": "35"
          },
          {
            "value": "44"
          },
          {
            "value": "55"
          },
          {
            "value": "64"
          },
          {
            "value": "70"
          },
          {
            "value": "69"
          },
          {
            "value": "61"
          },
          {
            "value": "50"
          },
          {
            "value": "41"
          },
          {
            "value": "32"
          }
        ]
      }
    ]
  }
}