{
  "type": "stackedarea2d",
  "renderAt": "chart-container",
  "width": "100%",
  "height": "100%",
  "dataFormat": "json",
  "dataSource": {
    "chart": {
      "caption": "Yearly Energy Production",
      "formatnumberscale": "0",
      "showvalues": "0",
      "drawcrossline": "1",
      "showsum": "1",
      "plottooltext": "$dataValue from $seriesName",
      "theme": "fusion",
      "exportEnabled": 1,
      "showlegend": 1,
      "legendPosition": "bottom",
      "legendAllowDrag": "0",
      "plotHighlightEffect": "fadeout|color=#D5DED9, alpha=50"
    },
    "categories": [
      {
        "category": [
          {
            "label": "Canada"
          },
          {
            "label": "China"
          },
          {
            "label": "Russia"
          },
          {
            "label": "Australia"
          },
          {
            "label": "United States"
          },
          {
            "label": "France"
          }
        ]
      }
    ],
    "dataset": [
      {
        "seriesname": "Coal",
        "data": [
          {
            "value": "400"
          },
          {
            "value": "830"
          },
          {
            "value": "500"
          },
          {
            "value": "420"
          },
          {
            "value": "790"
          },
          {
            "value": "380"
          }
        ]
      },
      {
        "seriesname": "Hydro",
        "data": [
          {
            "value": "350"
          },
          {
            "value": "620"
          },
          {
            "value": "410"
          },
          {
            "value": "370"
          },
          {
            "value": "720"
          },
          {
            "value": "310"
          }
        ]
      },
      {
        "seriesname": "Nuclear",
        "data": [
          {
            "value": "210"
          },
          {
            "value": "400"
          },
          {
            "value": "450"
          },
          {
            "value": "180"
          },
          {
            "value": "570"
          },
          {
            "value": "270"
          }
        ]
      },
      {
        "seriesname": "Gas",
        "data": [
          {
            "value": "180"
          },
          {
            "value": "330"
          },
          {
            "value": "230"
          },
          {
            "value": "160"
          },
          {
            "value": "440"
          },
          {
            "value": "350"
          }
        ]
      },
      {
        "seriesname": "Oil",
        "data": [
          {
            "value": "60"
          },
          {
            "value": "200"
          },
          {
            "value": "200"
          },
          {
            "value": "50"
          },
          {
            "value": "230"
          },
          {
            "value": "150"
          }
        ]
      }
    ]
  }
}