{
  "type": "mscolumn2d",
  "renderAt": "chart-container",
  "width": "100%",
  "height": "100%",
  "dataFormat": "json",
  "dataSource": {
    "chart": {
      "drawAnchors": 1,
      "showvalues": "1",
      "caption": "COLUMN",
      "subcaption": "SAMPLE",
      "formatNumberScale": 0,
      "showlegend": 1,
      "legendPosition": "bottom",
      "plotHighlightEffect": "fadeout|color=#D5DED9, alpha=50",
      "plottooltext": "Sales of $seriesName in $label was <b>$dataValue</b>",
      "showhovereffect": "1",
      "yaxisname": "Y-axis Title",
      "showsum": "1",
      "exportEnabled": 1,
      "theme": "fusion"
    },
    "categories": [
      {
        "category": [
          {
            "label": "2013"
          },
          {
            "label": "2014"
          },
          {
            "label": "2015"
          },
          {
            "label": "2016"
          }
        ]
      }
    ],
    "dataset": [
      {
        "seriesname": "iPhone",
        "data": [
          {
            "value": "21"
          },
          {
            "value": "24"
          },
          {
            "value": "27"
          },
          {
            "value": "30"
          }
        ]
      },
      {
        "seriesname": "iPad",
        "data": [
          {
            "value": "8"
          },
          {
            "value": "10"
          },
          {
            "value": "11"
          },
          {
            "value": "12"
          }
        ]
      },
      {
        "seriesname": "Macbooks",
        "data": [
          {
            "value": "2"
          },
          {
            "value": "4"
          },
          {
            "value": "5"
          },
          {
            "value": "5.5"
          }
        ]
      },
      {
        "seriesname": "Others",
        "data": [
          {
            "value": "2"
          },
          {
            "value": "4"
          },
          {
            "value": "9"
          },
          {
            "value": "11"
          }
        ]
      },
      {
        "seriesname": "Profit",
        "plottooltext": "Total profit in $label was <b>$dataValue</b>",
        "renderas": "Line",
        "data": [
          {
            "value": "17"
          },
          {
            "value": "19"
          },
          {
            "value": "13"
          },
          {
            "value": "18"
          }
        ]
      },
      {
        "seriesname": "Profit2",
        "plottooltext": "Total profit in $label was <b>$dataValue</b>",
        "renderas": "Line",
        "data": [
          {
            "value": "22"
          },
          {
            "value": "44"
          },
          {
            "value": "55"
          },
          {
            "value": "18"
          }
        ]
      }
    ],
    "trendlines": [
      {
        "line": [
          {
            "startvalue": "10",
            "color": "#0075c2",
            "displayvalue": "TREND 1",
            "valueOnRight": "1",
            "thickness": "1",
            "tooltext": "ラインに表示するテキスト"
          },
          {
            "startvalue": "20",
            "color": "#1aaf5d",
            "displayvalue": "TREND{br}2",
            "valueOnRight": "1",
            "thickness": "1",
            "tooltext": "ラインに表示するテキスト 2"
          }
        ]
      }
    ]
  }
}