{
  "type": "stackedbar2d",
  "renderAt": "chart-container",
  "width": "100%",
  "height": "100%",
  "dataFormat": "json",
  "dataSource": {
    "chart": {
      "showvalues": "0",
      "caption": "Stacked Bar Chart",
      "subcaption": "SAMPLE",
      "showlegend": 0,
      "legendPosition": "bottom",
      "legendAllowDrag": "0",
      "plotHighlightEffect": "fadeout|color=#D5DED9, alpha=50",
      "showSum": "1",
      "xAxisname": "Quarter",
      "yAxisName": "Revenues (In USD)",
      "plottooltext": "Sales of $seriesName in $label was <b>$dataValue</b>",
      "exportEnabled": 1,
      "theme": "fusion"
    },
    "categories": [
      {
        "category": [
          {
            "label": "Jan"
          },
          {
            "label": "Feb"
          },
          {
            "label": "Mar"
          },
          {
            "label": "Apr"
          },
          {
            "label": "May"
          },
          {
            "label": "Jun"
          },
          {
            "label": "Jul"
          },
          {
            "label": "Aug"
          },
          {
            "label": "Sep"
          },
          {
            "label": "Oct"
          },
          {
            "label": "Nov"
          },
          {
            "label": "Dec"
          }
        ]
      }
    ],
    "dataset": [
      {
        "seriesName": "Actual Revenue",
        "data": [
          {
            "value": "16000"
          },
          {
            "value": "20000"
          },
          {
            "value": "18000"
          },
          {
            "value": "19000"
          },
          {
            "value": "15000"
          },
          {
            "value": "21000"
          },
          {
            "value": "16000"
          },
          {
            "value": "20000"
          },
          {
            "value": "17000"
          },
          {
            "value": "25000"
          },
          {
            "value": "19000"
          },
          {
            "value": "23000"
          }
        ]
      },
      {
        "seriesName": "Projected Revenue",
        "data": [
          {
            "value": "15000"
          },
          {
            "value": "16000"
          },
          {
            "value": "17000"
          },
          {
            "value": "18000"
          },
          {
            "value": "19000"
          },
          {
            "value": "19000"
          },
          {
            "value": "19000"
          },
          {
            "value": "19000"
          },
          {
            "value": "20000"
          },
          {
            "value": "21000"
          },
          {
            "value": "22000"
          },
          {
            "value": "23000"
          }
        ]
      },
      {
        "seriesName": "Profit",
        "renderAs": "area",
        "data": [
          {
            "value": "4000"
          },
          {
            "value": "5000"
          },
          {
            "value": "3000"
          },
          {
            "value": "4000"
          },
          {
            "value": "1000"
          },
          {
            "value": "7000"
          },
          {
            "value": "1000"
          },
          {
            "value": "4000"
          },
          {
            "value": "1000"
          },
          {
            "value": "8000"
          },
          {
            "value": "2000"
          },
          {
            "value": "7000"
          }
        ]
      }
    ]
  }
}