{
  "type": "stackedcolumn2dline",
  "renderAt": "chart-container",
  "width": "100%",
  "height": "100%",
  "dataFormat": "json",
  "dataSource": {
    "chart": {
      "showvalues": "0",
      "caption": "Stacked Columns&Line Chart",
      "subcaption": "SAMPLE",
      "formatNumberScale": 0,
      "numberprefix": "",
      "numbersuffix": "",
      "showlegend": 1,
      "legendPosition": "bottom",
      "legendAllowDrag": "0",
      "plotHighlightEffect": "fadeout|color=#D5DED9, alpha=50",
      "plottooltext": "Sales of $seriesName in $label was <b>$dataValue</b>",
      "yaxisname": "$ (In billions)",
      "showsum": "1",
      "drawAnchors": 1,
      "exportEnabled": 1,
      "theme": "fusion"
    },
    "categories": [
      {
        "category": [
          {
            "label": "2013"
          },
          {
            "label": "2014"
          },
          {
            "label": "2015"
          },
          {
            "label": "2016"
          }
        ]
      }
    ],
    "dataset": [
      {
        "seriesname": "iPhone",
        "data": [
          {
            "value": "2001"
          },
          {
            "value": "2040"
          },
          {
            "value": "2007"
          },
          {
            "value": "3000"
          }
        ]
      },
      {
        "seriesname": "iPad",
        "data": [
          {
            "value": "800"
          },
          {
            "value": "1000"
          },
          {
            "value": "1100"
          },
          {
            "value": "1200"
          }
        ]
      },
      {
        "seriesname": "Macbooks",
        "data": [
          {
            "value": "200"
          },
          {
            "value": "400"
          },
          {
            "value": "500"
          },
          {
            "value": "505"
          }
        ]
      },
      {
        "seriesname": "Others",
        "data": [
          {
            "value": "200"
          },
          {
            "value": "400"
          },
          {
            "value": "900"
          },
          {
            "value": "1100"
          }
        ]
      },
      {
        "seriesname": "Profit",
        "plottooltext": "Total profit in $label was <b>$dataValue</b>",
        "renderas": "Line",
        "data": [
          {
            "value": "1700"
          },
          {
            "value": "1900"
          },
          {
            "value": "1003"
          },
          {
            "value": "1800"
          }
        ]
      }
    ]
  }
}