{
  "type": "radar",
  "title": "Ember FusionCharts Sample",
  "width": 600,
  "height": 400,
  "dataFormat": "json",
  "dataSource": {
    "chart": {
      "caption": "Skill Analysis of Harry",
      "subcaption": "Scale: 1 (low) to 5 (high)",
      "theme": "fusion",
      "showlegend": 1,
      "legendPosition": "bottom",
      "legendAllowDrag": "0",
      "plotHighlightEffect": "fadeout|color=#D5DED9, alpha=50",
      "showdivlinevalues": "0",
      "showlimits": "0",
      "showvalues": "1",
      "plotfillalpha": "40",
      "plottooltext": "Harry's <b>$label</b> skill is rated as <b>$value</b>",
      "exportEnabled": 1,
      "formatNumberScale": 0
    },
    "categories": [
      {
        "category": [
          {
            "label": "Communication"
          },
          {
            "label": "Punctuality"
          },
          {
            "label": "Problem Solving"
          },
          {
            "label": "Meeting Deadlines"
          },
          {
            "label": "Team Player"
          },
          {
            "label": "Technical Knowledge"
          }
        ]
      }
    ],
    "dataset": [
      {
        "seriesname": "User Ratings",
        "data": [
          {
            "value": "3"
          },
          {
            "value": "3"
          },
          {
            "value": "4"
          },
          {
            "value": "3"
          },
          {
            "value": "2"
          },
          {
            "value": "4"
          }
        ]
      }
    ]
  }
}