{
  "type": "stackedcolumn2d",
  "renderAt": "chart-container",
  "width": 1000,
  "height": "600",
  "dataFormat": "json",
  "dataSource": {
    "chart": {
      "drawAnchors": 1,
      "showvalues": 1,
      "placeValuesInside": 1,
      "minPlotHeightForValue": 10,
      "valueFontColor": "#000",
      "valueBgColor": "",
      "valueBgAlpha": "",
      "formatNumberScale": 0,
      "showlegend": 1,
      "legendPosition": "right",
      "legendAllowDrag": "1",
      "plotHighlightEffect": "fadeout|color=#D5DED9, alpha=50",
      "caption": "",
      "subcaption": "",
      "plottooltext": "$seriesName<br>$dataValue",
      "xaxisname": "",
      "labelDisplay": "AUTO",
      "yaxisname": "数量",
      "exportEnabled": "1",
      "showsum": "0",
      "theme": "fusion",
      "linethickness": 5,
      "palettecolors": [
        "#008FFB",
        "#00E396",
        "#FEB019",
        "#FF4560",
        "#775DD0",
        "#6BADFF",
        "#06D8CC",
        "#FFE02E",
        "#ffb0f6",
        "#C289E5",
        "#73ABE4",
        "#90ee90",
        "#F4CF29",
        "#FF658A",
        "#f18af2",
        "#697FD6",
        "#AEF187",
        "#F3D541",
        "#F7BCBB",
        "#BF86FD"
      ]
    },
    "categories": [],
    "dataset": []
  }
}