{
  "type": "bubble",
  "renderAt": "chart-container",
  "width": "100%",
  "height": "100%",
  "dataFormat": "json",
  "dataSource": {
    "chart": {
      "theme": "fusion",
      "caption": "Sales & Profit Analysis",
      "subcaption": "For Last Quarter",
      "xaxisminvalue": "0",
      "xaxismaxvalue": "100",
      "yaxisminvalue": "0",
      "yaxismaxvalue": "30000",
      "xaxisname": "Average Price",
      "yaxisname": "Units Sold",
      "plottooltext": "$name : Profit Contribution: $zvalue%",
      "drawquadrant": "1",
      "quadrantlabeltl": "Low Price / High Sales",
      "quadrantlabeltr": "High Price / High Sales",
      "quadrantlabelbl": "Low Price / Low Sales",
      "quadrantlabelbr": "High Price / Low Sales",
      "quadrantxval": "54",
      "quadrantyval": "12000",
      "quadrantlinealpha": "50",
      "quadrantlinethickness": "2",
      "exportEnabled": 1,
      "formatNumberScale": 0,
      "showlegend": 1,
      "legendPosition": "bottom",
      "legendAllowDrag": "0",
      "plotHighlightEffect": "fadeout|color=#D5DED9, alpha=50"
    },
    "categories": [
      {
        "category": [
          {
            "label": "0",
            "x": "0"
          },
          {
            "label": "$20",
            "x": "20",
            "showverticalline": "1"
          },
          {
            "label": "$40",
            "x": "40",
            "showverticalline": "1"
          },
          {
            "label": "$60",
            "x": "60",
            "showverticalline": "1"
          },
          {
            "label": "$80",
            "x": "80",
            "showverticalline": "1"
          },
          {
            "label": "$100",
            "x": "100",
            "showverticalline": "1"
          }
        ]
      }
    ],
    "dataset": [
      {
        "data": [
          {
            "x": "80",
            "y": "15000",
            "z": "24",
            "name": "Nike"
          },
          {
            "x": "60",
            "y": "18500",
            "z": "26",
            "name": "Adidas"
          },
          {
            "x": "50",
            "y": "19450",
            "z": "19",
            "name": "Puma"
          },
          {
            "x": "65",
            "y": "10500",
            "z": "8",
            "name": "Fila"
          },
          {
            "x": "43",
            "y": "8750",
            "z": "5",
            "name": "Lotto"
          },
          {
            "x": "32",
            "y": "22000",
            "z": "10",
            "name": "Reebok"
          },
          {
            "x": "44",
            "y": "13000",
            "z": "9",
            "name": "Woodland"
          }
        ]
      }
    ],
    "trendlines": [
      {
        "line": [
          {
            "startvalue": "20000",
            "endvalue": "30000",
            "istrendzone": "1",
            "color": "#aaaaaa",
            "alpha": "14"
          },
          {
            "startvalue": "10000",
            "endvalue": "20000",
            "istrendzone": "1",
            "color": "#aaaaaa",
            "alpha": "7"
          }
        ]
      }
    ]
  }
}