{
  "type": "column2d",
  "renderAt": "chart-container",
  "width": "100%",
  "height": "100%",
  "dataFormat": "json",
  "dataSource": {
    "chart": {
      "caption": "Countries With Most Oil Reserves [2017-18]",
      "subcaption": "In MMbbl = One Million barrels",
      "xaxisname": "Country",
      "yaxisname": "Reserves (MMbbl)",
      "theme": "fusion",
      "exportEnabled": 1,
      "formatNumberScale": 0,
      "showlegend": 1,
      "legendPosition": "bottom",
      "legendAllowDrag": "0",
      "plotHighlightEffect": "fadeout|color=#D5DED9, alpha=50"
    },
    "data": [
      {
        "label": "Venezuela",
        "value": "290"
      },
      {
        "label": "Saudi",
        "value": "260"
      },
      {
        "label": "Canada",
        "value": "180"
      },
      {
        "label": "Iran",
        "value": "140"
      },
      {
        "label": "Russia",
        "value": "115"
      },
      {
        "label": "UAE",
        "value": "100"
      },
      {
        "label": "US",
        "value": "30"
      },
      {
        "label": "China",
        "value": "30"
      }
    ]
  }
}