{
  "type": "doughnut3d",
  "renderAt": "chart-container",
  "width": "100%",
  "height": "100%",
  "dataFormat": "json",
  "dataSource": {
    "chart": {
      "caption": "Top 5 countries with Global Oil Reserves",
      "subcaption": "MMbbl= One Million barrels",
      "enablesmartlabels": "1",
      "showlabels": "1",
      "numbersuffix": " MMbbl",
      "usedataplotcolorforlabels": "1",
      "plottooltext": "$label, <b>$value</b> MMbbl",
      "theme": "fusion",
      "exportEnabled": 1,
      "formatNumberScale": 0
    },
    "data": [
      {
        "label": "Venezuela",
        "value": "290"
      },
      {
        "label": "Saudi",
        "value": "260"
      },
      {
        "label": "Canada",
        "value": "180"
      },
      {
        "label": "Iran",
        "value": "140"
      },
      {
        "label": "Russia",
        "value": "115"
      }
    ]
  }
}