{
  "type": "pareto2d",
  "renderAt": "chart-container",
  "width": "100%",
  "height": "100%",
  "dataFormat": "json",
  "dataSource": {
    "chart": {
      "caption": "Late arrivals by reported cause",
      "subcaption": "Last month",
      "pyaxisname": "No. of Occurrence",
      "theme": "fusion",
      "showsecondarylimits": "0",
      "showdivlinesecondaryvalue": "0",
      "plottooltext": "Due to $label, late arrivals count is : <b>$dataValue</b> of the total <b>$sum</b> employees",
      "drawcrossline": "1",
      "exportEnabled": 1,
      "formatNumberScale": 0,
      "showlegend": 1,
      "legendPosition": "bottom",
      "legendAllowDrag": "0",
      "plotHighlightEffect": "fadeout|color=#D5DED9, alpha=50"
    },
    "data": [
      {
        "label": "Traffic",
        "value": "5680"
      },
      {
        "label": "Family Engagement",
        "value": "1036"
      },
      {
        "label": "Public Transport",
        "value": "950"
      },
      {
        "label": "Weather",
        "value": "500"
      },
      {
        "label": "Emergency",
        "value": "140"
      },
      {
        "label": "Others",
        "value": "68"
      }
    ]
  }
}