{
  "type": "waterfall2d",
  "title": "Ember FusionCharts Sample",
  "width": 600,
  "height": 400,
  "dataFormat": "json",
  "dataSource": {
    "chart": {
      "caption": "CompQ: Net Losses By Year",
      "subcaption": "(Inflation Adjusted)",
      "theme": "fusion",
      "numberprefix": "$",
      "showvalues": "1",
      "showsumatend": "0",
      "numberscalevalue": "100",
      "positivecolor": "",
      "plottooltext": "<b>For $label</b><br> Net loss : <b>$dataValue</b> <br> Total cumulative loss: <b> $cumulativeDataValue</b>",
      "exportEnabled": 1,
      "formatNumberScale": 0
    },
    "data": [
      {
        "label": "2006",
        "value": "37"
      },
      {
        "label": "2007",
        "value": "93"
      },
      {
        "label": "2008",
        "value": "95"
      },
      {
        "label": "2009",
        "value": "63"
      },
      {
        "label": "2010",
        "value": "174"
      },
      {
        "label": "2011",
        "value": "279"
      },
      {
        "label": "2012",
        "value": "426"
      },
      {
        "label": "2013",
        "value": "78"
      },
      {
        "label": "2014",
        "value": "307"
      },
      {
        "label": "2015",
        "value": "929"
      },
      {
        "label": "2016",
        "value": "715"
      },
      {
        "label": "2017",
        "value": "632"
      }
    ]
  }
}