{
  "type": "stackedcolumn3dline",
  "renderAt": "chart-container",
  "width": "100%",
  "height": "100%",
  "dataFormat": "json",
  "dataSource": {
    "chart": {
      "showvalues": "0",
      "caption": "Activity Scorecard",
      "subcaption": "Week 33",
      "yaxisname": "Calories Burnt",
      "plottooltext": "<b>$value</b> calories burnt through $seriesName on $label",
      "theme": "fusion",
      "exportEnabled": 1,
      "formatNumberScale": 0
    },
    "categories": [
      {
        "category": [
          {
            "label": "Mon"
          },
          {
            "label": "Tue"
          },
          {
            "label": "Wed"
          },
          {
            "label": "Thu"
          },
          {
            "label": "Fri"
          },
          {
            "label": "Sat"
          },
          {
            "label": "Sun"
          }
        ]
      }
    ],
    "dataset": [
      {
        "seriesname": "Running",
        "data": [
          {
            "value": "28"
          },
          {
            "value": "25"
          },
          {
            "value": "30"
          },
          {
            "value": "18"
          },
          {
            "value": "26"
          },
          {
            "value": "30"
          },
          {
            "value": "22"
          }
        ]
      },
      {
        "seriesname": "Swimming",
        "data": [
          {
            "value": "22"
          },
          {
            "value": "25"
          },
          {
            "value": "25"
          },
          {
            "value": "20"
          },
          {
            "value": "21"
          },
          {
            "value": "28"
          },
          {
            "value": "40"
          }
        ]
      },
      {
        "seriesname": "Personal Goal",
        "renderas": "Line",
        "plottooltext": "Goal was to lose <b>$value</b> calories on $label",
        "data": [
          {
            "value": "41"
          },
          {
            "value": "52"
          },
          {
            "value": "60"
          },
          {
            "value": "40"
          },
          {
            "value": "53"
          },
          {
            "value": "58"
          },
          {
            "value": "88"
          }
        ]
      }
    ]
  }
}