{
  "type": "mscombi3d",
  "renderAt": "chart-container",
  "width": "100%",
  "height": "100%",
  "dataFormat": "json",
  "dataSource": {
    "chart": {
      "caption": "Salary Hikes by Country",
      "subcaption": "2016 - 2017",
      "showhovereffect": "1",
      "numbersuffix": "%",
      "rotatelabels": "1",
      "theme": "fusion",
      "exportEnabled": 1,
      "formatNumberScale": 0
    },
    "categories": [
      {
        "category": [
          {
            "label": "Australia"
          },
          {
            "label": "New-Zealand"
          },
          {
            "label": "India"
          },
          {
            "label": "China"
          },
          {
            "label": "Myanmar"
          },
          {
            "label": "Bangladesh"
          },
          {
            "label": "Thailand"
          },
          {
            "label": "South Korea"
          },
          {
            "label": "Hong Kong"
          },
          {
            "label": "Singapore"
          },
          {
            "label": "Taiwan"
          },
          {
            "label": "Vietnam"
          }
        ]
      }
    ],
    "dataset": [
      {
        "seriesname": "2016 Actual Salary Increase",
        "plottooltext": "Salaries increased by <b>$dataValue</b> in 2016",
        "data": [
          {
            "value": "3"
          },
          {
            "value": "3"
          },
          {
            "value": "10"
          },
          {
            "value": "7"
          },
          {
            "value": "7.4"
          },
          {
            "value": "10"
          },
          {
            "value": "5.4"
          },
          {
            "value": "4.5"
          },
          {
            "value": "4.1"
          },
          {
            "value": "4"
          },
          {
            "value": "3.7"
          },
          {
            "value": "9.3"
          }
        ]
      },
      {
        "seriesname": "2017 Projected Salary Increase",
        "plottooltext": "Salaries expected to increase by <b>$dataValue</b> in 2017",
        "renderas": "line",
        "data": [
          {
            "value": "3"
          },
          {
            "value": "2.8"
          },
          {
            "value": "10"
          },
          {
            "value": "6.9"
          },
          {
            "value": "6.7"
          },
          {
            "value": "9.4"
          },
          {
            "value": "5.5"
          },
          {
            "value": "5"
          },
          {
            "value": "4"
          },
          {
            "value": "4"
          },
          {
            "value": "4.5"
          },
          {
            "value": "9.8"
          }
        ]
      },
      {
        "seriesname": "Inflation rate",
        "plottooltext": "$dataValue projected inflation",
        "renderas": "area",
        "showanchors": "0",
        "data": [
          {
            "value": "1.6"
          },
          {
            "value": "0.6"
          },
          {
            "value": "5.6"
          },
          {
            "value": "2.3"
          },
          {
            "value": "7"
          },
          {
            "value": "5.6"
          },
          {
            "value": "0.2"
          },
          {
            "value": "1"
          },
          {
            "value": "2.6"
          },
          {
            "value": "0"
          },
          {
            "value": "1.1"
          },
          {
            "value": "2.4"
          }
        ]
      }
    ]
  }
}