{
  "type": "msline",
  "renderAt": "chart-container",
  "width": "100%",
  "height": "100%",
  "dataFormat": "json",
  "dataSource": {
    "chart": {
      "caption": "Reach of Social Media Platforms amoung youth",
      "yaxisname": "% of youth on this platform",
      "subcaption": "2012-2016",
      "showhovereffect": "1",
      "drawcrossline": "1",
      "plottooltext": "<b>$dataValue</b> of youth were on $seriesName",
      "theme": "fusion",
      "exportEnabled": 1,
      "formatNumberScale": 0,
      "showlegend": 1,
      "legendPosition": "bottom",
      "legendAllowDrag": "0",
      "plotHighlightEffect": "fadeout|color=#D5DED9, alpha=50"
    },
    "categories": [
      {
        "category": [
          {
            "label": "2012"
          },
          {
            "label": "2013"
          },
          {
            "label": "2014"
          },
          {
            "label": "2015"
          },
          {
            "label": "2016"
          }
        ]
      }
    ],
    "dataset": [
      {
        "seriesname": "Facebook",
        "data": [
          {
            "value": "62"
          },
          {
            "value": "64"
          },
          {
            "value": "64"
          },
          {
            "value": "66"
          },
          {
            "value": "78"
          }
        ]
      },
      {
        "seriesname": "Instagram",
        "data": [
          {
            "value": "16"
          },
          {
            "value": "28"
          },
          {
            "value": "34"
          },
          {
            "value": "42"
          },
          {
            "value": "54"
          }
        ]
      },
      {
        "seriesname": "LinkedIn",
        "data": [
          {
            "value": "20"
          },
          {
            "value": "22"
          },
          {
            "value": "27"
          },
          {
            "value": "22"
          },
          {
            "value": "29"
          }
        ]
      },
      {
        "seriesname": "Twitter",
        "data": [
          {
            "value": "18"
          },
          {
            "value": "19"
          },
          {
            "value": "21"
          },
          {
            "value": "21"
          },
          {
            "value": "24"
          }
        ]
      }
    ]
  }
}