{
  "width": 600,
  "height": 400,
  "type": "timeseries",
  "dataFormat": null,
  "dataSource": {
    "chart": {
      "exportEnabled": 1,
      "formatNumberScale": 0
    },
    "caption": {
      "text": "Interest Rate Comparison"
    },
    "subcaption": {
      "text": "USA and Canada"
    },
    "yaxis": [
      {
        "plot": [
          {
            "value": "Federal Reserve Bank",
            "type": "line"
          },
          {
            "value": "Bank of Canada",
            "type": "line"
          }
        ],
        "format": {
          "suffix": "%"
        },
        "title": "Interest Rate "
      }
    ],
    "datamarker": [
      {
        "value": "Bank of Canada",
        "time": "Aug-1981",
        "timeformat": "%b-%Y",
        "tooltext": "To curb the high double digit inflation rate, Bank of Canada had to increase he interest rate to over 20%"
      },
      {
        "value": "Bank of Canada",
        "time": "Jun-2010",
        "timeformat": "%b-%Y",
        "tooltext": "Seeing the balance sheet expand to over $80 Billion after the financial crisis, Bank Of Canada started increasing the interest rates."
      },
      {
        "value": "Bank of Canada",
        "time": "Nov-1996",
        "timeformat": "%b-%Y",
        "tooltext": "The reduced interest rate propelled business investments in Canada."
      },
      {
        "value": "Bank of Canada",
        "time": "May-1990",
        "timeformat": "%b-%Y",
        "tooltext": "To fight inflationary pressure, interest rate reached around 15%"
      },
      {
        "value": "Federal Reserve Bank",
        "time": "Mar-1980",
        "identifier": "H",
        "timeformat": "%b-%Y",
        "tooltext": "As a part of credit control program, under the leadership of Paul Volcker, the Fed tightened the money supply, allowing the federal fund rates to approach 20 percent."
      },
      {
        "value": "Federal Reserve Bank",
        "time": "Aug-1982",
        "identifier": "L",
        "timeformat": "%b-%Y",
        "tooltext": "The FED eases off the monetary brakes, allowing interest rates to fall and the economy to begin a strong recovery."
      },
      {
        "value": "Federal Reserve Bank",
        "time": "Oct-1987",
        "identifier": "L",
        "timeformat": "%b-%Y",
        "tooltext": "The FED is forced to ease rate after the stock market crash."
      },
      {
        "value": "Federal Reserve Bank",
        "time": "May-1989",
        "identifier": "H",
        "timeformat": "%b-%Y",
        "tooltext": "Liquidity problem forced the Fed to increase rate to nearly 10%."
      },
      {
        "value": "Federal Reserve Bank",
        "time": "Sept-1992",
        "identifier": "L",
        "timeformat": "%b-%Y",
        "tooltext": "To fight the jobless economy growth the Fed had to reduce the interest rate to 3%."
      },
      {
        "value": "Federal Reserve Bank",
        "time": "Jun-2003",
        "identifier": "L",
        "timeformat": "%b-%Y",
        "tooltext": "Struggling to revive the economy, the FED cuts it’s benchmark rate to 1%."
      },
      {
        "value": "Federal Reserve Bank",
        "time": "Sep-2007",
        "identifier": "L",
        "timeformat": "%b-%Y",
        "tooltext": "Fed started reducing the Federal Fund Rate."
      },
      {
        "value": "Federal Reserve Bank",
        "time": "Dec-2008",
        "identifier": "L",
        "timeformat": "%b-%Y",
        "tooltext": "Fed reduced the interest rates to sub 0.25% to manage the menace of longest economic downturn since World War 2"
      }
    ]
  },
  "appData": [
    [
      "Jan-1980",
      14,
      14
    ],
    [
      "Feb-1980",
      20,
      14
    ],
    [
      "Mar-1980",
      20,
      14.79
    ],
    [
      "Apr-1980",
      11.5,
      15.67
    ],
    [
      "May-1980",
      11.5,
      11.83
    ],
    [
      "Jun-1980",
      9.75,
      10.67
    ],
    [
      "Jul-1980",
      9.5,
      10.18
    ],
    [
      "Aug-1980",
      10,
      10.45
    ],
    [
      "Sep-1980",
      12,
      11.02
    ],
    [
      "Oct-1980",
      13.75,
      11.76
    ],
    [
      "Nov-1980",
      18,
      13.06
    ],
    [
      "Dec-1980",
      18,
      17.26
    ],
    [
      "Jan-1981",
      16,
      17
    ],
    [
      "Feb-1981",
      16,
      17.14
    ],
    [
      "Mar-1981",
      16,
      16.59
    ],
    [
      "Apr-1981",
      16,
      17.4
    ],
    [
      "May-1981",
      20,
      19.06
    ],
    [
      "Jun-1981",
      20,
      19.07
    ],
    [
      "Jul-1981",
      20,
      19.89
    ],
    [
      "Aug-1981",
      20,
      21.03
    ],
    [
      "Sep-1981",
      20,
      19.63
    ],
    [
      "Oct-1981",
      20,
      18.3
    ],
    [
      "Nov-1981",
      13,
      15.4
    ],
    [
      "Dec-1981",
      12,
      14.66
    ],
    [
      "Jan-1982",
      15,
      14.72
    ],
    [
      "Feb-1982",
      15,
      14.74
    ],
    [
      "Mar-1982",
      15,
      15.11
    ],
    [
      "Apr-1982",
      13,
      15.32
    ],
    [
      "May-1982",
      13,
      15.32
    ],
    [
      "Jun-1982",
      13,
      16.58
    ],
    [
      "Jul-1982",
      12,
      15.6
    ],
    [
      "Aug-1982",
      9.5,
      14.26
    ],
    [
      "Sep-1982",
      10,
      13.18
    ],
    [
      "Oct-1982",
      9.5,
      11.53
    ],
    [
      "Nov-1982",
      9,
      10.87
    ],
    [
      "Dec-1982",
      8.5,
      10.26
    ],
    [
      "Jan-1983",
      8.5,
      9.81
    ],
    [
      "Feb-1983",
      8.5,
      9.43
    ],
    [
      "Mar-1983",
      8.5,
      9.42
    ],
    [
      "Apr-1983",
      8.5,
      9.46
    ],
    [
      "May-1983",
      9.63,
      9.38
    ],
    [
      "Jun-1983",
      9.63,
      9.42
    ],
    [
      "Jul-1983",
      9.63,
      9.51
    ],
    [
      "Aug-1983",
      9.5,
      9.57
    ],
    [
      "Sep-1983",
      9.5,
      9.52
    ],
    [
      "Oct-1983",
      9.5,
      9.45
    ],
    [
      "Nov-1983",
      9.5,
      9.63
    ],
    [
      "Dec-1983",
      9.5,
      10.04
    ],
    [
      "Jan-1984",
      9.5,
      9.98
    ],
    [
      "Feb-1984",
      9.5,
      10.04
    ],
    [
      "Mar-1984",
      10.5,
      10.76
    ],
    [
      "Apr-1984",
      10.5,
      10.82
    ],
    [
      "May-1984",
      10.5,
      11.6
    ],
    [
      "Jun-1984",
      11,
      11.98
    ],
    [
      "Jul-1984",
      11.75,
      13.24
    ],
    [
      "Aug-1984",
      11.75,
      12.39
    ],
    [
      "Sep-1984",
      10,
      12.28
    ],
    [
      "Oct-1984",
      10,
      11.71
    ],
    [
      "Nov-1984",
      9,
      10.78
    ],
    [
      "Dec-1984",
      8.25,
      10.16
    ],
    [
      "Jan-1985",
      8.25,
      9.66
    ],
    [
      "Feb-1985",
      9,
      10.95
    ],
    [
      "Mar-1985",
      8.5,
      11.18
    ],
    [
      "Apr-1985",
      8.25,
      9.75
    ],
    [
      "May-1985",
      7.75,
      9.59
    ],
    [
      "Jun-1985",
      7.75,
      9.57
    ],
    [
      "Jul-1985",
      8,
      9.31
    ],
    [
      "Aug-1985",
      8,
      9.2
    ],
    [
      "Sep-1985",
      8,
      9.31
    ],
    [
      "Oct-1985",
      8,
      8.77
    ],
    [
      "Nov-1985",
      8,
      8.98
    ],
    [
      "Dec-1985",
      7.75,
      9.49
    ],
    [
      "Jan-1986",
      7.75,
      10.33
    ],
    [
      "Feb-1986",
      7.75,
      11.84
    ],
    [
      "Mar-1986",
      7.25,
      10.44
    ],
    [
      "Apr-1986",
      6.75,
      9.27
    ],
    [
      "May-1986",
      6.88,
      8.43
    ],
    [
      "Jun-1986",
      6.88,
      8.84
    ],
    [
      "Jul-1986",
      6.38,
      8.63
    ],
    [
      "Aug-1986",
      5.88,
      8.58
    ],
    [
      "Sep-1986",
      5.88,
      8.63
    ],
    [
      "Oct-1986",
      5.88,
      8.62
    ],
    [
      "Nov-1986",
      5.88,
      8.47
    ],
    [
      "Dec-1986",
      6,
      8.49
    ],
    [
      "Jan-1987",
      6,
      7.74
    ],
    [
      "Feb-1987",
      6,
      7.59
    ],
    [
      "Mar-1987",
      6,
      7.14
    ],
    [
      "Apr-1987",
      6.75,
      8.26
    ],
    [
      "May-1987",
      6.75,
      8.54
    ],
    [
      "Jun-1987",
      6.75,
      8.59
    ],
    [
      "Jul-1987",
      6.75,
      8.76
    ],
    [
      "Aug-1987",
      6.75,
      9.24
    ],
    [
      "Sep-1987",
      7.25,
      9.57
    ],
    [
      "Oct-1987",
      6.88,
      8.26
    ],
    [
      "Nov-1987",
      6.88,
      8.48
    ],
    [
      "Dec-1987",
      6.88,
      8.66
    ],
    [
      "Jan-1988",
      6.5,
      8.63
    ],
    [
      "Feb-1988",
      6.5,
      8.58
    ],
    [
      "Mar-1988",
      7.5,
      8.78
    ],
    [
      "Apr-1988",
      7.5,
      9.06
    ],
    [
      "May-1988",
      7.5,
      9.12
    ],
    [
      "Jun-1988",
      7.5,
      9.44
    ],
    [
      "Jul-1988",
      7.75,
      9.53
    ],
    [
      "Aug-1988",
      8.25,
      10.03
    ],
    [
      "Sep-1988",
      8.25,
      10.54
    ],
    [
      "Oct-1988",
      8.25,
      10.51
    ],
    [
      "Nov-1988",
      8.38,
      10.84
    ],
    [
      "Dec-1988",
      8.75,
      11.17
    ],
    [
      "Jan-1989",
      9.38,
      11.54
    ],
    [
      "Feb-1989",
      9.75,
      11.7
    ],
    [
      "Mar-1989",
      9.75,
      12.4
    ],
    [
      "Apr-1989",
      9.75,
      12.61
    ],
    [
      "May-1989",
      9.75,
      12.4
    ],
    [
      "Jun-1989",
      9.63,
      12.31
    ],
    [
      "Jul-1989",
      8.25,
      12.32
    ],
    [
      "Aug-1989",
      8.25,
      12.4
    ],
    [
      "Sep-1989",
      8.25,
      12.47
    ],
    [
      "Oct-1989",
      8.25,
      12.43
    ],
    [
      "Nov-1989",
      8.25,
      12.47
    ],
    [
      "Dec-1989",
      8.25,
      12.47
    ],
    [
      "Jan-1990",
      8.25,
      12.29
    ],
    [
      "Feb-1990",
      8.25,
      13.25
    ],
    [
      "Mar-1990",
      8.25,
      13.38
    ],
    [
      "Apr-1990",
      8.25,
      13.77
    ],
    [
      "May-1990",
      8.25,
      14.05
    ],
    [
      "Jun-1990",
      8.25,
      13.9
    ],
    [
      "Jul-1990",
      8,
      13.59
    ],
    [
      "Aug-1990",
      8,
      13.01
    ],
    [
      "Sep-1990",
      8,
      12.61
    ],
    [
      "Oct-1990",
      7.75,
      12.66
    ],
    [
      "Nov-1990",
      7.5,
      12.25
    ],
    [
      "Dec-1990",
      7,
      11.78
    ],
    [
      "Jan-1991",
      6.75,
      10.88
    ],
    [
      "Feb-1991",
      6.25,
      10.02
    ],
    [
      "Mar-1991",
      6,
      9.92
    ],
    [
      "Apr-1991",
      5.75,
      9.66
    ],
    [
      "May-1991",
      5.75,
      9.07
    ],
    [
      "Jun-1991",
      5.75,
      8.91
    ],
    [
      "Jul-1991",
      5.75,
      8.94
    ],
    [
      "Aug-1991",
      5.5,
      8.8
    ],
    [
      "Sep-1991",
      5.25,
      8.68
    ],
    [
      "Oct-1991",
      5,
      8.17
    ],
    [
      "Nov-1991",
      4.75,
      7.69
    ],
    [
      "Dec-1991",
      4,
      7.67
    ],
    [
      "Jan-1992",
      4,
      7.08
    ],
    [
      "Feb-1992",
      4,
      7.56
    ],
    [
      "Mar-1992",
      4,
      7.65
    ],
    [
      "Apr-1992",
      3.75,
      6.85
    ],
    [
      "May-1992",
      3.75,
      6.5
    ],
    [
      "Jun-1992",
      3.75,
      5.91
    ],
    [
      "Jul-1992",
      3.25,
      5.5
    ],
    [
      "Aug-1992",
      3.25,
      5.11
    ],
    [
      "Sep-1992",
      3,
      5.69
    ],
    [
      "Oct-1992",
      3,
      7.37
    ],
    [
      "Nov-1992",
      3,
      8.82
    ],
    [
      "Dec-1992",
      3,
      7.36
    ],
    [
      "Jan-1993",
      3,
      6.81
    ],
    [
      "Feb-1993",
      3,
      6.09
    ],
    [
      "Mar-1993",
      3,
      5.36
    ],
    [
      "Apr-1993",
      3,
      5.6
    ],
    [
      "May-1993",
      3,
      5.1
    ],
    [
      "Jun-1993",
      3,
      4.79
    ],
    [
      "Jul-1993",
      3,
      4.41
    ],
    [
      "Aug-1993",
      3,
      4.9
    ],
    [
      "Sep-1993",
      3,
      4.9
    ],
    [
      "Oct-1993",
      3,
      4.63
    ],
    [
      "Nov-1993",
      3,
      4.36
    ],
    [
      "Dec-1993",
      3,
      4.11
    ],
    [
      "Jan-1994",
      3,
      3.88
    ],
    [
      "Feb-1994",
      3.25,
      4.1
    ],
    [
      "Mar-1994",
      3.5,
      5.64
    ],
    [
      "Apr-1994",
      3.75,
      6.07
    ],
    [
      "May-1994",
      4.25,
      6.31
    ],
    [
      "Jun-1994",
      4.25,
      6.92
    ],
    [
      "Jul-1994",
      4.25,
      6.04
    ],
    [
      "Aug-1994",
      4.75,
      5.6
    ],
    [
      "Sep-1994",
      4.75,
      5.54
    ],
    [
      "Oct-1994",
      4.75,
      5.62
    ],
    [
      "Nov-1994",
      5.5,
      6.04
    ],
    [
      "Dec-1994",
      5.5,
      7.43
    ],
    [
      "Jan-1995",
      5.5,
      8.38
    ],
    [
      "Feb-1995",
      6,
      8.38
    ],
    [
      "Mar-1995",
      6,
      8.47
    ],
    [
      "Apr-1995",
      6,
      8.17
    ],
    [
      "May-1995",
      6,
      7.64
    ],
    [
      "Jun-1995",
      6,
      6.97
    ],
    [
      "Jul-1995",
      5.75,
      6.87
    ],
    [
      "Aug-1995",
      5.75,
      6.59
    ],
    [
      "Sep-1995",
      5.75,
      6.71
    ],
    [
      "Oct-1995",
      5.75,
      7.65
    ],
    [
      "Nov-1995",
      5.75,
      6.07
    ],
    [
      "Dec-1995",
      5.5,
      5.79
    ],
    [
      "Jan-1996",
      5.25,
      5.37
    ],
    [
      "Feb-1996",
      5.25,
      5.25
    ],
    [
      "Mar-1996",
      5.25,
      5
    ],
    [
      "Apr-1996",
      5.25,
      4.75
    ],
    [
      "May-1996",
      5.25,
      4.75
    ],
    [
      "Jun-1996",
      5.25,
      4.75
    ],
    [
      "Jul-1996",
      5.25,
      4.5
    ],
    [
      "Aug-1996",
      5.25,
      4
    ],
    [
      "Sep-1996",
      5.25,
      4
    ],
    [
      "Oct-1996",
      5.25,
      3.25
    ],
    [
      "Nov-1996",
      5.25,
      3
    ],
    [
      "Dec-1996",
      5.25,
      3
    ],
    [
      "Jan-1997",
      5.25,
      3
    ],
    [
      "Feb-1997",
      5.25,
      3
    ],
    [
      "Mar-1997",
      5.5,
      3
    ],
    [
      "Apr-1997",
      5.5,
      3
    ],
    [
      "May-1997",
      5.5,
      3
    ],
    [
      "Jun-1997",
      5.5,
      3.25
    ],
    [
      "Jul-1997",
      5.5,
      3.25
    ],
    [
      "Aug-1997",
      5.5,
      3.25
    ],
    [
      "Sep-1997",
      5.5,
      3.25
    ],
    [
      "Oct-1997",
      5.5,
      3.5
    ],
    [
      "Nov-1997",
      5.5,
      3.75
    ],
    [
      "Dec-1997",
      5.5,
      4.25
    ],
    [
      "Jan-1998",
      5.5,
      4.75
    ],
    [
      "Feb-1998",
      5.5,
      4.75
    ],
    [
      "Mar-1998",
      5.5,
      4.75
    ],
    [
      "Apr-1998",
      5.5,
      4.75
    ],
    [
      "May-1998",
      5.5,
      4.75
    ],
    [
      "Jun-1998",
      5.5,
      4.75
    ],
    [
      "Jul-1998",
      5.5,
      4.75
    ],
    [
      "Aug-1998",
      5.5,
      5.75
    ],
    [
      "Sep-1998",
      5.25,
      5.5
    ],
    [
      "Oct-1998",
      5,
      5.25
    ],
    [
      "Nov-1998",
      4.75,
      5
    ],
    [
      "Dec-1998",
      4.75,
      5
    ],
    [
      "Jan-1999",
      4.75,
      5
    ],
    [
      "Feb-1999",
      4.75,
      5
    ],
    [
      "Mar-1999",
      4.75,
      4.75
    ],
    [
      "Apr-1999",
      4.75,
      4.75
    ],
    [
      "May-1999",
      4.75,
      4.5
    ],
    [
      "Jun-1999",
      5,
      4.5
    ],
    [
      "Jul-1999",
      5,
      4.5
    ],
    [
      "Aug-1999",
      5.25,
      4.5
    ],
    [
      "Sep-1999",
      5.25,
      4.5
    ],
    [
      "Oct-1999",
      5.25,
      4.5
    ],
    [
      "Nov-1999",
      5.5,
      4.75
    ],
    [
      "Dec-1999",
      5.5,
      4.75
    ],
    [
      "Jan-2000",
      5.5,
      4.75
    ],
    [
      "Feb-2000",
      5.75,
      5
    ],
    [
      "Mar-2000",
      6,
      5.25
    ],
    [
      "Apr-2000",
      6,
      5.25
    ],
    [
      "May-2000",
      6.5,
      5.75
    ],
    [
      "Jun-2000",
      6.5,
      5.75
    ],
    [
      "Jul-2000",
      6.5,
      5.75
    ],
    [
      "Aug-2000",
      6.5,
      5.75
    ],
    [
      "Sep-2000",
      6.5,
      5.75
    ],
    [
      "Oct-2000",
      6.5,
      5.75
    ],
    [
      "Nov-2000",
      6.5,
      5.75
    ],
    [
      "Dec-2000",
      6.5,
      5.75
    ],
    [
      "Jan-2001",
      5.5,
      5.5
    ],
    [
      "Feb-2001",
      5.5,
      5.5
    ],
    [
      "Mar-2001",
      5,
      5
    ],
    [
      "Apr-2001",
      4.5,
      4.75
    ],
    [
      "May-2001",
      4,
      4.5
    ],
    [
      "Jun-2001",
      3.75,
      4.5
    ],
    [
      "Jul-2001",
      3.75,
      4.25
    ],
    [
      "Aug-2001",
      3.5,
      4
    ],
    [
      "Sep-2001",
      3,
      3.5
    ],
    [
      "Oct-2001",
      2.5,
      2.75
    ],
    [
      "Nov-2001",
      2,
      2.25
    ],
    [
      "Dec-2001",
      1.75,
      2.25
    ],
    [
      "Jan-2002",
      1.75,
      2
    ],
    [
      "Feb-2002",
      1.75,
      2
    ],
    [
      "Mar-2002",
      1.75,
      2
    ],
    [
      "Apr-2002",
      1.75,
      2.25
    ],
    [
      "May-2002",
      1.75,
      2.25
    ],
    [
      "Jun-2002",
      1.75,
      2.5
    ],
    [
      "Jul-2002",
      1.75,
      2.75
    ],
    [
      "Aug-2002",
      1.75,
      2.75
    ],
    [
      "Sep-2002",
      1.75,
      2.75
    ],
    [
      "Oct-2002",
      1.75,
      2.75
    ],
    [
      "Nov-2002",
      1.25,
      2.75
    ],
    [
      "Dec-2002",
      1.25,
      2.75
    ],
    [
      "Jan-2003",
      1.25,
      2.75
    ],
    [
      "Feb-2003",
      1.25,
      2.75
    ],
    [
      "Mar-2003",
      1.25,
      3
    ],
    [
      "Apr-2003",
      1.25,
      3.25
    ],
    [
      "May-2003",
      1.25,
      3.25
    ],
    [
      "Jun-2003",
      1,
      3.25
    ],
    [
      "Jul-2003",
      1,
      3
    ],
    [
      "Aug-2003",
      1,
      3
    ],
    [
      "Sep-2003",
      1,
      2.75
    ],
    [
      "Oct-2003",
      1,
      2.75
    ],
    [
      "Nov-2003",
      1,
      2.75
    ],
    [
      "Dec-2003",
      1,
      2.75
    ],
    [
      "Jan-2004",
      1,
      2.5
    ],
    [
      "Feb-2004",
      1,
      2.5
    ],
    [
      "Mar-2004",
      1,
      2.25
    ],
    [
      "Apr-2004",
      1,
      2
    ],
    [
      "May-2004",
      1,
      2
    ],
    [
      "Jun-2004",
      1.25,
      2
    ],
    [
      "Jul-2004",
      1.25,
      2
    ],
    [
      "Aug-2004",
      1.5,
      2
    ],
    [
      "Sep-2004",
      1.75,
      2.25
    ],
    [
      "Oct-2004",
      1.75,
      2.5
    ],
    [
      "Nov-2004",
      2,
      2.5
    ],
    [
      "Dec-2004",
      2.25,
      2.5
    ],
    [
      "Jan-2005",
      2.25,
      2.5
    ],
    [
      "Feb-2005",
      2.5,
      2.5
    ],
    [
      "Mar-2005",
      2.75,
      2.5
    ],
    [
      "Apr-2005",
      2.75,
      2.5
    ],
    [
      "May-2005",
      3,
      2.5
    ],
    [
      "Jun-2005",
      3.25,
      2.5
    ],
    [
      "Jul-2005",
      3.25,
      2.5
    ],
    [
      "Aug-2005",
      3.5,
      2.5
    ],
    [
      "Sep-2005",
      3.75,
      2.75
    ],
    [
      "Oct-2005",
      3.75,
      3
    ],
    [
      "Nov-2005",
      4,
      3
    ],
    [
      "Dec-2005",
      4.25,
      3.25
    ],
    [
      "Jan-2006",
      4.5,
      3.5
    ],
    [
      "Feb-2006",
      4.5,
      3.5
    ],
    [
      "Mar-2006",
      4.75,
      3.75
    ],
    [
      "Apr-2006",
      4.75,
      4
    ],
    [
      "May-2006",
      5,
      4.25
    ],
    [
      "Jun-2006",
      5.25,
      4.25
    ],
    [
      "Jul-2006",
      5.25,
      4.25
    ],
    [
      "Aug-2006",
      5.25,
      4.25
    ],
    [
      "Sep-2006",
      5.25,
      4.25
    ],
    [
      "Oct-2006",
      5.25,
      4.25
    ],
    [
      "Nov-2006",
      5.25,
      4.25
    ],
    [
      "Dec-2006",
      5.25,
      4.25
    ],
    [
      "Jan-2007",
      5.25,
      4.25
    ],
    [
      "Feb-2007",
      5.25,
      4.25
    ],
    [
      "Mar-2007",
      5.25,
      4.25
    ],
    [
      "Apr-2007",
      5.25,
      4.25
    ],
    [
      "May-2007",
      5.25,
      4.25
    ],
    [
      "Jun-2007",
      5.25,
      4.25
    ],
    [
      "Jul-2007",
      5.25,
      4.5
    ],
    [
      "Aug-2007",
      5.25,
      4.5
    ],
    [
      "Sep-2007",
      4.75,
      4.5
    ],
    [
      "Oct-2007",
      4.5,
      4.5
    ],
    [
      "Nov-2007",
      4.5,
      4.5
    ],
    [
      "Dec-2007",
      4.25,
      4.25
    ],
    [
      "Jan-2008",
      3,
      4
    ],
    [
      "Feb-2008",
      3,
      4
    ],
    [
      "Mar-2008",
      2.25,
      3.5
    ],
    [
      "Apr-2008",
      2,
      3
    ],
    [
      "May-2008",
      2,
      3
    ],
    [
      "Jun-2008",
      2,
      3
    ],
    [
      "Jul-2008",
      2,
      3
    ],
    [
      "Aug-2008",
      2,
      3
    ],
    [
      "Sep-2008",
      2,
      3
    ],
    [
      "Oct-2008",
      1,
      2.25
    ],
    [
      "Nov-2008",
      1,
      2.25
    ],
    [
      "Dec-2008",
      0.125,
      1.5
    ],
    [
      "Jan-2009",
      0.125,
      1
    ],
    [
      "Feb-2009",
      0.125,
      1
    ],
    [
      "Mar-2009",
      0.125,
      0.5
    ],
    [
      "Apr-2009",
      0.125,
      0.25
    ],
    [
      "May-2009",
      0.125,
      0.25
    ],
    [
      "Jun-2009",
      0.125,
      0.25
    ],
    [
      "Jul-2009",
      0.125,
      0.25
    ],
    [
      "Aug-2009",
      0.125,
      0.25
    ],
    [
      "Sep-2009",
      0.125,
      0.25
    ],
    [
      "Oct-2009",
      0.125,
      0.25
    ],
    [
      "Nov-2009",
      0.125,
      0.25
    ],
    [
      "Dec-2009",
      0.125,
      0.25
    ],
    [
      "Jan-2010",
      0.125,
      0.25
    ],
    [
      "Feb-2010",
      0.125,
      0.25
    ],
    [
      "Mar-2010",
      0.125,
      0.25
    ],
    [
      "Apr-2010",
      0.125,
      0.25
    ],
    [
      "May-2010",
      0.125,
      0.25
    ],
    [
      "Jun-2010",
      0.125,
      0.5
    ],
    [
      "Jul-2010",
      0.125,
      0.75
    ],
    [
      "Aug-2010",
      0.125,
      0.75
    ],
    [
      "Sep-2010",
      0.125,
      1
    ],
    [
      "Oct-2010",
      0.125,
      1
    ],
    [
      "Nov-2010",
      0.125,
      1
    ],
    [
      "Dec-2010",
      0.125,
      1
    ],
    [
      "Jan-2011",
      0.125,
      1
    ],
    [
      "Feb-2011",
      0.125,
      1
    ],
    [
      "Mar-2011",
      0.125,
      1
    ],
    [
      "Apr-2011",
      0.125,
      1
    ],
    [
      "May-2011",
      0.125,
      1
    ],
    [
      "Jun-2011",
      0.125,
      1
    ],
    [
      "Jul-2011",
      0.125,
      1
    ],
    [
      "Aug-2011",
      0.125,
      1
    ],
    [
      "Sep-2011",
      0.125,
      1
    ],
    [
      "Oct-2011",
      0.125,
      1
    ]
  ],
  "appSchema": [
    {
      "name": "Time",
      "type": "date",
      "format": "%b-%Y"
    },
    {
      "name": "Federal Reserve Bank",
      "type": "number"
    },
    {
      "name": "Bank of Canada",
      "type": "number"
    }
  ]
}