{
  "type": "spline",
  "renderAt": "chart-container",
  "width": "100%",
  "height": "100%",
  "dataFormat": "json",
  "dataSource": {
    "chart": {
      "caption": "Average Monthly Temperature in Texas",
      "yaxisname": "Average Monthly Temperature",
      "anchorradius": "5",
      "plottooltext": "Average temperature in $label is <b>$dataValue</b>",
      "showhovereffect": "1",
      "showvalues": "0",
      "theme": "fusion",
      "anchorbgcolor": "#72D7B2",
      "palettecolors": "#72D7B2",
      "exportEnabled": 1,
      "formatNumberScale": 0,
      "showlegend": 1,
      "legendPosition": "bottom",
      "legendAllowDrag": "0",
      "plotHighlightEffect": "fadeout|color=#D5DED9, alpha=50"
    },
    "data": [
      {
        "label": "Jan",
        "value": "1"
      },
      {
        "label": "Feb",
        "value": "5"
      },
      {
        "label": "Mar",
        "value": "10"
      },
      {
        "label": "Apr",
        "value": "12"
      },
      {
        "label": "May",
        "value": "14"
      },
      {
        "label": "Jun",
        "value": "16"
      },
      {
        "label": "Jul",
        "value": "20"
      },
      {
        "label": "Aug",
        "value": "22"
      },
      {
        "label": "Sep",
        "value": "20"
      },
      {
        "label": "Oct",
        "value": "16"
      },
      {
        "label": "Nov",
        "value": "7"
      },
      {
        "label": "Dec",
        "value": "2"
      }
    ]
  }
}