{
  "type": "timeseries",
  "renderAt": "chart-container",
  "width": "100%",
  "height": "500",
  "dataSource": {
    "chart": {
      "exportEnabled": 1,
      "formatNumberScale": 0
    },
    "caption": {
      "text": "Web visits & downloads"
    },
    "subcaption": {
      "text": "since 2015"
    },
    "yaxis": [
      {
        "plot": [
          {
            "value": "Downloads",
            "type": "column"
          },
          {
            "value": "Web Visits",
            "type": "line"
          }
        ]
      }
    ]
  },
  "appData": [
    [
      "01-Jan-2015",
      "55",
      "100"
    ],
    [
      "02-Jan-2015",
      "56",
      "106"
    ],
    [
      "03-Jan-2015",
      "59",
      "108"
    ],
    [
      "04-Jan-2015",
      "50",
      "102"
    ],
    [
      "05-Jan-2015",
      "56",
      "108"
    ],
    [
      "06-Jan-2015",
      "48",
      "100"
    ],
    [
      "07-Jan-2015",
      "45",
      "97"
    ],
    [
      "08-Jan-2015",
      "56",
      "105"
    ],
    [
      "09-Jan-2015",
      "44",
      "95"
    ],
    [
      "10-Jan-2015",
      "48",
      "96"
    ],
    [
      "11-Jan-2015",
      "52",
      "104"
    ],
    [
      "12-Jan-2015",
      "59",
      "112"
    ],
    [
      "13-Jan-2015",
      "62",
      "118"
    ],
    [
      "14-Jan-2015",
      "56",
      "114"
    ],
    [
      "15-Jan-2015",
      "59",
      "115"
    ],
    [
      "16-Jan-2015",
      "64",
      "125"
    ],
    [
      "17-Jan-2015",
      "61",
      "122"
    ],
    [
      "18-Jan-2015",
      "65",
      "127"
    ],
    [
      "19-Jan-2015",
      "59",
      "126"
    ],
    [
      "20-Jan-2015",
      "75",
      "138"
    ],
    [
      "21-Jan-2015",
      "58",
      "124"
    ],
    [
      "22-Jan-2015",
      "72",
      "134"
    ],
    [
      "23-Jan-2015",
      "64",
      "132"
    ],
    [
      "24-Jan-2015",
      "75",
      "143"
    ],
    [
      "25-Jan-2015",
      "66",
      "133"
    ],
    [
      "26-Jan-2015",
      "70",
      "134"
    ],
    [
      "27-Jan-2015",
      "64",
      "133"
    ],
    [
      "28-Jan-2015",
      "63",
      "128"
    ],
    [
      "29-Jan-2015",
      "69",
      "135"
    ],
    [
      "30-Jan-2015",
      "62",
      "129"
    ],
    [
      "31-Jan-2015",
      "71",
      "136"
    ],
    [
      "01-Feb-2015",
      "76",
      "148"
    ],
    [
      "02-Feb-2015",
      "85",
      "156"
    ],
    [
      "03-Feb-2015",
      "86",
      "156"
    ],
    [
      "04-Feb-2015",
      "86",
      "169"
    ],
    [
      "05-Feb-2015",
      "93",
      "180"
    ],
    [
      "06-Feb-2015",
      "95",
      "185"
    ],
    [
      "07-Feb-2015",
      "100",
      "189"
    ],
    [
      "08-Feb-2015",
      "103",
      "194"
    ],
    [
      "09-Feb-2015",
      "96",
      "193"
    ],
    [
      "10-Feb-2015",
      "82",
      "174"
    ],
    [
      "11-Feb-2015",
      "97",
      "183"
    ],
    [
      "12-Feb-2015",
      "79",
      "175"
    ],
    [
      "13-Feb-2015",
      "74",
      "161"
    ],
    [
      "14-Feb-2015",
      "67",
      "149"
    ],
    [
      "15-Feb-2015",
      "76",
      "150"
    ],
    [
      "16-Feb-2015",
      "68",
      "144"
    ],
    [
      "17-Feb-2015",
      "76",
      "147"
    ],
    [
      "18-Feb-2015",
      "64",
      "141"
    ],
    [
      "19-Feb-2015",
      "79",
      "153"
    ],
    [
      "20-Feb-2015",
      "69",
      "144"
    ],
    [
      "21-Feb-2015",
      "79",
      "151"
    ],
    [
      "22-Feb-2015",
      "83",
      "154"
    ],
    [
      "23-Feb-2015",
      "75",
      "153"
    ],
    [
      "24-Feb-2015",
      "87",
      "161"
    ],
    [
      "25-Feb-2015",
      "73",
      "151"
    ],
    [
      "26-Feb-2015",
      "65",
      "138"
    ],
    [
      "27-Feb-2015",
      "75",
      "146"
    ],
    [
      "28-Feb-2015",
      "66",
      "134"
    ],
    [
      "01-Mar-2015",
      "72",
      "138"
    ],
    [
      "02-Mar-2015",
      "73",
      "145"
    ],
    [
      "03-Mar-2015",
      "80",
      "154"
    ],
    [
      "04-Mar-2015",
      "72",
      "145"
    ],
    [
      "05-Mar-2015",
      "79",
      "157"
    ],
    [
      "06-Mar-2015",
      "89",
      "167"
    ],
    [
      "07-Mar-2015",
      "90",
      "180"
    ],
    [
      "08-Mar-2015",
      "98",
      "190"
    ],
    [
      "09-Mar-2015",
      "101",
      "202"
    ],
    [
      "10-Mar-2015",
      "91",
      "184"
    ],
    [
      "11-Mar-2015",
      "102",
      "195"
    ],
    [
      "12-Mar-2015",
      "117",
      "213"
    ],
    [
      "13-Mar-2015",
      "91",
      "200"
    ],
    [
      "14-Mar-2015",
      "116",
      "219"
    ],
    [
      "15-Mar-2015",
      "121",
      "227"
    ],
    [
      "16-Mar-2015",
      "98",
      "209"
    ],
    [
      "17-Mar-2015",
      "98",
      "204"
    ],
    [
      "18-Mar-2015",
      "88",
      "194"
    ],
    [
      "19-Mar-2015",
      "82",
      "183"
    ],
    [
      "20-Mar-2015",
      "83",
      "172"
    ],
    [
      "21-Mar-2015",
      "94",
      "177"
    ],
    [
      "22-Mar-2015",
      "97",
      "189"
    ],
    [
      "23-Mar-2015",
      "102",
      "197"
    ],
    [
      "24-Mar-2015",
      "111",
      "203"
    ],
    [
      "25-Mar-2015",
      "109",
      "203"
    ],
    [
      "26-Mar-2015",
      "106",
      "211"
    ],
    [
      "27-Mar-2015",
      "103",
      "210"
    ],
    [
      "28-Mar-2015",
      "96",
      "204"
    ],
    [
      "29-Mar-2015",
      "121",
      "223"
    ],
    [
      "30-Mar-2015",
      "102",
      "211"
    ],
    [
      "31-Mar-2015",
      "109",
      "212"
    ],
    [
      "01-Apr-2015",
      "120",
      "226"
    ],
    [
      "02-Apr-2015",
      "99",
      "220"
    ],
    [
      "03-Apr-2015",
      "128",
      "237"
    ],
    [
      "04-Apr-2015",
      "122",
      "241"
    ],
    [
      "05-Apr-2015",
      "127",
      "248"
    ],
    [
      "06-Apr-2015",
      "132",
      "253"
    ],
    [
      "07-Apr-2015",
      "130",
      "257"
    ],
    [
      "08-Apr-2015",
      "141",
      "259"
    ],
    [
      "09-Apr-2015",
      "138",
      "267"
    ],
    [
      "10-Apr-2015",
      "147",
      "275"
    ],
    [
      "11-Apr-2015",
      "144",
      "286"
    ],
    [
      "12-Apr-2015",
      "150",
      "293"
    ],
    [
      "13-Apr-2015",
      "139",
      "280"
    ],
    [
      "14-Apr-2015",
      "124",
      "254"
    ],
    [
      "15-Apr-2015",
      "148",
      "279"
    ],
    [
      "16-Apr-2015",
      "135",
      "277"
    ],
    [
      "17-Apr-2015",
      "149",
      "297"
    ],
    [
      "18-Apr-2015",
      "165",
      "310"
    ],
    [
      "19-Apr-2015",
      "159",
      "314"
    ],
    [
      "20-Apr-2015",
      "181",
      "344"
    ],
    [
      "21-Apr-2015",
      "202",
      "378"
    ],
    [
      "22-Apr-2015",
      "210",
      "384"
    ],
    [
      "23-Apr-2015",
      "214",
      "421"
    ],
    [
      "24-Apr-2015",
      "172",
      "379"
    ],
    [
      "25-Apr-2015",
      "220",
      "406"
    ],
    [
      "26-Apr-2015",
      "181",
      "400"
    ],
    [
      "27-Apr-2015",
      "207",
      "402"
    ],
    [
      "28-Apr-2015",
      "226",
      "428"
    ],
    [
      "29-Apr-2015",
      "236",
      "470"
    ],
    [
      "30-Apr-2015",
      "267",
      "492"
    ],
    [
      "01-May-2015",
      "213",
      "452"
    ],
    [
      "02-May-2015",
      "201",
      "432"
    ],
    [
      "03-May-2015",
      "197",
      "415"
    ],
    [
      "04-May-2015",
      "181",
      "385"
    ],
    [
      "05-May-2015",
      "217",
      "403"
    ],
    [
      "06-May-2015",
      "173",
      "368"
    ],
    [
      "07-May-2015",
      "196",
      "377"
    ],
    [
      "08-May-2015",
      "207",
      "399"
    ],
    [
      "09-May-2015",
      "220",
      "409"
    ],
    [
      "10-May-2015",
      "220",
      "430"
    ],
    [
      "11-May-2015",
      "244",
      "471"
    ],
    [
      "12-May-2015",
      "268",
      "488"
    ],
    [
      "13-May-2015",
      "270",
      "528"
    ],
    [
      "14-May-2015",
      "242",
      "487"
    ],
    [
      "15-May-2015",
      "274",
      "533"
    ],
    [
      "16-May-2015",
      "273",
      "538"
    ],
    [
      "17-May-2015",
      "284",
      "563"
    ],
    [
      "18-May-2015",
      "292",
      "572"
    ],
    [
      "19-May-2015",
      "308",
      "595"
    ],
    [
      "20-May-2015",
      "327",
      "613"
    ],
    [
      "21-May-2015",
      "325",
      "632"
    ],
    [
      "22-May-2015",
      "346",
      "675"
    ],
    [
      "23-May-2015",
      "359",
      "709"
    ],
    [
      "24-May-2015",
      "327",
      "699"
    ],
    [
      "25-May-2015",
      "407",
      "746"
    ],
    [
      "26-May-2015",
      "381",
      "748"
    ],
    [
      "27-May-2015",
      "333",
      "736"
    ],
    [
      "28-May-2015",
      "393",
      "772"
    ],
    [
      "29-May-2015",
      "454",
      "834"
    ],
    [
      "30-May-2015",
      "380",
      "803"
    ],
    [
      "31-May-2015",
      "372",
      "766"
    ],
    [
      "01-Jun-2015",
      "339",
      "714"
    ],
    [
      "02-Jun-2015",
      "336",
      "709"
    ],
    [
      "03-Jun-2015",
      "404",
      "769"
    ],
    [
      "04-Jun-2015",
      "340",
      "706"
    ],
    [
      "05-Jun-2015",
      "393",
      "762"
    ],
    [
      "06-Jun-2015",
      "361",
      "760"
    ],
    [
      "07-Jun-2015",
      "416",
      "769"
    ],
    [
      "08-Jun-2015",
      "437",
      "814"
    ],
    [
      "09-Jun-2015",
      "462",
      "876"
    ],
    [
      "10-Jun-2015",
      "398",
      "874"
    ],
    [
      "11-Jun-2015",
      "389",
      "824"
    ],
    [
      "12-Jun-2015",
      "439",
      "860"
    ],
    [
      "13-Jun-2015",
      "412",
      "840"
    ],
    [
      "14-Jun-2015",
      "463",
      "865"
    ],
    [
      "15-Jun-2015",
      "472",
      "892"
    ],
    [
      "16-Jun-2015",
      "486",
      "960"
    ],
    [
      "17-Jun-2015",
      "533",
      "988"
    ],
    [
      "18-Jun-2015",
      "558",
      "1045"
    ],
    [
      "19-Jun-2015",
      "579",
      "1133"
    ],
    [
      "20-Jun-2015",
      "553",
      "1110"
    ],
    [
      "21-Jun-2015",
      "589",
      "1134"
    ],
    [
      "22-Jun-2015",
      "528",
      "1110"
    ],
    [
      "23-Jun-2015",
      "583",
      "1110"
    ],
    [
      "24-Jun-2015",
      "584",
      "1156"
    ],
    [
      "25-Jun-2015",
      "470",
      "1041"
    ],
    [
      "26-Jun-2015",
      "542",
      "1060"
    ],
    [
      "27-Jun-2015",
      "583",
      "1148"
    ],
    [
      "28-Jun-2015",
      "494",
      "1063"
    ],
    [
      "29-Jun-2015",
      "577",
      "1084"
    ],
    [
      "30-Jun-2015",
      "623",
      "1171"
    ],
    [
      "01-Jul-2015",
      "505",
      "1064"
    ],
    [
      "02-Jul-2015",
      "603",
      "1111"
    ],
    [
      "03-Jul-2015",
      "648",
      "1206"
    ],
    [
      "04-Jul-2015",
      "498",
      "1103"
    ],
    [
      "05-Jul-2015",
      "607",
      "1115"
    ],
    [
      "06-Jul-2015",
      "609",
      "1179"
    ],
    [
      "07-Jul-2015",
      "512",
      "1109"
    ],
    [
      "08-Jul-2015",
      "496",
      "1016"
    ],
    [
      "09-Jul-2015",
      "480",
      "978"
    ],
    [
      "10-Jul-2015",
      "519",
      "996"
    ],
    [
      "11-Jul-2015",
      "543",
      "1043"
    ],
    [
      "12-Jul-2015",
      "573",
      "1104"
    ],
    [
      "13-Jul-2015",
      "541",
      "1098"
    ],
    [
      "14-Jul-2015",
      "488",
      "1044"
    ],
    [
      "15-Jul-2015",
      "591",
      "1131"
    ],
    [
      "16-Jul-2015",
      "607",
      "1197"
    ],
    [
      "17-Jul-2015",
      "670",
      "1314"
    ],
    [
      "18-Jul-2015",
      "681",
      "1324"
    ],
    [
      "19-Jul-2015",
      "727",
      "1416"
    ],
    [
      "20-Jul-2015",
      "780",
      "1548"
    ],
    [
      "21-Jul-2015",
      "702",
      "1526"
    ],
    [
      "22-Jul-2015",
      "722",
      "1518"
    ],
    [
      "23-Jul-2015",
      "816",
      "1564"
    ],
    [
      "24-Jul-2015",
      "819",
      "1635"
    ],
    [
      "25-Jul-2015",
      "734",
      "1496"
    ],
    [
      "26-Jul-2015",
      "661",
      "1352"
    ],
    [
      "27-Jul-2015",
      "595",
      "1254"
    ],
    [
      "28-Jul-2015",
      "702",
      "1335"
    ],
    [
      "29-Jul-2015",
      "592",
      "1289"
    ],
    [
      "30-Jul-2015",
      "567",
      "1218"
    ],
    [
      "31-Jul-2015",
      "533",
      "1097"
    ],
    [
      "01-Aug-2015",
      "610",
      "1134"
    ],
    [
      "02-Aug-2015",
      "533",
      "1108"
    ],
    [
      "03-Aug-2015",
      "613",
      "1116"
    ],
    [
      "04-Aug-2015",
      "632",
      "1218"
    ],
    [
      "05-Aug-2015",
      "686",
      "1336"
    ],
    [
      "06-Aug-2015",
      "741",
      "1377"
    ],
    [
      "07-Aug-2015",
      "610",
      "1254"
    ],
    [
      "08-Aug-2015",
      "645",
      "1288"
    ],
    [
      "09-Aug-2015",
      "550",
      "1216"
    ],
    [
      "10-Aug-2015",
      "654",
      "1260"
    ],
    [
      "11-Aug-2015",
      "607",
      "1221"
    ],
    [
      "12-Aug-2015",
      "533",
      "1142"
    ],
    [
      "13-Aug-2015",
      "650",
      "1238"
    ],
    [
      "14-Aug-2015",
      "610",
      "1232"
    ],
    [
      "15-Aug-2015",
      "574",
      "1151"
    ],
    [
      "16-Aug-2015",
      "565",
      "1148"
    ],
    [
      "17-Aug-2015",
      "544",
      "1093"
    ],
    [
      "18-Aug-2015",
      "569",
      "1137"
    ],
    [
      "19-Aug-2015",
      "494",
      "1026"
    ],
    [
      "20-Aug-2015",
      "546",
      "1082"
    ],
    [
      "21-Aug-2015",
      "603",
      "1162"
    ],
    [
      "22-Aug-2015",
      "520",
      "1096"
    ],
    [
      "23-Aug-2015",
      "527",
      "1058"
    ],
    [
      "24-Aug-2015",
      "464",
      "1022"
    ],
    [
      "25-Aug-2015",
      "460",
      "971"
    ],
    [
      "26-Aug-2015",
      "539",
      "1057"
    ],
    [
      "27-Aug-2015",
      "623",
      "1149"
    ],
    [
      "28-Aug-2015",
      "541",
      "1102"
    ],
    [
      "29-Aug-2015",
      "516",
      "1034"
    ],
    [
      "30-Aug-2015",
      "590",
      "1135"
    ],
    [
      "31-Aug-2015",
      "495",
      "1025"
    ],
    [
      "01-Sep-2015",
      "551",
      "1045"
    ],
    [
      "02-Sep-2015",
      "546",
      "1053"
    ],
    [
      "03-Sep-2015",
      "460",
      "1003"
    ],
    [
      "04-Sep-2015",
      "560",
      "1036"
    ],
    [
      "05-Sep-2015",
      "563",
      "1095"
    ],
    [
      "06-Sep-2015",
      "609",
      "1185"
    ],
    [
      "07-Sep-2015",
      "626",
      "1229"
    ],
    [
      "08-Sep-2015",
      "543",
      "1159"
    ],
    [
      "09-Sep-2015",
      "643",
      "1272"
    ],
    [
      "10-Sep-2015",
      "666",
      "1329"
    ],
    [
      "11-Sep-2015",
      "774",
      "1414"
    ],
    [
      "12-Sep-2015",
      "766",
      "1444"
    ],
    [
      "13-Sep-2015",
      "828",
      "1511"
    ],
    [
      "14-Sep-2015",
      "836",
      "1590"
    ],
    [
      "15-Sep-2015",
      "899",
      "1649"
    ],
    [
      "16-Sep-2015",
      "785",
      "1646"
    ],
    [
      "17-Sep-2015",
      "938",
      "1713"
    ],
    [
      "18-Sep-2015",
      "763",
      "1664"
    ],
    [
      "19-Sep-2015",
      "961",
      "1830"
    ],
    [
      "20-Sep-2015",
      "831",
      "1709"
    ],
    [
      "21-Sep-2015",
      "789",
      "1657"
    ],
    [
      "22-Sep-2015",
      "783",
      "1653"
    ],
    [
      "23-Sep-2015",
      "882",
      "1669"
    ],
    [
      "24-Sep-2015",
      "923",
      "1762"
    ],
    [
      "25-Sep-2015",
      "974",
      "1841"
    ],
    [
      "26-Sep-2015",
      "789",
      "1689"
    ],
    [
      "27-Sep-2015",
      "781",
      "1601"
    ],
    [
      "28-Sep-2015",
      "899",
      "1727"
    ],
    [
      "29-Sep-2015",
      "922",
      "1780"
    ],
    [
      "30-Sep-2015",
      "971",
      "1868"
    ],
    [
      "01-Oct-2015",
      "856",
      "1856"
    ],
    [
      "02-Oct-2015",
      "806",
      "1683"
    ],
    [
      "03-Oct-2015",
      "744",
      "1571"
    ],
    [
      "04-Oct-2015",
      "796",
      "1574"
    ],
    [
      "05-Oct-2015",
      "866",
      "1700"
    ],
    [
      "06-Oct-2015",
      "937",
      "1823"
    ],
    [
      "07-Oct-2015",
      "995",
      "1837"
    ],
    [
      "08-Oct-2015",
      "1026",
      "1911"
    ],
    [
      "09-Oct-2015",
      "1024",
      "1952"
    ],
    [
      "10-Oct-2015",
      "835",
      "1768"
    ],
    [
      "11-Oct-2015",
      "786",
      "1634"
    ],
    [
      "12-Oct-2015",
      "755",
      "1575"
    ],
    [
      "13-Oct-2015",
      "886",
      "1633"
    ],
    [
      "14-Oct-2015",
      "774",
      "1578"
    ],
    [
      "15-Oct-2015",
      "950",
      "1732"
    ],
    [
      "16-Oct-2015",
      "789",
      "1630"
    ],
    [
      "17-Oct-2015",
      "768",
      "1557"
    ],
    [
      "18-Oct-2015",
      "907",
      "1661"
    ],
    [
      "19-Oct-2015",
      "737",
      "1550"
    ],
    [
      "20-Oct-2015",
      "701",
      "1472"
    ],
    [
      "21-Oct-2015",
      "860",
      "1583"
    ],
    [
      "22-Oct-2015",
      "708",
      "1515"
    ],
    [
      "23-Oct-2015",
      "872",
      "1660"
    ],
    [
      "24-Oct-2015",
      "952",
      "1735"
    ],
    [
      "25-Oct-2015",
      "798",
      "1648"
    ],
    [
      "26-Oct-2015",
      "894",
      "1755"
    ],
    [
      "27-Oct-2015",
      "840",
      "1710"
    ],
    [
      "28-Oct-2015",
      "890",
      "1733"
    ],
    [
      "29-Oct-2015",
      "993",
      "1849"
    ],
    [
      "30-Oct-2015",
      "1020",
      "1885"
    ],
    [
      "31-Oct-2015",
      "1027",
      "1990"
    ],
    [
      "01-Nov-2015",
      "1077",
      "2123"
    ],
    [
      "02-Nov-2015",
      "956",
      "2071"
    ],
    [
      "03-Nov-2015",
      "985",
      "2035"
    ],
    [
      "04-Nov-2015",
      "881",
      "1904"
    ],
    [
      "05-Nov-2015",
      "880",
      "1776"
    ],
    [
      "06-Nov-2015",
      "925",
      "1819"
    ],
    [
      "07-Nov-2015",
      "1021",
      "1891"
    ],
    [
      "08-Nov-2015",
      "1108",
      "2037"
    ],
    [
      "09-Nov-2015",
      "910",
      "2002"
    ],
    [
      "10-Nov-2015",
      "1045",
      "2045"
    ],
    [
      "11-Nov-2015",
      "924",
      "1883"
    ],
    [
      "12-Nov-2015",
      "842",
      "1800"
    ],
    [
      "13-Nov-2015",
      "821",
      "1681"
    ],
    [
      "14-Nov-2015",
      "874",
      "1729"
    ],
    [
      "15-Nov-2015",
      "902",
      "1759"
    ],
    [
      "16-Nov-2015",
      "852",
      "1747"
    ],
    [
      "17-Nov-2015",
      "966",
      "1823"
    ],
    [
      "18-Nov-2015",
      "791",
      "1658"
    ],
    [
      "19-Nov-2015",
      "896",
      "1691"
    ],
    [
      "20-Nov-2015",
      "799",
      "1680"
    ],
    [
      "21-Nov-2015",
      "736",
      "1556"
    ],
    [
      "22-Nov-2015",
      "923",
      "1711"
    ],
    [
      "23-Nov-2015",
      "875",
      "1742"
    ],
    [
      "24-Nov-2015",
      "970",
      "1901"
    ],
    [
      "25-Nov-2015",
      "1026",
      "1974"
    ],
    [
      "26-Nov-2015",
      "1072",
      "2077"
    ],
    [
      "27-Nov-2015",
      "955",
      "1924"
    ],
    [
      "28-Nov-2015",
      "1009",
      "1956"
    ],
    [
      "29-Nov-2015",
      "1061",
      "1979"
    ],
    [
      "30-Nov-2015",
      "870",
      "1784"
    ],
    [
      "01-Dec-2015",
      "973",
      "1863"
    ],
    [
      "02-Dec-2015",
      "988",
      "1924"
    ],
    [
      "03-Dec-2015",
      "1079",
      "2075"
    ],
    [
      "04-Dec-2015",
      "1243",
      "2263"
    ],
    [
      "05-Dec-2015",
      "1245",
      "2342"
    ],
    [
      "06-Dec-2015",
      "1312",
      "2486"
    ],
    [
      "07-Dec-2015",
      "1433",
      "2726"
    ],
    [
      "08-Dec-2015",
      "1246",
      "2650"
    ],
    [
      "09-Dec-2015",
      "1397",
      "2689"
    ],
    [
      "10-Dec-2015",
      "1417",
      "2699"
    ],
    [
      "11-Dec-2015",
      "1176",
      "2542"
    ],
    [
      "12-Dec-2015",
      "1442",
      "2721"
    ],
    [
      "13-Dec-2015",
      "1553",
      "2854"
    ],
    [
      "14-Dec-2015",
      "1250",
      "2656"
    ],
    [
      "15-Dec-2015",
      "1131",
      "2481"
    ],
    [
      "16-Dec-2015",
      "1099",
      "2372"
    ],
    [
      "17-Dec-2015",
      "1355",
      "2566"
    ],
    [
      "18-Dec-2015",
      "1453",
      "2727"
    ],
    [
      "19-Dec-2015",
      "1238",
      "2530"
    ],
    [
      "20-Dec-2015",
      "1343",
      "2658"
    ],
    [
      "21-Dec-2015",
      "1204",
      "2587"
    ],
    [
      "22-Dec-2015",
      "1126",
      "2495"
    ],
    [
      "23-Dec-2015",
      "1366",
      "2724"
    ],
    [
      "24-Dec-2015",
      "1304",
      "2723"
    ],
    [
      "25-Dec-2015",
      "1249",
      "2635"
    ],
    [
      "26-Dec-2015",
      "1502",
      "2827"
    ],
    [
      "27-Dec-2015",
      "1299",
      "2637"
    ],
    [
      "28-Dec-2015",
      "1566",
      "2858"
    ],
    [
      "29-Dec-2015",
      "1476",
      "2938"
    ],
    [
      "30-Dec-2015",
      "1646",
      "2995"
    ],
    [
      "31-Dec-2015",
      "1398",
      "2878"
    ],
    [
      "01-Jan-2016",
      "1341",
      "2832"
    ],
    [
      "02-Jan-2016",
      "1339",
      "2790"
    ],
    [
      "03-Jan-2016",
      "1497",
      "2977"
    ],
    [
      "04-Jan-2016",
      "1649",
      "3198"
    ],
    [
      "05-Jan-2016",
      "1555",
      "3116"
    ],
    [
      "06-Jan-2016",
      "1428",
      "2984"
    ],
    [
      "07-Jan-2016",
      "1457",
      "2953"
    ],
    [
      "08-Jan-2016",
      "1306",
      "2832"
    ],
    [
      "09-Jan-2016",
      "1225",
      "2719"
    ],
    [
      "10-Jan-2016",
      "1552",
      "2909"
    ],
    [
      "11-Jan-2016",
      "1306",
      "2823"
    ],
    [
      "12-Jan-2016",
      "1221",
      "2682"
    ],
    [
      "13-Jan-2016",
      "1405",
      "2733"
    ],
    [
      "14-Jan-2016",
      "1439",
      "2827"
    ],
    [
      "15-Jan-2016",
      "1277",
      "2628"
    ],
    [
      "16-Jan-2016",
      "1546",
      "2832"
    ],
    [
      "17-Jan-2016",
      "1523",
      "2847"
    ],
    [
      "18-Jan-2016",
      "1508",
      "2977"
    ],
    [
      "19-Jan-2016",
      "1395",
      "2892"
    ],
    [
      "20-Jan-2016",
      "1523",
      "2936"
    ],
    [
      "21-Jan-2016",
      "1582",
      "3090"
    ],
    [
      "22-Jan-2016",
      "1726",
      "3192"
    ],
    [
      "23-Jan-2016",
      "1801",
      "3385"
    ],
    [
      "24-Jan-2016",
      "1529",
      "3231"
    ],
    [
      "25-Jan-2016",
      "1760",
      "3265"
    ],
    [
      "26-Jan-2016",
      "1516",
      "3125"
    ],
    [
      "27-Jan-2016",
      "1767",
      "3299"
    ],
    [
      "28-Jan-2016",
      "1808",
      "3334"
    ],
    [
      "29-Jan-2016",
      "1836",
      "3438"
    ],
    [
      "30-Jan-2016",
      "1804",
      "3505"
    ],
    [
      "31-Jan-2016",
      "1938",
      "3705"
    ],
    [
      "01-Feb-2016",
      "2145",
      "3902"
    ],
    [
      "02-Feb-2016",
      "2070",
      "3943"
    ],
    [
      "03-Feb-2016",
      "2279",
      "4289"
    ],
    [
      "04-Feb-2016",
      "2431",
      "4604"
    ],
    [
      "05-Feb-2016",
      "2044",
      "4474"
    ],
    [
      "06-Feb-2016",
      "2448",
      "4668"
    ],
    [
      "07-Feb-2016",
      "2537",
      "4750"
    ],
    [
      "08-Feb-2016",
      "2620",
      "4959"
    ],
    [
      "09-Feb-2016",
      "2800",
      "5182"
    ],
    [
      "10-Feb-2016",
      "2258",
      "4891"
    ],
    [
      "11-Feb-2016",
      "2747",
      "5110"
    ],
    [
      "12-Feb-2016",
      "2199",
      "4643"
    ],
    [
      "13-Feb-2016",
      "2603",
      "4784"
    ],
    [
      "14-Feb-2016",
      "2147",
      "4410"
    ],
    [
      "15-Feb-2016",
      "2384",
      "4653"
    ],
    [
      "16-Feb-2016",
      "2129",
      "4352"
    ],
    [
      "17-Feb-2016",
      "1905",
      "3991"
    ],
    [
      "18-Feb-2016",
      "1767",
      "3856"
    ],
    [
      "19-Feb-2016",
      "2122",
      "4043"
    ],
    [
      "20-Feb-2016",
      "1887",
      "4026"
    ],
    [
      "21-Feb-2016",
      "2177",
      "4178"
    ],
    [
      "22-Feb-2016",
      "2202",
      "4271"
    ],
    [
      "23-Feb-2016",
      "1981",
      "4210"
    ],
    [
      "24-Feb-2016",
      "2331",
      "4463"
    ],
    [
      "25-Feb-2016",
      "2486",
      "4678"
    ],
    [
      "26-Feb-2016",
      "2662",
      "5106"
    ],
    [
      "27-Feb-2016",
      "2974",
      "5412"
    ],
    [
      "28-Feb-2016",
      "3192",
      "5809"
    ],
    [
      "29-Feb-2016",
      "3157",
      "6155"
    ],
    [
      "01-Mar-2016",
      "3423",
      "6361"
    ],
    [
      "02-Mar-2016",
      "3320",
      "6460"
    ],
    [
      "03-Mar-2016",
      "2873",
      "6221"
    ],
    [
      "04-Mar-2016",
      "2798",
      "6155"
    ],
    [
      "05-Mar-2016",
      "3253",
      "6257"
    ],
    [
      "06-Mar-2016",
      "2783",
      "5782"
    ],
    [
      "07-Mar-2016",
      "3209",
      "5872"
    ],
    [
      "08-Mar-2016",
      "3446",
      "6382"
    ],
    [
      "09-Mar-2016",
      "3453",
      "6681"
    ],
    [
      "10-Mar-2016",
      "3307",
      "6677"
    ],
    [
      "11-Mar-2016",
      "3655",
      "6833"
    ],
    [
      "12-Mar-2016",
      "3877",
      "7107"
    ],
    [
      "13-Mar-2016",
      "3248",
      "6511"
    ],
    [
      "14-Mar-2016",
      "3669",
      "6810"
    ],
    [
      "15-Mar-2016",
      "3768",
      "7039"
    ],
    [
      "16-Mar-2016",
      "3126",
      "6757"
    ],
    [
      "17-Mar-2016",
      "3506",
      "6958"
    ],
    [
      "18-Mar-2016",
      "3080",
      "6746"
    ],
    [
      "19-Mar-2016",
      "3705",
      "7110"
    ],
    [
      "20-Mar-2016",
      "4110",
      "7556"
    ],
    [
      "21-Mar-2016",
      "3977",
      "7797"
    ],
    [
      "22-Mar-2016",
      "4532",
      "8565"
    ],
    [
      "23-Mar-2016",
      "3780",
      "8253"
    ],
    [
      "24-Mar-2016",
      "3453",
      "7465"
    ],
    [
      "25-Mar-2016",
      "3968",
      "7696"
    ],
    [
      "26-Mar-2016",
      "3144",
      "6956"
    ],
    [
      "27-Mar-2016",
      "3994",
      "7462"
    ],
    [
      "28-Mar-2016",
      "4308",
      "7979"
    ],
    [
      "29-Mar-2016",
      "4565",
      "8701"
    ],
    [
      "30-Mar-2016",
      "3838",
      "8285"
    ],
    [
      "31-Mar-2016",
      "4368",
      "8333"
    ],
    [
      "01-Apr-2016",
      "3558",
      "7859"
    ],
    [
      "02-Apr-2016",
      "3474",
      "7654"
    ],
    [
      "03-Apr-2016",
      "3614",
      "7544"
    ],
    [
      "04-Apr-2016",
      "3413",
      "6884"
    ],
    [
      "05-Apr-2016",
      "3111",
      "6375"
    ],
    [
      "06-Apr-2016",
      "2832",
      "5892"
    ],
    [
      "07-Apr-2016",
      "3410",
      "6479"
    ],
    [
      "08-Apr-2016",
      "2823",
      "5961"
    ],
    [
      "09-Apr-2016",
      "2655",
      "5738"
    ],
    [
      "10-Apr-2016",
      "2518",
      "5487"
    ],
    [
      "11-Apr-2016",
      "3152",
      "5915"
    ],
    [
      "12-Apr-2016",
      "2630",
      "5583"
    ],
    [
      "13-Apr-2016",
      "2466",
      "5055"
    ],
    [
      "14-Apr-2016",
      "2713",
      "5094"
    ],
    [
      "15-Apr-2016",
      "2286",
      "4677"
    ],
    [
      "16-Apr-2016",
      "2700",
      "5134"
    ],
    [
      "17-Apr-2016",
      "2307",
      "4984"
    ],
    [
      "18-Apr-2016",
      "2137",
      "4741"
    ],
    [
      "19-Apr-2016",
      "1977",
      "4340"
    ],
    [
      "20-Apr-2016",
      "1908",
      "3941"
    ],
    [
      "21-Apr-2016",
      "1829",
      "3686"
    ],
    [
      "22-Apr-2016",
      "1924",
      "3756"
    ],
    [
      "23-Apr-2016",
      "1591",
      "3473"
    ],
    [
      "24-Apr-2016",
      "1507",
      "3281"
    ],
    [
      "25-Apr-2016",
      "1836",
      "3363"
    ],
    [
      "26-Apr-2016",
      "1915",
      "3629"
    ],
    [
      "27-Apr-2016",
      "1632",
      "3543"
    ],
    [
      "28-Apr-2016",
      "2011",
      "3734"
    ],
    [
      "29-Apr-2016",
      "2078",
      "3921"
    ],
    [
      "30-Apr-2016",
      "2236",
      "4251"
    ],
    [
      "01-May-2016",
      "2334",
      "4274"
    ],
    [
      "02-May-2016",
      "1860",
      "4124"
    ],
    [
      "03-May-2016",
      "2198",
      "4345"
    ],
    [
      "04-May-2016",
      "2327",
      "4603"
    ],
    [
      "05-May-2016",
      "1978",
      "4282"
    ],
    [
      "06-May-2016",
      "1873",
      "4035"
    ],
    [
      "07-May-2016",
      "2203",
      "4188"
    ],
    [
      "08-May-2016",
      "2452",
      "4508"
    ],
    [
      "09-May-2016",
      "2061",
      "4342"
    ],
    [
      "10-May-2016",
      "1784",
      "3958"
    ],
    [
      "11-May-2016",
      "1675",
      "3678"
    ],
    [
      "12-May-2016",
      "2111",
      "3845"
    ],
    [
      "13-May-2016",
      "1810",
      "3712"
    ],
    [
      "14-May-2016",
      "1763",
      "3692"
    ],
    [
      "15-May-2016",
      "1868",
      "3726"
    ],
    [
      "16-May-2016",
      "1665",
      "3468"
    ],
    [
      "17-May-2016",
      "1930",
      "3688"
    ],
    [
      "18-May-2016",
      "2031",
      "3887"
    ],
    [
      "19-May-2016",
      "1691",
      "3693"
    ],
    [
      "20-May-2016",
      "1665",
      "3358"
    ],
    [
      "21-May-2016",
      "1464",
      "3174"
    ],
    [
      "22-May-2016",
      "1353",
      "2907"
    ],
    [
      "23-May-2016",
      "1502",
      "2931"
    ],
    [
      "24-May-2016",
      "1290",
      "2790"
    ],
    [
      "25-May-2016",
      "1565",
      "2847"
    ],
    [
      "26-May-2016",
      "1630",
      "3111"
    ],
    [
      "27-May-2016",
      "1799",
      "3288"
    ],
    [
      "28-May-2016",
      "1863",
      "3395"
    ],
    [
      "29-May-2016",
      "1595",
      "3267"
    ],
    [
      "30-May-2016",
      "1810",
      "3388"
    ],
    [
      "31-May-2016",
      "1868",
      "3538"
    ],
    [
      "01-Jun-2016",
      "1843",
      "3637"
    ],
    [
      "02-Jun-2016",
      "2020",
      "3970"
    ],
    [
      "03-Jun-2016",
      "1720",
      "3785"
    ],
    [
      "04-Jun-2016",
      "1796",
      "3744"
    ],
    [
      "05-Jun-2016",
      "2056",
      "3828"
    ],
    [
      "06-Jun-2016",
      "1645",
      "3652"
    ],
    [
      "07-Jun-2016",
      "1923",
      "3770"
    ],
    [
      "08-Jun-2016",
      "1809",
      "3764"
    ],
    [
      "09-Jun-2016",
      "2112",
      "3938"
    ],
    [
      "10-Jun-2016",
      "2122",
      "4095"
    ],
    [
      "11-Jun-2016",
      "1926",
      "3909"
    ],
    [
      "12-Jun-2016",
      "1749",
      "3584"
    ],
    [
      "13-Jun-2016",
      "1575",
      "3227"
    ],
    [
      "14-Jun-2016",
      "1787",
      "3477"
    ],
    [
      "15-Jun-2016",
      "1485",
      "3282"
    ],
    [
      "16-Jun-2016",
      "1794",
      "3547"
    ],
    [
      "17-Jun-2016",
      "1960",
      "3671"
    ],
    [
      "18-Jun-2016",
      "1618",
      "3592"
    ],
    [
      "19-Jun-2016",
      "1992",
      "3748"
    ],
    [
      "20-Jun-2016",
      "1719",
      "3716"
    ],
    [
      "21-Jun-2016",
      "2046",
      "3824"
    ],
    [
      "22-Jun-2016",
      "2212",
      "4079"
    ],
    [
      "23-Jun-2016",
      "2282",
      "4260"
    ],
    [
      "24-Jun-2016",
      "1797",
      "3889"
    ],
    [
      "25-Jun-2016",
      "2137",
      "4088"
    ],
    [
      "26-Jun-2016",
      "1864",
      "3833"
    ],
    [
      "27-Jun-2016",
      "2109",
      "3918"
    ],
    [
      "28-Jun-2016",
      "2294",
      "4247"
    ],
    [
      "29-Jun-2016",
      "2396",
      "4524"
    ],
    [
      "30-Jun-2016",
      "2576",
      "4903"
    ],
    [
      "01-Jul-2016",
      "2672",
      "5344"
    ],
    [
      "02-Jul-2016",
      "2640",
      "5307"
    ],
    [
      "03-Jul-2016",
      "2597",
      "5296"
    ],
    [
      "04-Jul-2016",
      "2926",
      "5702"
    ],
    [
      "05-Jul-2016",
      "3141",
      "6020"
    ],
    [
      "06-Jul-2016",
      "2727",
      "6000"
    ],
    [
      "07-Jul-2016",
      "3237",
      "6165"
    ],
    [
      "08-Jul-2016",
      "2706",
      "5562"
    ],
    [
      "09-Jul-2016",
      "2972",
      "5907"
    ],
    [
      "10-Jul-2016",
      "3267",
      "6231"
    ],
    [
      "11-Jul-2016",
      "2700",
      "5623"
    ],
    [
      "12-Jul-2016",
      "2707",
      "5618"
    ],
    [
      "13-Jul-2016",
      "3164",
      "5865"
    ],
    [
      "14-Jul-2016",
      "3143",
      "5882"
    ],
    [
      "15-Jul-2016",
      "2512",
      "5374"
    ],
    [
      "16-Jul-2016",
      "2979",
      "5569"
    ],
    [
      "17-Jul-2016",
      "3025",
      "6005"
    ],
    [
      "18-Jul-2016",
      "3190",
      "6171"
    ],
    [
      "19-Jul-2016",
      "3463",
      "6524"
    ],
    [
      "20-Jul-2016",
      "3716",
      "6919"
    ],
    [
      "21-Jul-2016",
      "3751",
      "7232"
    ],
    [
      "22-Jul-2016",
      "3752",
      "7331"
    ],
    [
      "23-Jul-2016",
      "3235",
      "7117"
    ],
    [
      "24-Jul-2016",
      "4241",
      "7781"
    ],
    [
      "25-Jul-2016",
      "3438",
      "7063"
    ],
    [
      "26-Jul-2016",
      "3214",
      "6453"
    ],
    [
      "27-Jul-2016",
      "3447",
      "6762"
    ],
    [
      "28-Jul-2016",
      "3183",
      "6551"
    ],
    [
      "29-Jul-2016",
      "3065",
      "6190"
    ],
    [
      "30-Jul-2016",
      "2782",
      "6165"
    ],
    [
      "31-Jul-2016",
      "3185",
      "6248"
    ],
    [
      "01-Aug-2016",
      "2840",
      "6128"
    ],
    [
      "02-Aug-2016",
      "2821",
      "5703"
    ],
    [
      "03-Aug-2016",
      "3005",
      "5844"
    ],
    [
      "04-Aug-2016",
      "3161",
      "6262"
    ],
    [
      "05-Aug-2016",
      "3001",
      "6228"
    ],
    [
      "06-Aug-2016",
      "3334",
      "6618"
    ],
    [
      "07-Aug-2016",
      "3565",
      "6923"
    ],
    [
      "08-Aug-2016",
      "3928",
      "7471"
    ],
    [
      "09-Aug-2016",
      "3913",
      "7620"
    ],
    [
      "10-Aug-2016",
      "4123",
      "8019"
    ],
    [
      "11-Aug-2016",
      "3711",
      "7838"
    ],
    [
      "12-Aug-2016",
      "4369",
      "8482"
    ],
    [
      "13-Aug-2016",
      "4813",
      "9148"
    ],
    [
      "14-Aug-2016",
      "5083",
      "9788"
    ],
    [
      "15-Aug-2016",
      "4165",
      "8890"
    ],
    [
      "16-Aug-2016",
      "3956",
      "8427"
    ],
    [
      "17-Aug-2016",
      "3996",
      "8279"
    ],
    [
      "18-Aug-2016",
      "4511",
      "8622"
    ],
    [
      "19-Aug-2016",
      "5050",
      "9324"
    ],
    [
      "20-Aug-2016",
      "4017",
      "8420"
    ],
    [
      "21-Aug-2016",
      "4564",
      "8790"
    ],
    [
      "22-Aug-2016",
      "3871",
      "8534"
    ],
    [
      "23-Aug-2016",
      "5061",
      "9230"
    ],
    [
      "24-Aug-2016",
      "4999",
      "9862"
    ],
    [
      "25-Aug-2016",
      "5604",
      "10201"
    ],
    [
      "26-Aug-2016",
      "4465",
      "9823"
    ],
    [
      "27-Aug-2016",
      "4170",
      "8929"
    ],
    [
      "28-Aug-2016",
      "4887",
      "9383"
    ],
    [
      "29-Aug-2016",
      "4358",
      "9051"
    ],
    [
      "30-Aug-2016",
      "5180",
      "9685"
    ],
    [
      "31-Aug-2016",
      "5324",
      "10356"
    ],
    [
      "01-Sep-2016",
      "4644",
      "9770"
    ],
    [
      "02-Sep-2016",
      "4278",
      "9268"
    ],
    [
      "03-Sep-2016",
      "4998",
      "9627"
    ],
    [
      "04-Sep-2016",
      "5073",
      "10011"
    ],
    [
      "05-Sep-2016",
      "5640",
      "10571"
    ],
    [
      "06-Sep-2016",
      "4387",
      "9537"
    ],
    [
      "07-Sep-2016",
      "4893",
      "9559"
    ],
    [
      "08-Sep-2016",
      "4151",
      "8881"
    ],
    [
      "09-Sep-2016",
      "4628",
      "8980"
    ],
    [
      "10-Sep-2016",
      "3983",
      "8642"
    ],
    [
      "11-Sep-2016",
      "3688",
      "7803"
    ],
    [
      "12-Sep-2016",
      "4398",
      "8035"
    ],
    [
      "13-Sep-2016",
      "4301",
      "8204"
    ],
    [
      "14-Sep-2016",
      "4358",
      "8266"
    ],
    [
      "15-Sep-2016",
      "4461",
      "8489"
    ],
    [
      "16-Sep-2016",
      "5040",
      "9295"
    ],
    [
      "17-Sep-2016",
      "5251",
      "10061"
    ],
    [
      "18-Sep-2016",
      "5583",
      "10825"
    ],
    [
      "19-Sep-2016",
      "6007",
      "11468"
    ],
    [
      "20-Sep-2016",
      "6175",
      "11570"
    ],
    [
      "21-Sep-2016",
      "5266",
      "11394"
    ],
    [
      "22-Sep-2016",
      "6189",
      "12376"
    ],
    [
      "23-Sep-2016",
      "6907",
      "13169"
    ],
    [
      "24-Sep-2016",
      "5863",
      "12285"
    ],
    [
      "25-Sep-2016",
      "5446",
      "11689"
    ],
    [
      "26-Sep-2016",
      "5177",
      "11262"
    ],
    [
      "27-Sep-2016",
      "6509",
      "12210"
    ],
    [
      "28-Sep-2016",
      "5453",
      "11246"
    ],
    [
      "29-Sep-2016",
      "6444",
      "12057"
    ],
    [
      "30-Sep-2016",
      "5791",
      "11722"
    ],
    [
      "01-Oct-2016",
      "4857",
      "10576"
    ],
    [
      "02-Oct-2016",
      "5534",
      "11040"
    ],
    [
      "03-Oct-2016",
      "5906",
      "11493"
    ],
    [
      "04-Oct-2016",
      "6547",
      "12100"
    ],
    [
      "05-Oct-2016",
      "6538",
      "13066"
    ],
    [
      "06-Oct-2016",
      "7233",
      "14061"
    ],
    [
      "07-Oct-2016",
      "6439",
      "13910"
    ],
    [
      "08-Oct-2016",
      "7442",
      "14126"
    ],
    [
      "09-Oct-2016",
      "8106",
      "15304"
    ],
    [
      "10-Oct-2016",
      "6480",
      "14069"
    ],
    [
      "11-Oct-2016",
      "7412",
      "14174"
    ],
    [
      "12-Oct-2016",
      "7880",
      "14677"
    ],
    [
      "13-Oct-2016",
      "6526",
      "14160"
    ],
    [
      "14-Oct-2016",
      "8159",
      "15492"
    ],
    [
      "15-Oct-2016",
      "8494",
      "16430"
    ],
    [
      "16-Oct-2016",
      "9407",
      "17745"
    ],
    [
      "17-Oct-2016",
      "8376",
      "17399"
    ],
    [
      "18-Oct-2016",
      "9667",
      "18176"
    ],
    [
      "19-Oct-2016",
      "10575",
      "19809"
    ],
    [
      "20-Oct-2016",
      "8653",
      "18025"
    ],
    [
      "21-Oct-2016",
      "10469",
      "19073"
    ],
    [
      "22-Oct-2016",
      "8592",
      "18700"
    ],
    [
      "23-Oct-2016",
      "10268",
      "20216"
    ],
    [
      "24-Oct-2016",
      "9698",
      "20081"
    ],
    [
      "25-Oct-2016",
      "10754",
      "20723"
    ],
    [
      "26-Oct-2016",
      "11752",
      "22396"
    ],
    [
      "27-Oct-2016",
      "9833",
      "20544"
    ],
    [
      "28-Oct-2016",
      "10766",
      "20684"
    ],
    [
      "29-Oct-2016",
      "9683",
      "19969"
    ],
    [
      "30-Oct-2016",
      "10718",
      "20858"
    ],
    [
      "31-Oct-2016",
      "11133",
      "21730"
    ],
    [
      "01-Nov-2016",
      "12163",
      "23719"
    ],
    [
      "02-Nov-2016",
      "10957",
      "23220"
    ],
    [
      "03-Nov-2016",
      "12800",
      "23589"
    ],
    [
      "04-Nov-2016",
      "12431",
      "24320"
    ],
    [
      "05-Nov-2016",
      "13393",
      "26211"
    ],
    [
      "06-Nov-2016",
      "12356",
      "26106"
    ],
    [
      "07-Nov-2016",
      "11575",
      "24104"
    ],
    [
      "08-Nov-2016",
      "13109",
      "25901"
    ],
    [
      "09-Nov-2016",
      "12027",
      "25105"
    ],
    [
      "10-Nov-2016",
      "14316",
      "26500"
    ],
    [
      "11-Nov-2016",
      "14892",
      "27428"
    ],
    [
      "12-Nov-2016",
      "11484",
      "25169"
    ],
    [
      "13-Nov-2016",
      "13845",
      "26724"
    ],
    [
      "14-Nov-2016",
      "13808",
      "26763"
    ],
    [
      "15-Nov-2016",
      "14936",
      "28650"
    ],
    [
      "16-Nov-2016",
      "15733",
      "30217"
    ],
    [
      "17-Nov-2016",
      "16775",
      "30641"
    ],
    [
      "18-Nov-2016",
      "14203",
      "29155"
    ],
    [
      "19-Nov-2016",
      "15167",
      "29184"
    ],
    [
      "20-Nov-2016",
      "15863",
      "31416"
    ],
    [
      "21-Nov-2016",
      "14027",
      "29573"
    ],
    [
      "22-Nov-2016",
      "14051",
      "29556"
    ],
    [
      "23-Nov-2016",
      "13852",
      "27813"
    ],
    [
      "24-Nov-2016",
      "14766",
      "28098"
    ],
    [
      "25-Nov-2016",
      "15146",
      "30223"
    ],
    [
      "26-Nov-2016",
      "17333",
      "31811"
    ],
    [
      "27-Nov-2016",
      "17702",
      "32938"
    ],
    [
      "28-Nov-2016",
      "17872",
      "33509"
    ],
    [
      "29-Nov-2016",
      "18431",
      "36211"
    ],
    [
      "30-Nov-2016",
      "17091",
      "36128"
    ],
    [
      "01-Dec-2016",
      "19451",
      "38392"
    ],
    [
      "02-Dec-2016",
      "20898",
      "40596"
    ],
    [
      "03-Dec-2016",
      "17978",
      "39057"
    ],
    [
      "04-Dec-2016",
      "18320",
      "36737"
    ],
    [
      "05-Dec-2016",
      "15561",
      "33417"
    ]
  ],
  "appSchema": [
    {
      "name": "Time",
      "type": "date",
      "format": "%e-%b-%Y"
    },
    {
      "name": "Downloads",
      "type": "number"
    },
    {
      "name": "Web Visits",
      "type": "number"
    }
  ]
}