{
  "type": "kagi",
  "title": "Ember FusionCharts Sample",
  "width": 600,
  "height": 400,
  "dataFormat": "json",
  "dataSource": {
    "chart": {
      "caption": "S&P 500 Index Daily Price Chart",
      "subcaption": "Last 30 days",
      "numberprefix": "$",
      "labeldisplay": "Rotate",
      "theme": "fusion",
      "plottooltext": "$label: <b>$dataValue</b>",
      "exportEnabled": 1,
      "formatNumberScale": 0,
      "showlegend": 1,
      "legendPosition": "bottom",
      "legendAllowDrag": "0",
      "plotHighlightEffect": "fadeout|color=#D5DED9, alpha=50"
    },
    "data": [
      {
        "label": "Day 1",
        "value": "306"
      },
      {
        "label": "Day 2",
        "value": "269"
      },
      {
        "label": "Day 3",
        "value": "401"
      },
      {
        "label": "Day 4",
        "value": "301"
      },
      {
        "label": "Day 5",
        "value": "209"
      },
      {
        "label": "Day 6",
        "value": "240"
      },
      {
        "label": "Day 7",
        "value": "160"
      },
      {
        "label": "Day 8",
        "value": "280"
      },
      {
        "label": "Day 9",
        "value": "190"
      },
      {
        "label": "Day 10",
        "value": "353"
      },
      {
        "label": "Day 11",
        "value": "128"
      },
      {
        "label": "Day 12",
        "value": "128"
      },
      {
        "label": "Day 13",
        "value": "350"
      },
      {
        "label": "Day 14",
        "value": "92"
      },
      {
        "label": "Day 15",
        "value": "92"
      },
      {
        "label": "Day 16",
        "value": "326"
      },
      {
        "label": "Day 17",
        "value": "326"
      },
      {
        "label": "Day 18",
        "value": "186"
      },
      {
        "label": "Day 19",
        "value": "186"
      },
      {
        "label": "Day 20",
        "value": "212"
      },
      {
        "label": "Day 21",
        "value": "212"
      },
      {
        "label": "Day 22",
        "value": "191"
      },
      {
        "label": "Day 23",
        "value": "191"
      },
      {
        "label": "Day 24",
        "value": "220"
      },
      {
        "label": "Day 25",
        "value": "220"
      },
      {
        "label": "Day 26",
        "value": "173"
      },
      {
        "label": "Day 27",
        "value": "380"
      },
      {
        "label": "Day 28",
        "value": "380"
      },
      {
        "label": "Day 29",
        "value": "65"
      },
      {
        "label": "Day 30",
        "value": "65"
      }
    ]
  }
}