{
  "width": 600,
  "height": 400,
  "type": "timeseries",
  "dataFormat": null,
  "dataSource": {
    "chart": {
      "exportEnabled": 1,
      "formatNumberScale": 0,
      "theme": "fusion"
    },
    "caption": {
      "text": "Thermal flow of machinery"
    },
    "subcaption": {
      "text": "Observation from east region thermal sensor"
    },
    "yaxis": [
      {
        "plot": {
          "value": "Heat Flux"
        },
        "title": "Heat Flux (in W/m²)",
        "showgridband": "1",
        "style": {
          "grid-band": {
            "fill": "#f5f5ef"
          }
        }
      }
    ]
  },
  "appData": [
    [
      "01/11/16 6:00",
      0
    ],
    [
      "01/11/16 6:01",
      0.02
    ],
    [
      "01/11/16 6:02",
      0.04
    ],
    [
      "01/11/16 6:03",
      0.06
    ],
    [
      "01/11/16 6:04",
      0.08
    ],
    [
      "01/11/16 6:05",
      0.1
    ],
    [
      "01/11/16 6:06",
      0.12
    ],
    [
      "01/11/16 6:07",
      0.14
    ],
    [
      "01/11/16 6:08",
      0.16
    ],
    [
      "01/11/16 6:09",
      0.18
    ],
    [
      "01/11/16 6:10",
      0.2
    ],
    [
      "01/11/16 6:11",
      0.22
    ],
    [
      "01/11/16 6:12",
      0.24
    ],
    [
      "01/11/16 6:13",
      0.26
    ],
    [
      "01/11/16 6:14",
      0.28
    ],
    [
      "01/11/16 6:15",
      0.3
    ],
    [
      "01/11/16 6:16",
      0.32
    ],
    [
      "01/11/16 6:17",
      0.34
    ],
    [
      "01/11/16 6:18",
      0.36
    ],
    [
      "01/11/16 6:19",
      0.38
    ],
    [
      "01/11/16 6:20",
      0.4
    ],
    [
      "01/11/16 6:21",
      0.42
    ],
    [
      "01/11/16 6:22",
      0.44
    ],
    [
      "01/11/16 6:23",
      0.46
    ],
    [
      "01/11/16 6:24",
      0.48
    ],
    [
      "01/11/16 6:25",
      0.5
    ],
    [
      "01/11/16 6:26",
      0.52
    ],
    [
      "01/11/16 6:27",
      0.54
    ],
    [
      "01/11/16 6:28",
      0.56
    ],
    [
      "01/11/16 6:29",
      0.58
    ],
    [
      "01/11/16 6:30",
      0.6
    ],
    [
      "01/11/16 6:31",
      0.62
    ],
    [
      "01/11/16 6:32",
      0.64
    ],
    [
      "01/11/16 6:33",
      0.66
    ],
    [
      "01/11/16 6:34",
      0.68
    ],
    [
      "01/11/16 6:35",
      0.7
    ],
    [
      "01/11/16 6:36",
      0.72
    ],
    [
      "01/11/16 6:37",
      0.74
    ],
    [
      "01/11/16 6:38",
      0.76
    ],
    [
      "01/11/16 6:39",
      0.78
    ],
    [
      "01/11/16 6:40",
      0.8
    ],
    [
      "01/11/16 6:41",
      0.82
    ],
    [
      "01/11/16 6:42",
      0.84
    ],
    [
      "01/11/16 6:43",
      0.86
    ],
    [
      "01/11/16 6:44",
      0.88
    ],
    [
      "01/11/16 6:45",
      0.9
    ],
    [
      "01/11/16 6:46",
      0.92
    ],
    [
      "01/11/16 6:47",
      0.94
    ],
    [
      "01/11/16 6:48",
      0.96
    ],
    [
      "01/11/16 6:49",
      0.98
    ],
    [
      "01/11/16 6:50",
      1
    ],
    [
      "01/11/16 6:51",
      1
    ],
    [
      "01/11/16 6:52",
      1
    ],
    [
      "01/11/16 6:53",
      1
    ],
    [
      "01/11/16 6:54",
      1
    ],
    [
      "01/11/16 6:55",
      1
    ],
    [
      "01/11/16 6:56",
      1
    ],
    [
      "01/11/16 6:57",
      1
    ],
    [
      "01/11/16 6:58",
      1
    ],
    [
      "01/11/16 6:59",
      1
    ],
    [
      "01/11/16 7:00",
      1
    ],
    [
      "01/11/16 7:01",
      1
    ],
    [
      "01/11/16 7:02",
      1
    ],
    [
      "01/11/16 7:03",
      1
    ],
    [
      "01/11/16 7:04",
      1
    ],
    [
      "01/11/16 7:05",
      1
    ],
    [
      "01/11/16 7:06",
      1
    ],
    [
      "01/11/16 7:07",
      1
    ],
    [
      "01/11/16 7:08",
      1
    ],
    [
      "01/11/16 7:09",
      1
    ],
    [
      "01/11/16 7:10",
      1
    ],
    [
      "01/11/16 7:11",
      1
    ],
    [
      "01/11/16 7:12",
      1
    ],
    [
      "01/11/16 7:13",
      1
    ],
    [
      "01/11/16 7:14",
      1
    ],
    [
      "01/11/16 7:15",
      1
    ],
    [
      "01/11/16 7:16",
      1
    ],
    [
      "01/11/16 7:17",
      1
    ],
    [
      "01/11/16 7:18",
      1
    ],
    [
      "01/11/16 7:19",
      1
    ],
    [
      "01/11/16 7:20",
      1
    ],
    [
      "01/11/16 7:21",
      1
    ],
    [
      "01/11/16 7:22",
      1
    ],
    [
      "01/11/16 7:23",
      1
    ],
    [
      "01/11/16 7:24",
      1
    ],
    [
      "01/11/16 7:25",
      1
    ],
    [
      "01/11/16 7:26",
      1
    ],
    [
      "01/11/16 7:27",
      1
    ],
    [
      "01/11/16 7:28",
      1
    ],
    [
      "01/11/16 7:29",
      1
    ],
    [
      "01/11/16 7:30",
      1
    ],
    [
      "01/11/16 7:31",
      1
    ],
    [
      "01/11/16 7:32",
      1
    ],
    [
      "01/11/16 7:33",
      1
    ],
    [
      "01/11/16 7:34",
      1
    ],
    [
      "01/11/16 7:35",
      1
    ],
    [
      "01/11/16 7:36",
      1
    ],
    [
      "01/11/16 7:37",
      1
    ],
    [
      "01/11/16 7:38",
      1
    ],
    [
      "01/11/16 7:39",
      1
    ],
    [
      "01/11/16 7:40",
      1
    ],
    [
      "01/11/16 7:41",
      2
    ],
    [
      "01/11/16 7:42",
      3
    ],
    [
      "01/11/16 7:43",
      4
    ],
    [
      "01/11/16 7:44",
      5
    ],
    [
      "01/11/16 7:45",
      6
    ],
    [
      "01/11/16 7:46",
      7
    ],
    [
      "01/11/16 7:47",
      8
    ],
    [
      "01/11/16 7:48",
      9
    ],
    [
      "01/11/16 7:49",
      10
    ],
    [
      "01/11/16 7:50",
      11
    ],
    [
      "01/11/16 7:51",
      12
    ],
    [
      "01/11/16 7:52",
      13
    ],
    [
      "01/11/16 7:53",
      14
    ],
    [
      "01/11/16 7:54",
      15
    ],
    [
      "01/11/16 7:55",
      16
    ],
    [
      "01/11/16 7:56",
      17
    ],
    [
      "01/11/16 7:57",
      18
    ],
    [
      "01/11/16 7:58",
      19
    ],
    [
      "01/11/16 7:59",
      20
    ],
    [
      "01/11/16 8:00",
      21
    ],
    [
      "01/11/16 8:01",
      22
    ],
    [
      "01/11/16 8:02",
      23
    ],
    [
      "01/11/16 8:03",
      24
    ],
    [
      "01/11/16 8:04",
      25
    ],
    [
      "01/11/16 8:05",
      26
    ],
    [
      "01/11/16 8:06",
      27
    ],
    [
      "01/11/16 8:07",
      28
    ],
    [
      "01/11/16 8:08",
      29
    ],
    [
      "01/11/16 8:09",
      30
    ],
    [
      "01/11/16 8:10",
      31
    ],
    [
      "01/11/16 8:11",
      32
    ],
    [
      "01/11/16 8:12",
      33
    ],
    [
      "01/11/16 8:13",
      34
    ],
    [
      "01/11/16 8:14",
      35
    ],
    [
      "01/11/16 8:15",
      36
    ],
    [
      "01/11/16 8:16",
      37
    ],
    [
      "01/11/16 8:17",
      38
    ],
    [
      "01/11/16 8:18",
      39
    ],
    [
      "01/11/16 8:19",
      40
    ],
    [
      "01/11/16 8:20",
      41
    ],
    [
      "01/11/16 8:21",
      42
    ],
    [
      "01/11/16 8:22",
      43
    ],
    [
      "01/11/16 8:23",
      44
    ],
    [
      "01/11/16 8:24",
      45
    ],
    [
      "01/11/16 8:25",
      46
    ],
    [
      "01/11/16 8:26",
      47
    ],
    [
      "01/11/16 8:27",
      48
    ],
    [
      "01/11/16 8:28",
      49
    ],
    [
      "01/11/16 8:29",
      50
    ],
    [
      "01/11/16 8:30",
      51
    ],
    [
      "01/11/16 8:31",
      52
    ],
    [
      "01/11/16 8:32",
      53
    ],
    [
      "01/11/16 8:33",
      54
    ],
    [
      "01/11/16 8:34",
      55
    ],
    [
      "01/11/16 8:35",
      56
    ],
    [
      "01/11/16 8:36",
      57
    ],
    [
      "01/11/16 8:37",
      58
    ],
    [
      "01/11/16 8:38",
      59
    ],
    [
      "01/11/16 8:39",
      60
    ],
    [
      "01/11/16 8:40",
      61
    ],
    [
      "01/11/16 8:41",
      62
    ],
    [
      "01/11/16 8:42",
      63
    ],
    [
      "01/11/16 8:43",
      64
    ],
    [
      "01/11/16 8:44",
      65
    ],
    [
      "01/11/16 8:45",
      66
    ],
    [
      "01/11/16 8:46",
      67
    ],
    [
      "01/11/16 8:47",
      68
    ],
    [
      "01/11/16 8:48",
      69
    ],
    [
      "01/11/16 8:49",
      70
    ],
    [
      "01/11/16 8:50",
      71
    ],
    [
      "01/11/16 8:51",
      72
    ],
    [
      "01/11/16 8:52",
      73
    ],
    [
      "01/11/16 8:53",
      74
    ],
    [
      "01/11/16 8:54",
      75
    ],
    [
      "01/11/16 8:55",
      76
    ],
    [
      "01/11/16 8:56",
      77
    ],
    [
      "01/11/16 8:57",
      78
    ],
    [
      "01/11/16 8:58",
      79
    ],
    [
      "01/11/16 8:59",
      80
    ],
    [
      "01/11/16 9:00",
      81
    ],
    [
      "01/11/16 9:01",
      82
    ],
    [
      "01/11/16 9:02",
      83
    ],
    [
      "01/11/16 9:03",
      84
    ],
    [
      "01/11/16 9:04",
      85
    ],
    [
      "01/11/16 9:05",
      86
    ],
    [
      "01/11/16 9:06",
      87
    ],
    [
      "01/11/16 9:07",
      88
    ],
    [
      "01/11/16 9:08",
      89
    ],
    [
      "01/11/16 9:09",
      90
    ],
    [
      "01/11/16 9:10",
      91
    ],
    [
      "01/11/16 9:11",
      92
    ],
    [
      "01/11/16 9:12",
      93
    ],
    [
      "01/11/16 9:13",
      94
    ],
    [
      "01/11/16 9:14",
      95
    ],
    [
      "01/11/16 9:15",
      96
    ],
    [
      "01/11/16 9:16",
      97
    ],
    [
      "01/11/16 9:17",
      98
    ],
    [
      "01/11/16 9:18",
      99
    ],
    [
      "01/11/16 9:19",
      100
    ],
    [
      "01/11/16 9:20",
      101
    ],
    [
      "01/11/16 9:21",
      102
    ],
    [
      "01/11/16 9:22",
      103
    ],
    [
      "01/11/16 9:23",
      104
    ],
    [
      "01/11/16 9:24",
      105
    ],
    [
      "01/11/16 9:25",
      106
    ],
    [
      "01/11/16 9:26",
      107
    ],
    [
      "01/11/16 9:27",
      108
    ],
    [
      "01/11/16 9:28",
      109
    ],
    [
      "01/11/16 9:29",
      110
    ],
    [
      "01/11/16 9:30",
      111
    ],
    [
      "01/11/16 9:31",
      112
    ],
    [
      "01/11/16 9:32",
      113
    ],
    [
      "01/11/16 9:33",
      114
    ],
    [
      "01/11/16 9:34",
      115
    ],
    [
      "01/11/16 9:35",
      116
    ],
    [
      "01/11/16 9:36",
      117
    ],
    [
      "01/11/16 9:37",
      118
    ],
    [
      "01/11/16 9:38",
      119
    ],
    [
      "01/11/16 9:39",
      120
    ],
    [
      "01/11/16 9:40",
      121
    ],
    [
      "01/11/16 9:41",
      122
    ],
    [
      "01/11/16 9:42",
      123
    ],
    [
      "01/11/16 9:43",
      124
    ],
    [
      "01/11/16 9:44",
      125
    ],
    [
      "01/11/16 9:45",
      126
    ],
    [
      "01/11/16 9:46",
      127
    ],
    [
      "01/11/16 9:47",
      128
    ],
    [
      "01/11/16 9:48",
      129
    ],
    [
      "01/11/16 9:49",
      130
    ],
    [
      "01/11/16 9:50",
      131
    ],
    [
      "01/11/16 9:51",
      132
    ],
    [
      "01/11/16 9:52",
      133
    ],
    [
      "01/11/16 9:53",
      134
    ],
    [
      "01/11/16 9:54",
      135
    ],
    [
      "01/11/16 9:55",
      136
    ],
    [
      "01/11/16 9:56",
      137
    ],
    [
      "01/11/16 9:57",
      138
    ],
    [
      "01/11/16 9:58",
      139
    ],
    [
      "01/11/16 9:59",
      140
    ],
    [
      "01/11/16 10:00",
      141
    ],
    [
      "01/11/16 10:01",
      142
    ],
    [
      "01/11/16 10:02",
      143
    ],
    [
      "01/11/16 10:03",
      144
    ],
    [
      "01/11/16 10:04",
      145
    ],
    [
      "01/11/16 10:05",
      146
    ],
    [
      "01/11/16 10:06",
      147
    ],
    [
      "01/11/16 10:07",
      148
    ],
    [
      "01/11/16 10:08",
      149
    ],
    [
      "01/11/16 10:09",
      150
    ],
    [
      "01/11/16 10:10",
      151
    ],
    [
      "01/11/16 10:11",
      152
    ],
    [
      "01/11/16 10:12",
      153
    ],
    [
      "01/11/16 10:13",
      154
    ],
    [
      "01/11/16 10:14",
      155
    ],
    [
      "01/11/16 10:15",
      156
    ],
    [
      "01/11/16 10:16",
      157
    ],
    [
      "01/11/16 10:17",
      158
    ],
    [
      "01/11/16 10:18",
      159
    ],
    [
      "01/11/16 10:19",
      160
    ],
    [
      "01/11/16 10:20",
      161
    ],
    [
      "01/11/16 10:21",
      162
    ],
    [
      "01/11/16 10:22",
      163
    ],
    [
      "01/11/16 10:23",
      164
    ],
    [
      "01/11/16 10:24",
      165
    ],
    [
      "01/11/16 10:25",
      166
    ],
    [
      "01/11/16 10:26",
      167
    ],
    [
      "01/11/16 10:27",
      168
    ],
    [
      "01/11/16 10:28",
      169
    ],
    [
      "01/11/16 10:29",
      170
    ],
    [
      "01/11/16 10:30",
      171
    ],
    [
      "01/11/16 10:31",
      172
    ],
    [
      "01/11/16 10:32",
      173
    ],
    [
      "01/11/16 10:33",
      174
    ],
    [
      "01/11/16 10:34",
      175
    ],
    [
      "01/11/16 10:35",
      176
    ],
    [
      "01/11/16 10:36",
      177
    ],
    [
      "01/11/16 10:37",
      178
    ],
    [
      "01/11/16 10:38",
      179
    ],
    [
      "01/11/16 10:39",
      180
    ],
    [
      "01/11/16 10:40",
      181
    ],
    [
      "01/11/16 10:41",
      182
    ],
    [
      "01/11/16 10:42",
      183
    ],
    [
      "01/11/16 10:43",
      184
    ],
    [
      "01/11/16 10:44",
      185
    ],
    [
      "01/11/16 10:45",
      186
    ],
    [
      "01/11/16 10:46",
      187
    ],
    [
      "01/11/16 10:47",
      188
    ],
    [
      "01/11/16 10:48",
      189
    ],
    [
      "01/11/16 10:49",
      190
    ],
    [
      "01/11/16 10:50",
      191
    ],
    [
      "01/11/16 10:51",
      192
    ],
    [
      "01/11/16 10:52",
      193
    ],
    [
      "01/11/16 10:53",
      194
    ],
    [
      "01/11/16 10:54",
      195
    ],
    [
      "01/11/16 10:55",
      196
    ],
    [
      "01/11/16 10:56",
      197
    ],
    [
      "01/11/16 10:57",
      198
    ],
    [
      "01/11/16 10:58",
      199
    ],
    [
      "01/11/16 10:59",
      200
    ],
    [
      "01/11/16 11:00",
      201
    ],
    [
      "01/11/16 11:01",
      202
    ],
    [
      "01/11/16 11:02",
      203
    ],
    [
      "01/11/16 11:03",
      204
    ],
    [
      "01/11/16 11:04",
      205
    ],
    [
      "01/11/16 11:05",
      206
    ],
    [
      "01/11/16 11:06",
      207
    ],
    [
      "01/11/16 11:07",
      208
    ],
    [
      "01/11/16 11:08",
      209
    ],
    [
      "01/11/16 11:09",
      210
    ],
    [
      "01/11/16 11:10",
      211
    ],
    [
      "01/11/16 11:11",
      212
    ],
    [
      "01/11/16 11:12",
      213
    ],
    [
      "01/11/16 11:13",
      214
    ],
    [
      "01/11/16 11:14",
      215
    ],
    [
      "01/11/16 11:15",
      216
    ],
    [
      "01/11/16 11:16",
      217
    ],
    [
      "01/11/16 11:17",
      218
    ],
    [
      "01/11/16 11:18",
      219
    ],
    [
      "01/11/16 11:19",
      220
    ],
    [
      "01/11/16 11:20",
      221
    ],
    [
      "01/11/16 11:21",
      222
    ],
    [
      "01/11/16 11:22",
      223
    ],
    [
      "01/11/16 11:23",
      224
    ],
    [
      "01/11/16 11:24",
      225
    ],
    [
      "01/11/16 11:25",
      226
    ],
    [
      "01/11/16 11:26",
      227
    ],
    [
      "01/11/16 11:27",
      228
    ],
    [
      "01/11/16 11:28",
      229
    ],
    [
      "01/11/16 11:29",
      230
    ],
    [
      "01/11/16 11:30",
      231
    ],
    [
      "01/11/16 11:31",
      232
    ],
    [
      "01/11/16 11:32",
      233
    ],
    [
      "01/11/16 11:33",
      234
    ],
    [
      "01/11/16 11:34",
      235
    ],
    [
      "01/11/16 11:35",
      236
    ],
    [
      "01/11/16 11:36",
      237
    ],
    [
      "01/11/16 11:37",
      238
    ],
    [
      "01/11/16 11:38",
      239
    ],
    [
      "01/11/16 11:39",
      240
    ],
    [
      "01/11/16 11:40",
      241
    ],
    [
      "01/11/16 11:41",
      242
    ],
    [
      "01/11/16 11:42",
      243
    ],
    [
      "01/11/16 11:43",
      244
    ],
    [
      "01/11/16 11:44",
      245
    ],
    [
      "01/11/16 11:45",
      246
    ],
    [
      "01/11/16 11:46",
      247
    ],
    [
      "01/11/16 11:47",
      248
    ],
    [
      "01/11/16 11:48",
      249
    ],
    [
      "01/11/16 11:49",
      250
    ],
    [
      "01/11/16 11:50",
      250
    ],
    [
      "01/11/16 11:51",
      250
    ],
    [
      "01/11/16 11:52",
      250
    ],
    [
      "01/11/16 11:53",
      250
    ],
    [
      "01/11/16 11:54",
      250
    ],
    [
      "01/11/16 11:55",
      250
    ],
    [
      "01/11/16 11:56",
      250
    ],
    [
      "01/11/16 11:57",
      250
    ],
    [
      "01/11/16 11:58",
      250
    ],
    [
      "01/11/16 11:59",
      250
    ],
    [
      "01/11/16 12:00",
      250
    ],
    [
      "01/11/16 12:01",
      250
    ],
    [
      "01/11/16 12:02",
      250
    ],
    [
      "01/11/16 12:03",
      250
    ],
    [
      "01/11/16 12:04",
      250
    ],
    [
      "01/11/16 12:05",
      250
    ],
    [
      "01/11/16 12:06",
      250
    ],
    [
      "01/11/16 12:07",
      250
    ],
    [
      "01/11/16 12:08",
      250
    ],
    [
      "01/11/16 12:09",
      250
    ],
    [
      "01/11/16 12:10",
      250
    ],
    [
      "01/11/16 12:11",
      250
    ],
    [
      "01/11/16 12:12",
      250
    ],
    [
      "01/11/16 12:13",
      250
    ],
    [
      "01/11/16 12:14",
      250
    ],
    [
      "01/11/16 12:15",
      250
    ],
    [
      "01/11/16 12:16",
      250
    ],
    [
      "01/11/16 12:17",
      250
    ],
    [
      "01/11/16 12:18",
      250
    ],
    [
      "01/11/16 12:19",
      250
    ],
    [
      "01/11/16 12:20",
      250
    ],
    [
      "01/11/16 12:21",
      250
    ],
    [
      "01/11/16 12:22",
      250
    ],
    [
      "01/11/16 12:23",
      250
    ],
    [
      "01/11/16 12:24",
      250
    ],
    [
      "01/11/16 12:25",
      250
    ],
    [
      "01/11/16 12:26",
      250
    ],
    [
      "01/11/16 12:27",
      250
    ],
    [
      "01/11/16 12:28",
      250
    ],
    [
      "01/11/16 12:29",
      250
    ],
    [
      "01/11/16 12:30",
      250
    ],
    [
      "01/11/16 12:31",
      250
    ],
    [
      "01/11/16 12:32",
      250
    ],
    [
      "01/11/16 12:33",
      250
    ],
    [
      "01/11/16 12:34",
      250
    ],
    [
      "01/11/16 12:35",
      250
    ],
    [
      "01/11/16 12:36",
      250
    ],
    [
      "01/11/16 12:37",
      250
    ],
    [
      "01/11/16 12:38",
      250
    ],
    [
      "01/11/16 12:39",
      250
    ],
    [
      "01/11/16 12:40",
      250
    ],
    [
      "01/11/16 12:41",
      250
    ],
    [
      "01/11/16 12:42",
      250
    ],
    [
      "01/11/16 12:43",
      250
    ],
    [
      "01/11/16 12:44",
      250
    ],
    [
      "01/11/16 12:45",
      250
    ],
    [
      "01/11/16 12:46",
      250
    ],
    [
      "01/11/16 12:47",
      250
    ],
    [
      "01/11/16 12:48",
      250
    ],
    [
      "01/11/16 12:49",
      250
    ],
    [
      "01/11/16 12:50",
      250
    ],
    [
      "01/11/16 12:51",
      250
    ],
    [
      "01/11/16 12:52",
      250
    ],
    [
      "01/11/16 12:53",
      250
    ],
    [
      "01/11/16 12:54",
      250
    ],
    [
      "01/11/16 12:55",
      250
    ],
    [
      "01/11/16 12:56",
      250
    ],
    [
      "01/11/16 12:57",
      250
    ],
    [
      "01/11/16 12:58",
      250
    ],
    [
      "01/11/16 12:59",
      250
    ],
    [
      "01/11/16 13:00",
      250
    ],
    [
      "01/11/16 13:01",
      250
    ],
    [
      "01/11/16 13:02",
      250
    ],
    [
      "01/11/16 13:03",
      250
    ],
    [
      "01/11/16 13:04",
      250
    ],
    [
      "01/11/16 13:05",
      250
    ],
    [
      "01/11/16 13:06",
      250
    ],
    [
      "01/11/16 13:07",
      250
    ],
    [
      "01/11/16 13:08",
      250
    ],
    [
      "01/11/16 13:09",
      250
    ],
    [
      "01/11/16 13:10",
      250
    ],
    [
      "01/11/16 13:11",
      250
    ],
    [
      "01/11/16 13:12",
      250
    ],
    [
      "01/11/16 13:13",
      250
    ],
    [
      "01/11/16 13:14",
      250
    ],
    [
      "01/11/16 13:15",
      250
    ],
    [
      "01/11/16 13:16",
      250
    ],
    [
      "01/11/16 13:17",
      250
    ],
    [
      "01/11/16 13:18",
      250
    ],
    [
      "01/11/16 13:19",
      250
    ],
    [
      "01/11/16 13:20",
      250
    ],
    [
      "01/11/16 13:21",
      250
    ],
    [
      "01/11/16 13:22",
      250
    ],
    [
      "01/11/16 13:23",
      250
    ],
    [
      "01/11/16 13:24",
      250
    ],
    [
      "01/11/16 13:25",
      250
    ],
    [
      "01/11/16 13:26",
      250
    ],
    [
      "01/11/16 13:27",
      250
    ],
    [
      "01/11/16 13:28",
      250
    ],
    [
      "01/11/16 13:29",
      250
    ],
    [
      "01/11/16 13:30",
      250
    ],
    [
      "01/11/16 13:31",
      250
    ],
    [
      "01/11/16 13:32",
      250
    ],
    [
      "01/11/16 13:33",
      250
    ],
    [
      "01/11/16 13:34",
      250
    ],
    [
      "01/11/16 13:35",
      250
    ],
    [
      "01/11/16 13:36",
      250
    ],
    [
      "01/11/16 13:37",
      250
    ],
    [
      "01/11/16 13:38",
      250
    ],
    [
      "01/11/16 13:39",
      255
    ],
    [
      "01/11/16 13:40",
      260
    ],
    [
      "01/11/16 13:41",
      265
    ],
    [
      "01/11/16 13:42",
      270
    ],
    [
      "01/11/16 13:43",
      275
    ],
    [
      "01/11/16 13:44",
      280
    ],
    [
      "01/11/16 13:45",
      285
    ],
    [
      "01/11/16 13:46",
      290
    ],
    [
      "01/11/16 13:47",
      295
    ],
    [
      "01/11/16 13:48",
      300
    ],
    [
      "01/11/16 13:49",
      305
    ],
    [
      "01/11/16 13:50",
      310
    ],
    [
      "01/11/16 13:51",
      315
    ],
    [
      "01/11/16 13:52",
      320
    ],
    [
      "01/11/16 13:53",
      325
    ],
    [
      "01/11/16 13:54",
      330
    ],
    [
      "01/11/16 13:55",
      335
    ],
    [
      "01/11/16 13:56",
      340
    ],
    [
      "01/11/16 13:57",
      345
    ],
    [
      "01/11/16 13:58",
      350
    ],
    [
      "01/11/16 13:59",
      355
    ],
    [
      "01/11/16 14:00",
      360
    ],
    [
      "01/11/16 14:01",
      365
    ],
    [
      "01/11/16 14:02",
      370
    ],
    [
      "01/11/16 14:03",
      375
    ],
    [
      "01/11/16 14:04",
      380
    ],
    [
      "01/11/16 14:05",
      385
    ],
    [
      "01/11/16 14:06",
      390
    ],
    [
      "01/11/16 14:07",
      395
    ],
    [
      "01/11/16 14:08",
      400
    ],
    [
      "01/11/16 14:09",
      405
    ],
    [
      "01/11/16 14:10",
      410
    ],
    [
      "01/11/16 14:11",
      415
    ],
    [
      "01/11/16 14:12",
      420
    ],
    [
      "01/11/16 14:13",
      425
    ],
    [
      "01/11/16 14:14",
      430
    ],
    [
      "01/11/16 14:15",
      435
    ],
    [
      "01/11/16 14:16",
      440
    ],
    [
      "01/11/16 14:17",
      445
    ],
    [
      "01/11/16 14:18",
      450
    ],
    [
      "01/11/16 14:19",
      455
    ],
    [
      "01/11/16 14:20",
      460
    ],
    [
      "01/11/16 14:21",
      465
    ],
    [
      "01/11/16 14:22",
      470
    ],
    [
      "01/11/16 14:23",
      475
    ],
    [
      "01/11/16 14:24",
      480
    ],
    [
      "01/11/16 14:25",
      485
    ],
    [
      "01/11/16 14:26",
      490
    ],
    [
      "01/11/16 14:27",
      495
    ],
    [
      "01/11/16 14:28",
      500
    ],
    [
      "01/11/16 14:29",
      505
    ],
    [
      "01/11/16 14:30",
      510
    ],
    [
      "01/11/16 14:31",
      515
    ],
    [
      "01/11/16 14:32",
      520
    ],
    [
      "01/11/16 14:33",
      525
    ],
    [
      "01/11/16 14:34",
      530
    ],
    [
      "01/11/16 14:35",
      535
    ],
    [
      "01/11/16 14:36",
      540
    ],
    [
      "01/11/16 14:37",
      545
    ],
    [
      "01/11/16 14:38",
      550
    ],
    [
      "01/11/16 14:39",
      555
    ],
    [
      "01/11/16 14:40",
      560
    ],
    [
      "01/11/16 14:41",
      565
    ],
    [
      "01/11/16 14:42",
      570
    ],
    [
      "01/11/16 14:43",
      575
    ],
    [
      "01/11/16 14:44",
      580
    ],
    [
      "01/11/16 14:45",
      585
    ],
    [
      "01/11/16 14:46",
      590
    ],
    [
      "01/11/16 14:47",
      595
    ],
    [
      "01/11/16 14:48",
      600
    ],
    [
      "01/11/16 14:49",
      605
    ],
    [
      "01/11/16 14:50",
      610
    ],
    [
      "01/11/16 14:51",
      615
    ],
    [
      "01/11/16 14:52",
      620
    ],
    [
      "01/11/16 14:53",
      625
    ],
    [
      "01/11/16 14:54",
      630
    ],
    [
      "01/11/16 14:55",
      635
    ],
    [
      "01/11/16 14:56",
      640
    ],
    [
      "01/11/16 14:57",
      645
    ],
    [
      "01/11/16 14:58",
      650
    ],
    [
      "01/11/16 14:59",
      655
    ],
    [
      "01/11/16 15:00",
      660
    ],
    [
      "01/11/16 15:01",
      665
    ],
    [
      "01/11/16 15:02",
      670
    ],
    [
      "01/11/16 15:03",
      675
    ],
    [
      "01/11/16 15:04",
      680
    ],
    [
      "01/11/16 15:05",
      685
    ],
    [
      "01/11/16 15:06",
      690
    ],
    [
      "01/11/16 15:07",
      695
    ],
    [
      "01/11/16 15:08",
      700
    ],
    [
      "01/11/16 15:09",
      705
    ],
    [
      "01/11/16 15:10",
      710
    ],
    [
      "01/11/16 15:11",
      715
    ],
    [
      "01/11/16 15:12",
      720
    ],
    [
      "01/11/16 15:13",
      725
    ],
    [
      "01/11/16 15:14",
      730
    ],
    [
      "01/11/16 15:15",
      735
    ],
    [
      "01/11/16 15:16",
      740
    ],
    [
      "01/11/16 15:17",
      745
    ],
    [
      "01/11/16 15:18",
      750
    ],
    [
      "01/11/16 15:19",
      755
    ],
    [
      "01/11/16 15:20",
      760
    ],
    [
      "01/11/16 15:21",
      765
    ],
    [
      "01/11/16 15:22",
      770
    ],
    [
      "01/11/16 15:23",
      775
    ],
    [
      "01/11/16 15:24",
      780
    ],
    [
      "01/11/16 15:25",
      785
    ],
    [
      "01/11/16 15:26",
      790
    ],
    [
      "01/11/16 15:27",
      795
    ],
    [
      "01/11/16 15:28",
      800
    ],
    [
      "01/11/16 15:29",
      805
    ],
    [
      "01/11/16 15:30",
      810
    ],
    [
      "01/11/16 15:31",
      815
    ],
    [
      "01/11/16 15:32",
      820
    ],
    [
      "01/11/16 15:33",
      825
    ],
    [
      "01/11/16 15:34",
      830
    ],
    [
      "01/11/16 15:35",
      835
    ],
    [
      "01/11/16 15:36",
      840
    ],
    [
      "01/11/16 15:37",
      845
    ],
    [
      "01/11/16 15:38",
      850
    ],
    [
      "01/11/16 15:39",
      855
    ],
    [
      "01/11/16 15:40",
      860
    ],
    [
      "01/11/16 15:41",
      865
    ],
    [
      "01/11/16 15:42",
      870
    ],
    [
      "01/11/16 15:43",
      875
    ],
    [
      "01/11/16 15:44",
      880
    ],
    [
      "01/11/16 15:45",
      885
    ],
    [
      "01/11/16 15:46",
      890
    ],
    [
      "01/11/16 15:47",
      895
    ],
    [
      "01/11/16 15:48",
      900
    ],
    [
      "01/11/16 15:49",
      905
    ],
    [
      "01/11/16 15:50",
      910
    ],
    [
      "01/11/16 15:51",
      915
    ],
    [
      "01/11/16 15:52",
      920
    ],
    [
      "01/11/16 15:53",
      925
    ],
    [
      "01/11/16 15:54",
      930
    ],
    [
      "01/11/16 15:55",
      935
    ],
    [
      "01/11/16 15:56",
      940
    ],
    [
      "01/11/16 15:57",
      945
    ],
    [
      "01/11/16 15:58",
      950
    ],
    [
      "01/11/16 15:59",
      955
    ],
    [
      "01/11/16 16:00",
      960
    ],
    [
      "01/11/16 16:01",
      965
    ],
    [
      "01/11/16 16:02",
      970
    ],
    [
      "01/11/16 16:03",
      975
    ],
    [
      "01/11/16 16:04",
      980
    ],
    [
      "01/11/16 16:05",
      985
    ],
    [
      "01/11/16 16:06",
      990
    ],
    [
      "01/11/16 16:07",
      995
    ],
    [
      "01/11/16 16:08",
      1000
    ],
    [
      "01/11/16 16:09",
      1005
    ],
    [
      "01/11/16 16:10",
      1010
    ],
    [
      "01/11/16 16:11",
      1015
    ],
    [
      "01/11/16 16:12",
      1020
    ],
    [
      "01/11/16 16:13",
      1025
    ],
    [
      "01/11/16 16:14",
      1030
    ],
    [
      "01/11/16 16:15",
      1035
    ],
    [
      "01/11/16 16:16",
      1040
    ],
    [
      "01/11/16 16:17",
      1045
    ],
    [
      "01/11/16 16:18",
      1050
    ],
    [
      "01/11/16 16:19",
      1055
    ],
    [
      "01/11/16 16:20",
      1060
    ],
    [
      "01/11/16 16:21",
      1065
    ],
    [
      "01/11/16 16:22",
      1070
    ],
    [
      "01/11/16 16:23",
      1075
    ],
    [
      "01/11/16 16:24",
      1080
    ],
    [
      "01/11/16 16:25",
      1085
    ],
    [
      "01/11/16 16:26",
      1090
    ],
    [
      "01/11/16 16:27",
      1095
    ],
    [
      "01/11/16 16:28",
      1100
    ],
    [
      "01/11/16 16:29",
      1105
    ],
    [
      "01/11/16 16:30",
      1110
    ],
    [
      "01/11/16 16:31",
      1115
    ],
    [
      "01/11/16 16:32",
      1120
    ],
    [
      "01/11/16 16:33",
      1125
    ],
    [
      "01/11/16 16:34",
      1130
    ],
    [
      "01/11/16 16:35",
      1135
    ],
    [
      "01/11/16 16:36",
      1140
    ],
    [
      "01/11/16 16:37",
      1145
    ],
    [
      "01/11/16 16:38",
      1150
    ],
    [
      "01/11/16 16:39",
      1155
    ],
    [
      "01/11/16 16:40",
      1160
    ],
    [
      "01/11/16 16:41",
      1165
    ],
    [
      "01/11/16 16:42",
      1170
    ],
    [
      "01/11/16 16:43",
      1175
    ],
    [
      "01/11/16 16:44",
      1180
    ],
    [
      "01/11/16 16:45",
      1185
    ],
    [
      "01/11/16 16:46",
      1190
    ],
    [
      "01/11/16 16:47",
      1195
    ],
    [
      "01/11/16 16:48",
      1200
    ],
    [
      "01/11/16 16:49",
      1205
    ],
    [
      "01/11/16 16:50",
      1210
    ],
    [
      "01/11/16 16:51",
      1215
    ],
    [
      "01/11/16 16:52",
      1220
    ],
    [
      "01/11/16 16:53",
      1225
    ],
    [
      "01/11/16 16:54",
      1230
    ],
    [
      "01/11/16 16:55",
      1235
    ],
    [
      "01/11/16 16:56",
      1240
    ],
    [
      "01/11/16 16:57",
      1245
    ],
    [
      "01/11/16 16:58",
      1250
    ],
    [
      "01/11/16 16:59",
      1255
    ],
    [
      "01/11/16 17:00",
      1260
    ],
    [
      "01/11/16 17:01",
      1265
    ],
    [
      "01/11/16 17:02",
      1270
    ],
    [
      "01/11/16 17:03",
      1275
    ],
    [
      "01/11/16 17:04",
      1280
    ],
    [
      "01/11/16 17:05",
      1285
    ],
    [
      "01/11/16 17:06",
      1290
    ],
    [
      "01/11/16 17:07",
      1295
    ],
    [
      "01/11/16 17:08",
      1300
    ],
    [
      "01/11/16 17:09",
      1305
    ],
    [
      "01/11/16 17:10",
      1310
    ],
    [
      "01/11/16 17:11",
      1315
    ],
    [
      "01/11/16 17:12",
      1320
    ],
    [
      "01/11/16 17:13",
      1325
    ],
    [
      "01/11/16 17:14",
      1330
    ],
    [
      "01/11/16 17:15",
      1335
    ],
    [
      "01/11/16 17:16",
      1340
    ],
    [
      "01/11/16 17:17",
      1345
    ],
    [
      "01/11/16 17:18",
      1350
    ],
    [
      "01/11/16 17:19",
      1355
    ],
    [
      "01/11/16 17:20",
      1360
    ],
    [
      "01/11/16 17:21",
      1365
    ],
    [
      "01/11/16 17:22",
      1370
    ],
    [
      "01/11/16 17:23",
      1375
    ],
    [
      "01/11/16 17:24",
      1380
    ],
    [
      "01/11/16 17:25",
      1385
    ],
    [
      "01/11/16 17:26",
      1390
    ],
    [
      "01/11/16 17:27",
      1395
    ],
    [
      "01/11/16 17:28",
      1400
    ],
    [
      "01/11/16 17:29",
      1405
    ],
    [
      "01/11/16 17:30",
      1410
    ],
    [
      "01/11/16 17:31",
      1415
    ],
    [
      "01/11/16 17:32",
      1420
    ],
    [
      "01/11/16 17:33",
      1425
    ],
    [
      "01/11/16 17:34",
      1430
    ],
    [
      "01/11/16 17:35",
      1435
    ],
    [
      "01/11/16 17:36",
      1440
    ],
    [
      "01/11/16 17:37",
      1445
    ],
    [
      "01/11/16 17:38",
      1450
    ],
    [
      "01/11/16 17:39",
      1455
    ],
    [
      "01/11/16 17:40",
      1460
    ],
    [
      "01/11/16 17:41",
      1465
    ],
    [
      "01/11/16 17:42",
      1470
    ],
    [
      "01/11/16 17:43",
      1475
    ],
    [
      "01/11/16 17:44",
      1480
    ],
    [
      "01/11/16 17:45",
      1485
    ],
    [
      "01/11/16 17:46",
      1490
    ],
    [
      "01/11/16 17:47",
      1495
    ],
    [
      "01/11/16 17:48",
      1500
    ],
    [
      "01/11/16 17:49",
      1505
    ],
    [
      "01/11/16 17:50",
      1510
    ],
    [
      "01/11/16 17:51",
      1515
    ],
    [
      "01/11/16 17:52",
      1520
    ],
    [
      "01/11/16 17:53",
      1525
    ],
    [
      "01/11/16 17:54",
      1530
    ],
    [
      "01/11/16 17:55",
      1535
    ],
    [
      "01/11/16 17:56",
      1540
    ],
    [
      "01/11/16 17:57",
      1545
    ],
    [
      "01/11/16 17:58",
      1550
    ],
    [
      "01/11/16 17:59",
      1555
    ],
    [
      "01/11/16 18:00",
      1560
    ],
    [
      "01/11/16 18:01",
      1570
    ],
    [
      "01/11/16 18:02",
      1580
    ],
    [
      "01/11/16 18:03",
      1590
    ],
    [
      "01/11/16 18:04",
      1600
    ],
    [
      "01/11/16 18:05",
      1610
    ],
    [
      "01/11/16 18:06",
      1620
    ],
    [
      "01/11/16 18:07",
      1630
    ],
    [
      "01/11/16 18:08",
      1640
    ],
    [
      "01/11/16 18:09",
      1650
    ],
    [
      "01/11/16 18:10",
      1660
    ],
    [
      "01/11/16 18:11",
      1670
    ],
    [
      "01/11/16 18:12",
      1680
    ],
    [
      "01/11/16 18:13",
      1690
    ],
    [
      "01/11/16 18:14",
      1700
    ],
    [
      "01/11/16 18:15",
      1710
    ],
    [
      "01/11/16 18:16",
      1720
    ],
    [
      "01/11/16 18:17",
      1730
    ],
    [
      "01/11/16 18:18",
      1740
    ],
    [
      "01/11/16 18:19",
      1750
    ],
    [
      "01/11/16 18:20",
      1760
    ],
    [
      "01/11/16 18:21",
      1770
    ],
    [
      "01/11/16 18:22",
      1780
    ],
    [
      "01/11/16 18:23",
      1790
    ],
    [
      "01/11/16 18:24",
      1800
    ],
    [
      "01/11/16 18:25",
      1810
    ],
    [
      "01/11/16 18:26",
      1820
    ],
    [
      "01/11/16 18:27",
      1830
    ],
    [
      "01/11/16 18:28",
      1840
    ],
    [
      "01/11/16 18:29",
      1850
    ],
    [
      "01/11/16 18:30",
      1860
    ],
    [
      "01/11/16 18:31",
      1870
    ],
    [
      "01/11/16 18:32",
      1880
    ],
    [
      "01/11/16 18:33",
      1890
    ],
    [
      "01/11/16 18:34",
      1900
    ],
    [
      "01/11/16 18:35",
      1910
    ],
    [
      "01/11/16 18:36",
      1920
    ],
    [
      "01/11/16 18:37",
      1930
    ],
    [
      "01/11/16 18:38",
      1940
    ],
    [
      "01/11/16 18:39",
      1950
    ],
    [
      "01/11/16 18:40",
      1960
    ],
    [
      "01/11/16 18:41",
      1970
    ],
    [
      "01/11/16 18:42",
      1980
    ],
    [
      "01/11/16 18:43",
      1990
    ],
    [
      "01/11/16 18:44",
      2000
    ],
    [
      "01/11/16 18:45",
      2010
    ],
    [
      "01/11/16 18:46",
      2020
    ],
    [
      "01/11/16 18:47",
      2030
    ],
    [
      "01/11/16 18:48",
      2040
    ],
    [
      "01/11/16 18:49",
      2050
    ],
    [
      "01/11/16 18:50",
      2060
    ],
    [
      "01/11/16 18:51",
      2070
    ],
    [
      "01/11/16 18:52",
      2080
    ],
    [
      "01/11/16 18:53",
      2090
    ],
    [
      "01/11/16 18:54",
      2100
    ],
    [
      "01/11/16 18:55",
      2110
    ],
    [
      "01/11/16 18:56",
      2120
    ],
    [
      "01/11/16 18:57",
      2130
    ],
    [
      "01/11/16 18:58",
      2140
    ],
    [
      "01/11/16 18:59",
      2150
    ],
    [
      "01/11/16 19:00",
      2160
    ],
    [
      "01/11/16 19:01",
      2170
    ],
    [
      "01/11/16 19:02",
      2180
    ],
    [
      "01/11/16 19:03",
      2190
    ],
    [
      "01/11/16 19:04",
      2200
    ],
    [
      "01/11/16 19:05",
      2210
    ],
    [
      "01/11/16 19:06",
      2220
    ],
    [
      "01/11/16 19:07",
      2230
    ],
    [
      "01/11/16 19:08",
      2240
    ],
    [
      "01/11/16 19:09",
      2250
    ],
    [
      "01/11/16 19:10",
      2260
    ],
    [
      "01/11/16 19:11",
      2270
    ],
    [
      "01/11/16 19:12",
      2280
    ],
    [
      "01/11/16 19:13",
      2290
    ],
    [
      "01/11/16 19:14",
      2300
    ],
    [
      "01/11/16 19:15",
      2310
    ],
    [
      "01/11/16 19:16",
      2320
    ],
    [
      "01/11/16 19:17",
      2330
    ],
    [
      "01/11/16 19:18",
      2340
    ],
    [
      "01/11/16 19:19",
      2350
    ],
    [
      "01/11/16 19:20",
      2360
    ],
    [
      "01/11/16 19:21",
      2370
    ],
    [
      "01/11/16 19:22",
      2380
    ],
    [
      "01/11/16 19:23",
      2390
    ],
    [
      "01/11/16 19:24",
      2400
    ],
    [
      "01/11/16 19:25",
      2410
    ],
    [
      "01/11/16 19:26",
      2420
    ],
    [
      "01/11/16 19:27",
      2430
    ],
    [
      "01/11/16 19:28",
      2440
    ],
    [
      "01/11/16 19:29",
      2450
    ],
    [
      "01/11/16 19:30",
      2460
    ],
    [
      "01/11/16 19:31",
      2470
    ],
    [
      "01/11/16 19:32",
      2480
    ],
    [
      "01/11/16 19:33",
      2490
    ],
    [
      "01/11/16 19:34",
      2500
    ],
    [
      "01/11/16 19:35",
      2510
    ],
    [
      "01/11/16 19:36",
      2520
    ],
    [
      "01/11/16 19:37",
      2530
    ],
    [
      "01/11/16 19:38",
      2540
    ],
    [
      "01/11/16 19:39",
      2550
    ],
    [
      "01/11/16 19:40",
      2560
    ],
    [
      "01/11/16 19:41",
      2570
    ],
    [
      "01/11/16 19:42",
      2580
    ],
    [
      "01/11/16 19:43",
      2590
    ],
    [
      "01/11/16 19:44",
      2600
    ],
    [
      "01/11/16 19:45",
      2610
    ],
    [
      "01/11/16 19:46",
      2620
    ],
    [
      "01/11/16 19:47",
      2630
    ],
    [
      "01/11/16 19:48",
      2655
    ],
    [
      "01/11/16 19:49",
      2680
    ],
    [
      "01/11/16 19:50",
      2705
    ],
    [
      "01/11/16 19:51",
      2730
    ],
    [
      "01/11/16 19:52",
      2755
    ],
    [
      "01/11/16 19:53",
      2780
    ],
    [
      "01/11/16 19:54",
      2805
    ],
    [
      "01/11/16 19:55",
      2830
    ],
    [
      "01/11/16 19:56",
      2855
    ],
    [
      "01/11/16 19:57",
      2880
    ],
    [
      "01/11/16 19:58",
      2905
    ],
    [
      "01/11/16 19:59",
      2930
    ],
    [
      "01/11/16 20:00",
      2955
    ],
    [
      "01/11/16 20:01",
      2980
    ],
    [
      "01/11/16 20:02",
      3005
    ],
    [
      "01/11/16 20:03",
      3030
    ],
    [
      "01/11/16 20:04",
      3055
    ],
    [
      "01/11/16 20:05",
      3080
    ],
    [
      "01/11/16 20:06",
      3105
    ],
    [
      "01/11/16 20:07",
      3130
    ],
    [
      "01/11/16 20:08",
      3155
    ],
    [
      "01/11/16 20:09",
      3180
    ],
    [
      "01/11/16 20:10",
      3205
    ],
    [
      "01/11/16 20:11",
      3230
    ],
    [
      "01/11/16 20:12",
      3255
    ],
    [
      "01/11/16 20:13",
      3280
    ],
    [
      "01/11/16 20:14",
      3305
    ],
    [
      "01/11/16 20:15",
      3330
    ],
    [
      "01/11/16 20:16",
      3355
    ],
    [
      "01/11/16 20:17",
      3380
    ],
    [
      "01/11/16 20:18",
      3405
    ],
    [
      "01/11/16 20:19",
      3430
    ],
    [
      "01/11/16 20:20",
      3455
    ],
    [
      "01/11/16 20:21",
      3480
    ],
    [
      "01/11/16 20:22",
      3505
    ],
    [
      "01/11/16 20:23",
      3530
    ],
    [
      "01/11/16 20:24",
      3555
    ],
    [
      "01/11/16 20:25",
      3580
    ],
    [
      "01/11/16 20:26",
      3605
    ],
    [
      "01/11/16 20:27",
      3630
    ],
    [
      "01/11/16 20:28",
      3655
    ],
    [
      "01/11/16 20:29",
      3680
    ],
    [
      "01/11/16 20:30",
      3705
    ],
    [
      "01/11/16 20:31",
      3730
    ],
    [
      "01/11/16 20:32",
      3755
    ],
    [
      "01/11/16 20:33",
      3780
    ],
    [
      "01/11/16 20:34",
      3805
    ],
    [
      "01/11/16 20:35",
      3830
    ],
    [
      "01/11/16 20:36",
      3855
    ],
    [
      "01/11/16 20:37",
      3880
    ],
    [
      "01/11/16 20:38",
      3905
    ],
    [
      "01/11/16 20:39",
      3930
    ],
    [
      "01/11/16 20:40",
      3955
    ],
    [
      "01/11/16 20:41",
      3980
    ],
    [
      "01/11/16 20:42",
      4005
    ],
    [
      "01/11/16 20:43",
      4030
    ],
    [
      "01/11/16 20:44",
      4055
    ],
    [
      "01/11/16 20:45",
      4080
    ],
    [
      "01/11/16 20:46",
      4105
    ],
    [
      "01/11/16 20:47",
      4130
    ],
    [
      "01/11/16 20:48",
      4155
    ],
    [
      "01/11/16 20:49",
      4180
    ],
    [
      "01/11/16 20:50",
      4205
    ],
    [
      "01/11/16 20:51",
      4230
    ],
    [
      "01/11/16 20:52",
      4255
    ],
    [
      "01/11/16 20:53",
      4280
    ],
    [
      "01/11/16 20:54",
      4305
    ],
    [
      "01/11/16 20:55",
      4330
    ],
    [
      "01/11/16 20:56",
      4355
    ],
    [
      "01/11/16 20:57",
      4380
    ],
    [
      "01/11/16 20:58",
      4405
    ],
    [
      "01/11/16 20:59",
      4430
    ],
    [
      "01/11/16 21:00",
      4455
    ],
    [
      "01/11/16 21:01",
      4480
    ],
    [
      "01/11/16 21:02",
      4505
    ],
    [
      "01/11/16 21:03",
      4530
    ],
    [
      "01/11/16 21:04",
      4555
    ],
    [
      "01/11/16 21:05",
      4580
    ],
    [
      "01/11/16 21:06",
      4605
    ],
    [
      "01/11/16 21:07",
      4630
    ],
    [
      "01/11/16 21:08",
      4655
    ],
    [
      "01/11/16 21:09",
      4680
    ],
    [
      "01/11/16 21:10",
      4705
    ],
    [
      "01/11/16 21:11",
      4730
    ],
    [
      "01/11/16 21:12",
      4755
    ],
    [
      "01/11/16 21:13",
      4780
    ],
    [
      "01/11/16 21:14",
      4805
    ],
    [
      "01/11/16 21:15",
      4830
    ],
    [
      "01/11/16 21:16",
      4855
    ],
    [
      "01/11/16 21:17",
      4880
    ],
    [
      "01/11/16 21:18",
      4905
    ],
    [
      "01/11/16 21:19",
      4930
    ],
    [
      "01/11/16 21:20",
      4955
    ],
    [
      "01/11/16 21:21",
      4980
    ],
    [
      "01/11/16 21:22",
      5005
    ],
    [
      "01/11/16 21:23",
      5030
    ],
    [
      "01/11/16 21:24",
      5055
    ],
    [
      "01/11/16 21:25",
      5080
    ],
    [
      "01/11/16 21:26",
      5105
    ],
    [
      "01/11/16 21:27",
      5130
    ],
    [
      "01/11/16 21:28",
      5155
    ],
    [
      "01/11/16 21:29",
      5180
    ],
    [
      "01/11/16 21:30",
      5205
    ],
    [
      "01/11/16 21:31",
      5255
    ],
    [
      "01/11/16 21:32",
      5305
    ],
    [
      "01/11/16 21:33",
      5355
    ],
    [
      "01/11/16 21:34",
      5405
    ],
    [
      "01/11/16 21:35",
      5455
    ],
    [
      "01/11/16 21:36",
      5505
    ],
    [
      "01/11/16 21:37",
      5555
    ],
    [
      "01/11/16 21:38",
      5605
    ],
    [
      "01/11/16 21:39",
      5655
    ],
    [
      "01/11/16 21:40",
      5705
    ],
    [
      "01/11/16 21:41",
      5755
    ],
    [
      "01/11/16 21:42",
      5805
    ],
    [
      "01/11/16 21:43",
      5855
    ],
    [
      "01/11/16 21:44",
      5905
    ],
    [
      "01/11/16 21:45",
      5955
    ],
    [
      "01/11/16 21:46",
      6005
    ],
    [
      "01/11/16 21:47",
      6055
    ],
    [
      "01/11/16 21:48",
      6105
    ],
    [
      "01/11/16 21:49",
      6155
    ],
    [
      "01/11/16 21:50",
      6205
    ],
    [
      "01/11/16 21:51",
      6255
    ],
    [
      "01/11/16 21:52",
      6305
    ],
    [
      "01/11/16 21:53",
      6355
    ],
    [
      "01/11/16 21:54",
      6405
    ],
    [
      "01/11/16 21:55",
      6455
    ],
    [
      "01/11/16 21:56",
      6505
    ],
    [
      "01/11/16 21:57",
      6555
    ],
    [
      "01/11/16 21:58",
      6605
    ],
    [
      "01/11/16 21:59",
      6655
    ],
    [
      "01/11/16 22:00",
      6705
    ],
    [
      "01/11/16 22:01",
      6755
    ],
    [
      "01/11/16 22:02",
      6805
    ],
    [
      "01/11/16 22:03",
      6855
    ],
    [
      "01/11/16 22:04",
      6905
    ],
    [
      "01/11/16 22:05",
      6955
    ],
    [
      "01/11/16 22:06",
      7005
    ],
    [
      "01/11/16 22:07",
      7055
    ],
    [
      "01/11/16 22:08",
      7105
    ],
    [
      "01/11/16 22:09",
      7155
    ],
    [
      "01/11/16 22:10",
      7205
    ],
    [
      "01/11/16 22:11",
      7255
    ],
    [
      "01/11/16 22:12",
      7305
    ],
    [
      "01/11/16 22:13",
      7355
    ],
    [
      "01/11/16 22:14",
      7405
    ],
    [
      "01/11/16 22:15",
      7455
    ],
    [
      "01/11/16 22:16",
      7505
    ],
    [
      "01/11/16 22:17",
      7555
    ],
    [
      "01/11/16 22:18",
      7605
    ],
    [
      "01/11/16 22:19",
      7655
    ],
    [
      "01/11/16 22:20",
      7705
    ],
    [
      "01/11/16 22:21",
      7755
    ],
    [
      "01/11/16 22:22",
      7805
    ],
    [
      "01/11/16 22:23",
      7855
    ],
    [
      "01/11/16 22:24",
      7905
    ],
    [
      "01/11/16 22:25",
      7955
    ],
    [
      "01/11/16 22:26",
      8005
    ],
    [
      "01/11/16 22:27",
      8055
    ],
    [
      "01/11/16 22:28",
      8105
    ],
    [
      "01/11/16 22:29",
      8155
    ],
    [
      "01/11/16 22:30",
      8205
    ],
    [
      "01/11/16 22:31",
      8255
    ],
    [
      "01/11/16 22:32",
      8305
    ],
    [
      "01/11/16 22:33",
      8355
    ],
    [
      "01/11/16 22:34",
      8405
    ],
    [
      "01/11/16 22:35",
      8455
    ],
    [
      "01/11/16 22:36",
      8505
    ],
    [
      "01/11/16 22:37",
      8555
    ],
    [
      "01/11/16 22:38",
      8605
    ],
    [
      "01/11/16 22:39",
      8655
    ],
    [
      "01/11/16 22:40",
      8705
    ],
    [
      "01/11/16 22:41",
      8755
    ],
    [
      "01/11/16 22:42",
      8805
    ],
    [
      "01/11/16 22:43",
      8855
    ],
    [
      "01/11/16 22:44",
      8905
    ],
    [
      "01/11/16 22:45",
      8955
    ],
    [
      "01/11/16 22:46",
      9005
    ],
    [
      "01/11/16 22:47",
      9055
    ],
    [
      "01/11/16 22:48",
      9105
    ],
    [
      "01/11/16 22:49",
      9155
    ],
    [
      "01/11/16 22:50",
      9205
    ],
    [
      "01/11/16 22:51",
      9255
    ],
    [
      "01/11/16 22:52",
      9305
    ],
    [
      "01/11/16 22:53",
      9355
    ],
    [
      "01/11/16 22:54",
      9405
    ],
    [
      "01/11/16 22:55",
      9455
    ],
    [
      "01/11/16 22:56",
      9505
    ],
    [
      "01/11/16 22:57",
      9555
    ],
    [
      "01/11/16 22:58",
      9605
    ],
    [
      "01/11/16 22:59",
      9655
    ],
    [
      "01/11/16 23:00",
      9705
    ],
    [
      "01/11/16 23:01",
      9755
    ],
    [
      "01/11/16 23:02",
      9805
    ],
    [
      "01/11/16 23:03",
      9855
    ],
    [
      "01/11/16 23:04",
      9905
    ],
    [
      "01/11/16 23:05",
      9955
    ],
    [
      "01/11/16 23:06",
      10005
    ],
    [
      "01/11/16 23:07",
      10055
    ],
    [
      "01/11/16 23:08",
      10105
    ],
    [
      "01/11/16 23:09",
      10155
    ],
    [
      "01/11/16 23:10",
      10205
    ],
    [
      "01/11/16 23:11",
      10255
    ],
    [
      "01/11/16 23:12",
      10305
    ],
    [
      "01/11/16 23:13",
      10355
    ],
    [
      "01/11/16 23:14",
      10405
    ],
    [
      "01/11/16 23:15",
      10455
    ],
    [
      "01/11/16 23:16",
      10505
    ]
  ],
  "appSchema": [
    {
      "name": "Time",
      "type": "date",
      "format": "%d/%m/%y %H:%M"
    },
    {
      "name": "Heat Flux",
      "type": "number"
    }
  ]
}