{
  "type": "vbullet",
  "renderAt": "chart-container",
  "width": "100%",
  "height": "100%",
  "dataFormat": "json",
  "dataSource": {
    "chart": {
      "caption": "Customer Satisfaction Score",
      "theme": "fusion",
      "ticksonright": "1",
      "plottooltext": "Score: <b>$datavalue</b>",
      "targettooltext": "Target: $targetValue",
      "exportEnabled": 1,
      "formatNumberScale": 0,
      "showlegend": 1,
      "legendPosition": "bottom",
      "legendAllowDrag": "0",
      "plotHighlightEffect": "fadeout|color=#D5DED9, alpha=50"
    },
    "colorrange": {
      "color": [
        {
          "minvalue": "0",
          "maxvalue": "2",
          "code": "ee858b"
        },
        {
          "minvalue": "2",
          "maxvalue": "4",
          "code": "#fedc5d"
        },
        {
          "minvalue": "4",
          "maxvalue": "5",
          "code": "#85b5ed"
        }
      ]
    },
    "value": "3.5",
    "target": "4.5"
  }
}