{
  "width": 600,
  "height": 400,
  "type": "timeseries",
  "dataFormat": null,
  "dataSource": {
    "chart": {
      "exportEnabled": 1,
      "formatNumberScale": 0,
      "theme": "fusion"
    },
    "caption": {
      "text": "Sales Analysis"
    },
    "subcaption": {
      "text": "Showing unformatted data values"
    },
    "yaxis": [
      {
        "plot": {
          "value": "Grocery Sales Value"
        },
        "format": {
          "prefix": "$",
          "defaultformat": 0
        },
        "title": "Sale Value"
      }
    ]
  },
  "appData": [
    [
      "01-Feb-11",
      8866
    ],
    [
      "02-Feb-11",
      2174
    ],
    [
      "03-Feb-11",
      2084
    ],
    [
      "04-Feb-11",
      1503
    ],
    [
      "05-Feb-11",
      4928
    ],
    [
      "06-Feb-11",
      4667
    ],
    [
      "07-Feb-11",
      1064
    ],
    [
      "08-Feb-11",
      851
    ],
    [
      "09-Feb-11",
      7326
    ],
    [
      "10-Feb-11",
      8399
    ],
    [
      "11-Feb-11",
      4084
    ],
    [
      "12-Feb-11",
      4012
    ],
    [
      "13-Feb-11",
      1673
    ],
    [
      "14-Feb-11",
      6018
    ],
    [
      "15-Feb-11",
      9011
    ],
    [
      "16-Feb-11",
      5817
    ],
    [
      "17-Feb-11",
      5813
    ],
    [
      "18-Feb-11",
      566
    ],
    [
      "19-Feb-11",
      9065
    ],
    [
      "20-Feb-11",
      6734
    ],
    [
      "21-Feb-11",
      6937
    ],
    [
      "22-Feb-11",
      3038
    ],
    [
      "23-Feb-11",
      4445
    ],
    [
      "24-Feb-11",
      8782
    ],
    [
      "25-Feb-11",
      9489
    ],
    [
      "26-Feb-11",
      9624
    ],
    [
      "27-Feb-11",
      9033
    ],
    [
      "28-Feb-11",
      6932
    ],
    [
      "01-Mar-11",
      625
    ],
    [
      "02-Mar-11",
      904
    ],
    [
      "03-Mar-11",
      7572
    ],
    [
      "04-Mar-11",
      2124
    ],
    [
      "05-Mar-11",
      8157
    ],
    [
      "06-Mar-11",
      8666
    ],
    [
      "07-Mar-11",
      3186
    ],
    [
      "08-Mar-11",
      9247
    ],
    [
      "09-Mar-11",
      8393
    ],
    [
      "10-Mar-11",
      9191
    ],
    [
      "11-Mar-11",
      1278
    ],
    [
      "12-Mar-11",
      7252
    ],
    [
      "13-Mar-11",
      6516
    ],
    [
      "14-Mar-11",
      8176
    ],
    [
      "15-Mar-11",
      5759
    ],
    [
      "16-Mar-11",
      7601
    ],
    [
      "17-Mar-11",
      3616
    ],
    [
      "18-Mar-11",
      9612
    ],
    [
      "19-Mar-11",
      2631
    ],
    [
      "20-Mar-11",
      4939
    ],
    [
      "21-Mar-11",
      3578
    ],
    [
      "22-Mar-11",
      3742
    ],
    [
      "23-Mar-11",
      5100
    ],
    [
      "24-Mar-11",
      6925
    ],
    [
      "25-Mar-11",
      5239
    ],
    [
      "26-Mar-11",
      1461
    ],
    [
      "27-Mar-11",
      2317
    ],
    [
      "28-Mar-11",
      8238
    ],
    [
      "29-Mar-11",
      3617
    ],
    [
      "30-Mar-11",
      8680
    ],
    [
      "31-Mar-11",
      8487
    ],
    [
      "01-Apr-11",
      1768
    ],
    [
      "02-Apr-11",
      1227
    ],
    [
      "03-Apr-11",
      4137
    ],
    [
      "04-Apr-11",
      9055
    ],
    [
      "05-Apr-11",
      4984
    ],
    [
      "06-Apr-11",
      1577
    ],
    [
      "07-Apr-11",
      6624
    ],
    [
      "08-Apr-11",
      5802
    ],
    [
      "09-Apr-11",
      5190
    ],
    [
      "10-Apr-11",
      3092
    ],
    [
      "11-Apr-11",
      7304
    ],
    [
      "12-Apr-11",
      3445
    ],
    [
      "13-Apr-11",
      1480
    ],
    [
      "14-Apr-11",
      3705
    ],
    [
      "15-Apr-11",
      7795
    ],
    [
      "16-Apr-11",
      7405
    ],
    [
      "17-Apr-11",
      3901
    ],
    [
      "18-Apr-11",
      4428
    ],
    [
      "19-Apr-11",
      8874
    ],
    [
      "20-Apr-11",
      3072
    ],
    [
      "21-Apr-11",
      6340
    ],
    [
      "22-Apr-11",
      2275
    ],
    [
      "23-Apr-11",
      8934
    ],
    [
      "24-Apr-11",
      7595
    ],
    [
      "25-Apr-11",
      3869
    ],
    [
      "26-Apr-11",
      7395
    ],
    [
      "27-Apr-11",
      7812
    ],
    [
      "28-Apr-11",
      9642
    ],
    [
      "29-Apr-11",
      6925
    ],
    [
      "30-Apr-11",
      8537
    ],
    [
      "01-May-11",
      2985
    ],
    [
      "02-May-11",
      9914
    ],
    [
      "03-May-11",
      3084
    ],
    [
      "04-May-11",
      3870
    ],
    [
      "05-May-11",
      8031
    ],
    [
      "06-May-11",
      9310
    ],
    [
      "07-May-11",
      6486
    ],
    [
      "08-May-11",
      3046
    ],
    [
      "09-May-11",
      2080
    ],
    [
      "10-May-11",
      5489
    ],
    [
      "11-May-11",
      7018
    ],
    [
      "12-May-11",
      8705
    ],
    [
      "13-May-11",
      4745
    ],
    [
      "14-May-11",
      1484
    ],
    [
      "15-May-11",
      4557
    ],
    [
      "16-May-11",
      7068
    ],
    [
      "17-May-11",
      4421
    ],
    [
      "18-May-11",
      9985
    ],
    [
      "19-May-11",
      7722
    ],
    [
      "20-May-11",
      9309
    ],
    [
      "21-May-11",
      7109
    ],
    [
      "22-May-11",
      8112
    ],
    [
      "23-May-11",
      733
    ],
    [
      "24-May-11",
      3873
    ],
    [
      "25-May-11",
      2556
    ],
    [
      "26-May-11",
      6210
    ],
    [
      "27-May-11",
      2068
    ],
    [
      "28-May-11",
      7938
    ],
    [
      "29-May-11",
      9198
    ],
    [
      "30-May-11",
      4154
    ],
    [
      "31-May-11",
      5559
    ],
    [
      "01-Jun-11",
      9879
    ],
    [
      "02-Jun-11",
      4238
    ],
    [
      "03-Jun-11",
      555
    ],
    [
      "04-Jun-11",
      6572
    ],
    [
      "05-Jun-11",
      9118
    ],
    [
      "06-Jun-11",
      4327
    ],
    [
      "07-Jun-11",
      2983
    ],
    [
      "08-Jun-11",
      6370
    ],
    [
      "09-Jun-11",
      9342
    ],
    [
      "10-Jun-11",
      8762
    ],
    [
      "11-Jun-11",
      3686
    ],
    [
      "12-Jun-11",
      4894
    ],
    [
      "13-Jun-11",
      4958
    ],
    [
      "14-Jun-11",
      7612
    ],
    [
      "15-Jun-11",
      4148
    ],
    [
      "16-Jun-11",
      3418
    ],
    [
      "17-Jun-11",
      7618
    ],
    [
      "18-Jun-11",
      1365
    ],
    [
      "19-Jun-11",
      6185
    ],
    [
      "20-Jun-11",
      4206
    ],
    [
      "21-Jun-11",
      6961
    ],
    [
      "22-Jun-11",
      8495
    ],
    [
      "23-Jun-11",
      9751
    ],
    [
      "24-Jun-11",
      9236
    ],
    [
      "25-Jun-11",
      8665
    ],
    [
      "26-Jun-11",
      9721
    ],
    [
      "27-Jun-11",
      3363
    ],
    [
      "28-Jun-11",
      9136
    ],
    [
      "29-Jun-11",
      1656
    ],
    [
      "30-Jun-11",
      1078
    ],
    [
      "01-Jul-11",
      8797
    ],
    [
      "02-Jul-11",
      3053
    ],
    [
      "03-Jul-11",
      1083
    ],
    [
      "04-Jul-11",
      9574
    ],
    [
      "05-Jul-11",
      3767
    ],
    [
      "06-Jul-11",
      6423
    ],
    [
      "07-Jul-11",
      7843
    ],
    [
      "08-Jul-11",
      6034
    ],
    [
      "09-Jul-11",
      6365
    ],
    [
      "10-Jul-11",
      7807
    ],
    [
      "11-Jul-11",
      6580
    ],
    [
      "12-Jul-11",
      6948
    ],
    [
      "13-Jul-11",
      3011
    ],
    [
      "14-Jul-11",
      4544
    ],
    [
      "15-Jul-11",
      2889
    ],
    [
      "16-Jul-11",
      5404
    ],
    [
      "17-Jul-11",
      6193
    ],
    [
      "18-Jul-11",
      6456
    ],
    [
      "19-Jul-11",
      2571
    ],
    [
      "20-Jul-11",
      5652
    ],
    [
      "21-Jul-11",
      1684
    ],
    [
      "22-Jul-11",
      8117
    ],
    [
      "23-Jul-11",
      1309
    ],
    [
      "24-Jul-11",
      7814
    ],
    [
      "25-Jul-11",
      2273
    ],
    [
      "26-Jul-11",
      7992
    ],
    [
      "27-Jul-11",
      7000
    ],
    [
      "28-Jul-11",
      7145
    ],
    [
      "29-Jul-11",
      7577
    ],
    [
      "30-Jul-11",
      8259
    ],
    [
      "31-Jul-11",
      2572
    ],
    [
      "01-Aug-11",
      6228
    ],
    [
      "02-Aug-11",
      6550
    ],
    [
      "03-Aug-11",
      2170
    ],
    [
      "04-Aug-11",
      8108
    ],
    [
      "05-Aug-11",
      6752
    ],
    [
      "06-Aug-11",
      5564
    ],
    [
      "07-Aug-11",
      5109
    ],
    [
      "08-Aug-11",
      9818
    ],
    [
      "09-Aug-11",
      1267
    ],
    [
      "10-Aug-11",
      4777
    ],
    [
      "11-Aug-11",
      1468
    ],
    [
      "12-Aug-11",
      7114
    ],
    [
      "13-Aug-11",
      8946
    ],
    [
      "14-Aug-11",
      1582
    ],
    [
      "15-Aug-11",
      9033
    ],
    [
      "16-Aug-11",
      3309
    ],
    [
      "17-Aug-11",
      9358
    ],
    [
      "18-Aug-11",
      7591
    ],
    [
      "19-Aug-11",
      6508
    ],
    [
      "20-Aug-11",
      984
    ],
    [
      "21-Aug-11",
      9317
    ],
    [
      "22-Aug-11",
      9042
    ],
    [
      "23-Aug-11",
      6702
    ],
    [
      "24-Aug-11",
      6389
    ],
    [
      "25-Aug-11",
      5368
    ],
    [
      "26-Aug-11",
      3796
    ],
    [
      "27-Aug-11",
      1615
    ],
    [
      "28-Aug-11",
      4516
    ],
    [
      "29-Aug-11",
      3272
    ],
    [
      "30-Aug-11",
      9861
    ],
    [
      "31-Aug-11",
      561
    ],
    [
      "01-Sep-11",
      4900
    ],
    [
      "02-Sep-11",
      3274
    ],
    [
      "03-Sep-11",
      6446
    ],
    [
      "04-Sep-11",
      1758
    ],
    [
      "05-Sep-11",
      1363
    ],
    [
      "06-Sep-11",
      1696
    ],
    [
      "07-Sep-11",
      9482
    ],
    [
      "08-Sep-11",
      3612
    ],
    [
      "09-Sep-11",
      5031
    ],
    [
      "10-Sep-11",
      2106
    ],
    [
      "11-Sep-11",
      1421
    ],
    [
      "12-Sep-11",
      7841
    ],
    [
      "13-Sep-11",
      584
    ],
    [
      "14-Sep-11",
      6889
    ],
    [
      "15-Sep-11",
      1926
    ],
    [
      "16-Sep-11",
      3053
    ],
    [
      "17-Sep-11",
      5227
    ],
    [
      "18-Sep-11",
      6385
    ],
    [
      "19-Sep-11",
      603
    ],
    [
      "20-Sep-11",
      5890
    ],
    [
      "21-Sep-11",
      9550
    ],
    [
      "22-Sep-11",
      8879
    ],
    [
      "23-Sep-11",
      1407
    ],
    [
      "24-Sep-11",
      3367
    ],
    [
      "25-Sep-11",
      8489
    ],
    [
      "26-Sep-11",
      4256
    ],
    [
      "27-Sep-11",
      7733
    ],
    [
      "28-Sep-11",
      2794
    ],
    [
      "29-Sep-11",
      6234
    ],
    [
      "30-Sep-11",
      5300
    ],
    [
      "01-Oct-11",
      4553
    ],
    [
      "02-Oct-11",
      4997
    ],
    [
      "03-Oct-11",
      2551
    ],
    [
      "04-Oct-11",
      8171
    ],
    [
      "05-Oct-11",
      3538
    ],
    [
      "06-Oct-11",
      3057
    ],
    [
      "07-Oct-11",
      3935
    ],
    [
      "08-Oct-11",
      7094
    ],
    [
      "09-Oct-11",
      5410
    ],
    [
      "10-Oct-11",
      9204
    ],
    [
      "11-Oct-11",
      6036
    ],
    [
      "12-Oct-11",
      3243
    ],
    [
      "13-Oct-11",
      4623
    ],
    [
      "14-Oct-11",
      4558
    ],
    [
      "15-Oct-11",
      1638
    ],
    [
      "16-Oct-11",
      3568
    ],
    [
      "17-Oct-11",
      1584
    ],
    [
      "18-Oct-11",
      4349
    ],
    [
      "19-Oct-11",
      5883
    ],
    [
      "20-Oct-11",
      4066
    ],
    [
      "21-Oct-11",
      1235
    ],
    [
      "22-Oct-11",
      3678
    ],
    [
      "23-Oct-11",
      5082
    ],
    [
      "24-Oct-11",
      6086
    ],
    [
      "25-Oct-11",
      1036
    ],
    [
      "26-Oct-11",
      9081
    ],
    [
      "27-Oct-11",
      2557
    ],
    [
      "28-Oct-11",
      5160
    ],
    [
      "29-Oct-11",
      4023
    ],
    [
      "30-Oct-11",
      6020
    ],
    [
      "31-Oct-11",
      805
    ],
    [
      "01-Nov-11",
      4576
    ],
    [
      "02-Nov-11",
      2903
    ],
    [
      "03-Nov-11",
      5171
    ],
    [
      "04-Nov-11",
      1009
    ],
    [
      "05-Nov-11",
      2803
    ],
    [
      "06-Nov-11",
      9713
    ],
    [
      "07-Nov-11",
      8351
    ],
    [
      "08-Nov-11",
      6670
    ],
    [
      "09-Nov-11",
      2030
    ],
    [
      "10-Nov-11",
      9211
    ],
    [
      "11-Nov-11",
      6309
    ],
    [
      "12-Nov-11",
      8452
    ],
    [
      "13-Nov-11",
      2970
    ],
    [
      "14-Nov-11",
      5611
    ],
    [
      "15-Nov-11",
      9672
    ],
    [
      "16-Nov-11",
      8331
    ],
    [
      "17-Nov-11",
      7709
    ],
    [
      "18-Nov-11",
      7616
    ],
    [
      "19-Nov-11",
      2399
    ],
    [
      "20-Nov-11",
      1812
    ],
    [
      "21-Nov-11",
      5341
    ],
    [
      "22-Nov-11",
      4665
    ],
    [
      "23-Nov-11",
      7283
    ],
    [
      "24-Nov-11",
      6910
    ],
    [
      "25-Nov-11",
      6931
    ],
    [
      "26-Nov-11",
      4012
    ],
    [
      "27-Nov-11",
      3526
    ],
    [
      "28-Nov-11",
      6305
    ],
    [
      "29-Nov-11",
      4991
    ],
    [
      "30-Nov-11",
      5919
    ],
    [
      "01-Dec-11",
      11363
    ],
    [
      "02-Dec-11",
      1169
    ],
    [
      "03-Dec-11",
      7798
    ],
    [
      "04-Dec-11",
      1000
    ],
    [
      "05-Dec-11",
      10448
    ],
    [
      "06-Dec-11",
      2430
    ],
    [
      "07-Dec-11",
      10028
    ],
    [
      "08-Dec-11",
      4224
    ],
    [
      "09-Dec-11",
      4577
    ],
    [
      "10-Dec-11",
      13252
    ],
    [
      "11-Dec-11",
      10012
    ],
    [
      "12-Dec-11",
      13440
    ],
    [
      "13-Dec-11",
      1833
    ],
    [
      "14-Dec-11",
      11866
    ],
    [
      "15-Dec-11",
      7003
    ],
    [
      "16-Dec-11",
      10587
    ],
    [
      "17-Dec-11",
      13694
    ],
    [
      "18-Dec-11",
      4883
    ],
    [
      "19-Dec-11",
      3725
    ],
    [
      "20-Dec-11",
      4282
    ],
    [
      "21-Dec-11",
      7814
    ],
    [
      "22-Dec-11",
      7910
    ],
    [
      "23-Dec-11",
      11716
    ],
    [
      "24-Dec-11",
      13250
    ],
    [
      "25-Dec-11",
      2071
    ],
    [
      "26-Dec-11",
      6271
    ],
    [
      "27-Dec-11",
      7518
    ],
    [
      "28-Dec-11",
      10978
    ],
    [
      "29-Dec-11",
      9967
    ],
    [
      "30-Dec-11",
      11075
    ],
    [
      "31-Dec-11",
      4625
    ],
    [
      "01-Jan-12",
      5115
    ],
    [
      "02-Jan-12",
      11324
    ],
    [
      "03-Jan-12",
      4052
    ],
    [
      "04-Jan-12",
      13938
    ],
    [
      "05-Jan-12",
      13687
    ],
    [
      "06-Jan-12",
      7492
    ],
    [
      "07-Jan-12",
      4342
    ],
    [
      "08-Jan-12",
      9449
    ],
    [
      "09-Jan-12",
      1721
    ],
    [
      "10-Jan-12",
      2920
    ],
    [
      "11-Jan-12",
      7623
    ],
    [
      "12-Jan-12",
      12025
    ],
    [
      "13-Jan-12",
      8397
    ],
    [
      "14-Jan-12",
      12194
    ],
    [
      "15-Jan-12",
      9687
    ],
    [
      "16-Jan-12",
      2889
    ],
    [
      "17-Jan-12",
      12099
    ],
    [
      "18-Jan-12",
      7445
    ],
    [
      "19-Jan-12",
      8046
    ],
    [
      "20-Jan-12",
      9157
    ],
    [
      "21-Jan-12",
      13997
    ],
    [
      "22-Jan-12",
      10232
    ],
    [
      "23-Jan-12",
      9162
    ],
    [
      "24-Jan-12",
      11656
    ],
    [
      "25-Jan-12",
      4233
    ],
    [
      "26-Jan-12",
      6062
    ],
    [
      "27-Jan-12",
      6204
    ],
    [
      "28-Jan-12",
      9661
    ],
    [
      "29-Jan-12",
      8859
    ],
    [
      "30-Jan-12",
      2453
    ],
    [
      "31-Jan-12",
      3501
    ],
    [
      "01-Feb-12",
      12456
    ],
    [
      "02-Feb-12",
      8923
    ],
    [
      "03-Feb-12",
      6246
    ],
    [
      "04-Feb-12",
      3651
    ],
    [
      "05-Feb-12",
      2480
    ],
    [
      "06-Feb-12",
      10936
    ],
    [
      "07-Feb-12",
      9460
    ],
    [
      "08-Feb-12",
      6201
    ],
    [
      "09-Feb-12",
      4005
    ],
    [
      "10-Feb-12",
      7935
    ],
    [
      "11-Feb-12",
      2723
    ],
    [
      "12-Feb-12",
      2171
    ],
    [
      "13-Feb-12",
      9123
    ],
    [
      "14-Feb-12",
      6175
    ],
    [
      "15-Feb-12",
      5270
    ],
    [
      "16-Feb-12",
      13412
    ],
    [
      "17-Feb-12",
      9093
    ],
    [
      "18-Feb-12",
      1053
    ],
    [
      "19-Feb-12",
      9455
    ],
    [
      "20-Feb-12",
      5129
    ],
    [
      "21-Feb-12",
      7432
    ],
    [
      "22-Feb-12",
      6874
    ],
    [
      "23-Feb-12",
      5835
    ],
    [
      "24-Feb-12",
      2118
    ],
    [
      "25-Feb-12",
      13441
    ],
    [
      "26-Feb-12",
      13448
    ],
    [
      "27-Feb-12",
      7091
    ],
    [
      "28-Feb-12",
      9556
    ],
    [
      "29-Feb-12",
      3950
    ],
    [
      "01-Mar-12",
      10332
    ],
    [
      "02-Mar-12",
      11708
    ],
    [
      "03-Mar-12",
      5343
    ],
    [
      "04-Mar-12",
      11956
    ],
    [
      "05-Mar-12",
      9562
    ],
    [
      "06-Mar-12",
      1666
    ],
    [
      "07-Mar-12",
      10835
    ],
    [
      "08-Mar-12",
      2903
    ],
    [
      "09-Mar-12",
      2554
    ],
    [
      "10-Mar-12",
      8110
    ],
    [
      "11-Mar-12",
      4892
    ],
    [
      "12-Mar-12",
      11499
    ],
    [
      "13-Mar-12",
      1218
    ],
    [
      "14-Mar-12",
      6051
    ],
    [
      "15-Mar-12",
      7309
    ],
    [
      "16-Mar-12",
      12886
    ],
    [
      "17-Mar-12",
      10805
    ],
    [
      "18-Mar-12",
      11346
    ],
    [
      "19-Mar-12",
      5750
    ],
    [
      "20-Mar-12",
      2227
    ],
    [
      "21-Mar-12",
      6377
    ],
    [
      "22-Mar-12",
      12762
    ],
    [
      "23-Mar-12",
      6624
    ],
    [
      "24-Mar-12",
      2477
    ],
    [
      "25-Mar-12",
      11029
    ],
    [
      "26-Mar-12",
      8155
    ],
    [
      "27-Mar-12",
      9242
    ],
    [
      "28-Mar-12",
      10746
    ],
    [
      "29-Mar-12",
      1982
    ],
    [
      "30-Mar-12",
      13336
    ],
    [
      "31-Mar-12",
      10553
    ],
    [
      "01-Apr-12",
      5876
    ],
    [
      "02-Apr-12",
      12327
    ],
    [
      "03-Apr-12",
      3896
    ],
    [
      "04-Apr-12",
      8235
    ],
    [
      "05-Apr-12",
      1245
    ],
    [
      "06-Apr-12",
      8432
    ],
    [
      "07-Apr-12",
      10952
    ],
    [
      "08-Apr-12",
      8879
    ],
    [
      "09-Apr-12",
      13078
    ],
    [
      "10-Apr-12",
      2524
    ],
    [
      "11-Apr-12",
      11846
    ],
    [
      "12-Apr-12",
      3858
    ],
    [
      "13-Apr-12",
      10555
    ],
    [
      "14-Apr-12",
      10634
    ],
    [
      "15-Apr-12",
      4352
    ],
    [
      "16-Apr-12",
      10214
    ],
    [
      "17-Apr-12",
      13781
    ],
    [
      "18-Apr-12",
      3090
    ],
    [
      "19-Apr-12",
      4216
    ],
    [
      "20-Apr-12",
      6117
    ],
    [
      "21-Apr-12",
      13100
    ],
    [
      "22-Apr-12",
      12947
    ],
    [
      "23-Apr-12",
      9668
    ],
    [
      "24-Apr-12",
      12354
    ],
    [
      "25-Apr-12",
      8908
    ],
    [
      "26-Apr-12",
      11799
    ],
    [
      "27-Apr-12",
      4113
    ],
    [
      "28-Apr-12",
      1714
    ],
    [
      "29-Apr-12",
      13785
    ],
    [
      "30-Apr-12",
      9717
    ],
    [
      "01-May-12",
      6669
    ],
    [
      "02-May-12",
      13110
    ],
    [
      "03-May-12",
      4746
    ],
    [
      "04-May-12",
      3193
    ],
    [
      "05-May-12",
      7287
    ],
    [
      "06-May-12",
      12536
    ],
    [
      "07-May-12",
      7407
    ],
    [
      "08-May-12",
      2126
    ],
    [
      "09-May-12",
      13951
    ],
    [
      "10-May-12",
      11554
    ],
    [
      "11-May-12",
      7592
    ],
    [
      "12-May-12",
      6413
    ],
    [
      "13-May-12",
      6564
    ],
    [
      "14-May-12",
      10290
    ],
    [
      "15-May-12",
      12591
    ],
    [
      "16-May-12",
      3998
    ],
    [
      "17-May-12",
      3082
    ],
    [
      "18-May-12",
      6360
    ],
    [
      "19-May-12",
      3360
    ],
    [
      "20-May-12",
      11221
    ],
    [
      "21-May-12",
      8036
    ],
    [
      "22-May-12",
      12819
    ],
    [
      "23-May-12",
      6756
    ],
    [
      "24-May-12",
      8466
    ],
    [
      "25-May-12",
      13997
    ],
    [
      "26-May-12",
      13788
    ],
    [
      "27-May-12",
      13960
    ],
    [
      "28-May-12",
      1504
    ],
    [
      "29-May-12",
      2140
    ],
    [
      "30-May-12",
      11536
    ],
    [
      "31-May-12",
      6453
    ],
    [
      "01-Jun-12",
      2453
    ],
    [
      "02-Jun-12",
      5321
    ],
    [
      "03-Jun-12",
      13849
    ],
    [
      "04-Jun-12",
      6056
    ],
    [
      "05-Jun-12",
      1302
    ],
    [
      "06-Jun-12",
      11707
    ],
    [
      "07-Jun-12",
      2343
    ],
    [
      "08-Jun-12",
      7444
    ],
    [
      "09-Jun-12",
      1249
    ],
    [
      "10-Jun-12",
      12196
    ],
    [
      "11-Jun-12",
      5327
    ],
    [
      "12-Jun-12",
      3406
    ],
    [
      "13-Jun-12",
      11385
    ],
    [
      "14-Jun-12",
      9576
    ],
    [
      "15-Jun-12",
      7443
    ],
    [
      "16-Jun-12",
      1966
    ],
    [
      "17-Jun-12",
      8269
    ],
    [
      "18-Jun-12",
      9077
    ],
    [
      "19-Jun-12",
      8012
    ],
    [
      "20-Jun-12",
      6048
    ],
    [
      "21-Jun-12",
      8008
    ],
    [
      "22-Jun-12",
      8938
    ],
    [
      "23-Jun-12",
      3700
    ],
    [
      "24-Jun-12",
      2206
    ],
    [
      "25-Jun-12",
      13070
    ],
    [
      "26-Jun-12",
      7545
    ],
    [
      "27-Jun-12",
      2132
    ],
    [
      "28-Jun-12",
      2838
    ],
    [
      "29-Jun-12",
      1879
    ],
    [
      "30-Jun-12",
      3820
    ],
    [
      "01-Jul-12",
      5751
    ],
    [
      "02-Jul-12",
      2818
    ],
    [
      "03-Jul-12",
      3201
    ],
    [
      "04-Jul-12",
      3551
    ],
    [
      "05-Jul-12",
      13923
    ],
    [
      "06-Jul-12",
      8992
    ],
    [
      "07-Jul-12",
      2862
    ],
    [
      "08-Jul-12",
      6667
    ],
    [
      "09-Jul-12",
      10703
    ],
    [
      "10-Jul-12",
      2104
    ],
    [
      "11-Jul-12",
      3932
    ],
    [
      "12-Jul-12",
      3390
    ],
    [
      "13-Jul-12",
      10676
    ],
    [
      "14-Jul-12",
      7213
    ],
    [
      "15-Jul-12",
      5931
    ],
    [
      "16-Jul-12",
      6705
    ],
    [
      "17-Jul-12",
      9347
    ],
    [
      "18-Jul-12",
      12676
    ],
    [
      "19-Jul-12",
      13193
    ],
    [
      "20-Jul-12",
      9084
    ],
    [
      "21-Jul-12",
      2736
    ],
    [
      "22-Jul-12",
      10100
    ],
    [
      "23-Jul-12",
      8736
    ],
    [
      "24-Jul-12",
      12072
    ],
    [
      "25-Jul-12",
      13998
    ],
    [
      "26-Jul-12",
      8720
    ],
    [
      "27-Jul-12",
      11356
    ],
    [
      "28-Jul-12",
      9209
    ],
    [
      "29-Jul-12",
      13421
    ],
    [
      "30-Jul-12",
      7037
    ],
    [
      "31-Jul-12",
      4817
    ],
    [
      "01-Aug-12",
      10175
    ],
    [
      "02-Aug-12",
      11969
    ],
    [
      "03-Aug-12",
      5325
    ],
    [
      "04-Aug-12",
      8651
    ],
    [
      "05-Aug-12",
      3023
    ],
    [
      "06-Aug-12",
      1198
    ],
    [
      "07-Aug-12",
      10881
    ],
    [
      "08-Aug-12",
      10821
    ],
    [
      "09-Aug-12",
      8408
    ],
    [
      "10-Aug-12",
      9974
    ],
    [
      "11-Aug-12",
      7672
    ],
    [
      "12-Aug-12",
      6494
    ],
    [
      "13-Aug-12",
      10002
    ],
    [
      "14-Aug-12",
      7571
    ],
    [
      "15-Aug-12",
      9221
    ],
    [
      "16-Aug-12",
      10142
    ],
    [
      "17-Aug-12",
      7442
    ],
    [
      "18-Aug-12",
      3735
    ],
    [
      "19-Aug-12",
      9934
    ],
    [
      "20-Aug-12",
      8790
    ],
    [
      "21-Aug-12",
      12073
    ],
    [
      "22-Aug-12",
      5916
    ],
    [
      "23-Aug-12",
      4029
    ],
    [
      "24-Aug-12",
      6293
    ],
    [
      "25-Aug-12",
      11661
    ],
    [
      "26-Aug-12",
      11738
    ],
    [
      "27-Aug-12",
      2841
    ],
    [
      "28-Aug-12",
      10440
    ],
    [
      "29-Aug-12",
      9529
    ],
    [
      "30-Aug-12",
      3111
    ],
    [
      "31-Aug-12",
      1334
    ],
    [
      "01-Sep-12",
      3121
    ],
    [
      "02-Sep-12",
      8743
    ],
    [
      "03-Sep-12",
      12950
    ],
    [
      "04-Sep-12",
      10759
    ],
    [
      "05-Sep-12",
      13325
    ],
    [
      "06-Sep-12",
      13253
    ],
    [
      "07-Sep-12",
      1998
    ],
    [
      "08-Sep-12",
      12574
    ],
    [
      "09-Sep-12",
      13697
    ],
    [
      "10-Sep-12",
      5890
    ],
    [
      "11-Sep-12",
      6202
    ],
    [
      "12-Sep-12",
      6474
    ],
    [
      "13-Sep-12",
      7491
    ],
    [
      "14-Sep-12",
      4493
    ],
    [
      "15-Sep-12",
      7283
    ],
    [
      "16-Sep-12",
      12228
    ],
    [
      "17-Sep-12",
      11088
    ],
    [
      "18-Sep-12",
      5121
    ],
    [
      "19-Sep-12",
      7414
    ],
    [
      "20-Sep-12",
      4730
    ],
    [
      "21-Sep-12",
      12900
    ],
    [
      "22-Sep-12",
      3715
    ],
    [
      "23-Sep-12",
      4077
    ],
    [
      "24-Sep-12",
      13184
    ],
    [
      "25-Sep-12",
      8730
    ],
    [
      "26-Sep-12",
      12605
    ],
    [
      "27-Sep-12",
      6224
    ],
    [
      "28-Sep-12",
      10271
    ],
    [
      "29-Sep-12",
      13273
    ],
    [
      "30-Sep-12",
      13721
    ],
    [
      "01-Oct-12",
      9820
    ],
    [
      "02-Oct-12",
      8523
    ],
    [
      "03-Oct-12",
      4520
    ],
    [
      "04-Oct-12",
      12305
    ],
    [
      "05-Oct-12",
      9188
    ],
    [
      "06-Oct-12",
      10488
    ],
    [
      "07-Oct-12",
      10209
    ],
    [
      "08-Oct-12",
      7929
    ],
    [
      "09-Oct-12",
      4950
    ],
    [
      "10-Oct-12",
      12419
    ],
    [
      "11-Oct-12",
      1148
    ],
    [
      "12-Oct-12",
      7199
    ],
    [
      "13-Oct-12",
      3467
    ],
    [
      "14-Oct-12",
      2310
    ],
    [
      "15-Oct-12",
      6833
    ],
    [
      "16-Oct-12",
      11239
    ],
    [
      "17-Oct-12",
      3061
    ],
    [
      "18-Oct-12",
      1010
    ],
    [
      "19-Oct-12",
      11854
    ],
    [
      "20-Oct-12",
      11402
    ],
    [
      "21-Oct-12",
      5030
    ],
    [
      "22-Oct-12",
      7131
    ],
    [
      "23-Oct-12",
      8728
    ],
    [
      "24-Oct-12",
      2648
    ],
    [
      "25-Oct-12",
      8889
    ],
    [
      "26-Oct-12",
      4926
    ],
    [
      "27-Oct-12",
      9622
    ],
    [
      "28-Oct-12",
      3617
    ],
    [
      "29-Oct-12",
      9529
    ],
    [
      "30-Oct-12",
      1135
    ],
    [
      "31-Oct-12",
      2693
    ],
    [
      "01-Nov-12",
      11268
    ],
    [
      "02-Nov-12",
      13657
    ],
    [
      "03-Nov-12",
      12567
    ],
    [
      "04-Nov-12",
      7954
    ],
    [
      "05-Nov-12",
      9872
    ],
    [
      "06-Nov-12",
      4019
    ],
    [
      "07-Nov-12",
      2729
    ],
    [
      "08-Nov-12",
      4199
    ],
    [
      "09-Nov-12",
      12485
    ],
    [
      "10-Nov-12",
      2780
    ],
    [
      "11-Nov-12",
      12383
    ],
    [
      "12-Nov-12",
      9158
    ],
    [
      "13-Nov-12",
      9878
    ],
    [
      "14-Nov-12",
      3847
    ],
    [
      "15-Nov-12",
      12127
    ],
    [
      "16-Nov-12",
      7790
    ],
    [
      "17-Nov-12",
      10006
    ],
    [
      "18-Nov-12",
      12375
    ],
    [
      "19-Nov-12",
      1947
    ],
    [
      "20-Nov-12",
      13502
    ],
    [
      "21-Nov-12",
      10645
    ],
    [
      "22-Nov-12",
      8718
    ],
    [
      "23-Nov-12",
      7112
    ],
    [
      "24-Nov-12",
      9359
    ],
    [
      "25-Nov-12",
      9088
    ],
    [
      "26-Nov-12",
      5044
    ],
    [
      "27-Nov-12",
      1488
    ],
    [
      "28-Nov-12",
      2634
    ],
    [
      "29-Nov-12",
      13056
    ],
    [
      "30-Nov-12",
      2447
    ],
    [
      "01-Dec-12",
      3370
    ],
    [
      "02-Dec-12",
      1309
    ],
    [
      "03-Dec-12",
      11971
    ],
    [
      "04-Dec-12",
      10833
    ],
    [
      "05-Dec-12",
      13278
    ],
    [
      "06-Dec-12",
      7601
    ],
    [
      "07-Dec-12",
      3133
    ],
    [
      "08-Dec-12",
      13293
    ],
    [
      "09-Dec-12",
      10054
    ],
    [
      "10-Dec-12",
      9752
    ],
    [
      "11-Dec-12",
      11194
    ],
    [
      "12-Dec-12",
      2348
    ],
    [
      "13-Dec-12",
      10968
    ],
    [
      "14-Dec-12",
      7419
    ],
    [
      "15-Dec-12",
      12325
    ],
    [
      "16-Dec-12",
      7916
    ],
    [
      "17-Dec-12",
      4079
    ],
    [
      "18-Dec-12",
      4873
    ],
    [
      "19-Dec-12",
      3003
    ],
    [
      "20-Dec-12",
      3737
    ],
    [
      "21-Dec-12",
      8449
    ],
    [
      "22-Dec-12",
      5934
    ],
    [
      "23-Dec-12",
      3142
    ],
    [
      "24-Dec-12",
      2250
    ],
    [
      "25-Dec-12",
      12790
    ],
    [
      "26-Dec-12",
      13740
    ],
    [
      "27-Dec-12",
      12704
    ],
    [
      "28-Dec-12",
      6083
    ],
    [
      "29-Dec-12",
      11415
    ],
    [
      "30-Dec-12",
      3858
    ],
    [
      "31-Dec-12",
      11620
    ],
    [
      "01-Jan-13",
      14435
    ],
    [
      "02-Jan-13",
      14421
    ],
    [
      "03-Jan-13",
      5753
    ],
    [
      "04-Jan-13",
      8180
    ],
    [
      "05-Jan-13",
      5517
    ],
    [
      "06-Jan-13",
      7556
    ],
    [
      "07-Jan-13",
      3638
    ],
    [
      "08-Jan-13",
      16095
    ],
    [
      "09-Jan-13",
      3677
    ],
    [
      "10-Jan-13",
      15408
    ],
    [
      "11-Jan-13",
      2750
    ],
    [
      "12-Jan-13",
      8321
    ],
    [
      "13-Jan-13",
      6734
    ],
    [
      "14-Jan-13",
      5592
    ],
    [
      "15-Jan-13",
      9028
    ],
    [
      "16-Jan-13",
      17928
    ],
    [
      "17-Jan-13",
      6330
    ],
    [
      "18-Jan-13",
      13289
    ],
    [
      "19-Jan-13",
      16228
    ],
    [
      "20-Jan-13",
      3351
    ],
    [
      "21-Jan-13",
      3356
    ],
    [
      "22-Jan-13",
      2355
    ],
    [
      "23-Jan-13",
      15227
    ],
    [
      "24-Jan-13",
      12971
    ],
    [
      "25-Jan-13",
      7297
    ],
    [
      "26-Jan-13",
      7965
    ],
    [
      "27-Jan-13",
      6273
    ],
    [
      "28-Jan-13",
      15408
    ],
    [
      "29-Jan-13",
      8090
    ],
    [
      "30-Jan-13",
      8754
    ],
    [
      "31-Jan-13",
      9677
    ],
    [
      "01-Feb-13",
      4466
    ],
    [
      "02-Feb-13",
      5126
    ],
    [
      "03-Feb-13",
      6598
    ],
    [
      "04-Feb-13",
      4324
    ],
    [
      "05-Feb-13",
      10156
    ],
    [
      "06-Feb-13",
      4489
    ],
    [
      "07-Feb-13",
      7665
    ],
    [
      "08-Feb-13",
      2802
    ],
    [
      "09-Feb-13",
      12427
    ],
    [
      "10-Feb-13",
      16472
    ],
    [
      "11-Feb-13",
      11467
    ],
    [
      "12-Feb-13",
      6636
    ],
    [
      "13-Feb-13",
      13961
    ],
    [
      "14-Feb-13",
      11795
    ],
    [
      "15-Feb-13",
      4579
    ],
    [
      "16-Feb-13",
      6443
    ],
    [
      "17-Feb-13",
      15118
    ],
    [
      "18-Feb-13",
      2703
    ],
    [
      "19-Feb-13",
      4712
    ],
    [
      "20-Feb-13",
      4994
    ],
    [
      "21-Feb-13",
      7266
    ],
    [
      "22-Feb-13",
      4152
    ],
    [
      "23-Feb-13",
      12761
    ],
    [
      "24-Feb-13",
      15571
    ],
    [
      "25-Feb-13",
      9312
    ],
    [
      "26-Feb-13",
      15870
    ],
    [
      "27-Feb-13",
      16506
    ],
    [
      "28-Feb-13",
      2215
    ],
    [
      "01-Mar-13",
      9231
    ],
    [
      "02-Mar-13",
      11081
    ],
    [
      "03-Mar-13",
      17603
    ],
    [
      "04-Mar-13",
      11563
    ],
    [
      "05-Mar-13",
      17240
    ],
    [
      "06-Mar-13",
      14146
    ],
    [
      "07-Mar-13",
      7401
    ],
    [
      "08-Mar-13",
      2770
    ],
    [
      "09-Mar-13",
      5782
    ],
    [
      "10-Mar-13",
      3412
    ],
    [
      "11-Mar-13",
      10241
    ],
    [
      "12-Mar-13",
      11136
    ],
    [
      "13-Mar-13",
      7768
    ],
    [
      "14-Mar-13",
      11638
    ],
    [
      "15-Mar-13",
      7076
    ],
    [
      "16-Mar-13",
      2086
    ],
    [
      "17-Mar-13",
      8506
    ],
    [
      "18-Mar-13",
      3252
    ],
    [
      "19-Mar-13",
      14544
    ],
    [
      "20-Mar-13",
      10762
    ],
    [
      "21-Mar-13",
      8437
    ],
    [
      "22-Mar-13",
      2439
    ],
    [
      "23-Mar-13",
      5029
    ],
    [
      "24-Mar-13",
      11702
    ],
    [
      "25-Mar-13",
      15721
    ],
    [
      "26-Mar-13",
      13473
    ],
    [
      "27-Mar-13",
      7145
    ],
    [
      "28-Mar-13",
      14905
    ],
    [
      "29-Mar-13",
      2976
    ],
    [
      "30-Mar-13",
      3539
    ],
    [
      "31-Mar-13",
      9831
    ],
    [
      "01-Apr-13",
      13123
    ],
    [
      "02-Apr-13",
      15848
    ],
    [
      "03-Apr-13",
      14111
    ],
    [
      "04-Apr-13",
      13239
    ],
    [
      "05-Apr-13",
      13150
    ],
    [
      "06-Apr-13",
      3183
    ],
    [
      "07-Apr-13",
      4876
    ],
    [
      "08-Apr-13",
      17005
    ],
    [
      "09-Apr-13",
      13319
    ],
    [
      "10-Apr-13",
      2811
    ],
    [
      "11-Apr-13",
      14738
    ],
    [
      "12-Apr-13",
      8563
    ],
    [
      "13-Apr-13",
      13525
    ],
    [
      "14-Apr-13",
      17392
    ],
    [
      "15-Apr-13",
      9746
    ],
    [
      "16-Apr-13",
      7677
    ],
    [
      "17-Apr-13",
      17726
    ],
    [
      "18-Apr-13",
      2149
    ],
    [
      "19-Apr-13",
      4696
    ],
    [
      "20-Apr-13",
      16064
    ],
    [
      "21-Apr-13",
      12959
    ],
    [
      "22-Apr-13",
      15995
    ],
    [
      "23-Apr-13",
      11773
    ],
    [
      "24-Apr-13",
      2213
    ],
    [
      "25-Apr-13",
      16584
    ],
    [
      "26-Apr-13",
      13691
    ],
    [
      "27-Apr-13",
      12348
    ],
    [
      "28-Apr-13",
      11547
    ],
    [
      "29-Apr-13",
      3868
    ],
    [
      "30-Apr-13",
      8149
    ],
    [
      "01-May-13",
      7269
    ],
    [
      "02-May-13",
      3103
    ],
    [
      "03-May-13",
      5692
    ],
    [
      "04-May-13",
      13799
    ],
    [
      "05-May-13",
      15681
    ],
    [
      "06-May-13",
      15390
    ],
    [
      "07-May-13",
      14470
    ],
    [
      "08-May-13",
      16103
    ],
    [
      "09-May-13",
      3423
    ],
    [
      "10-May-13",
      15679
    ],
    [
      "11-May-13",
      16670
    ],
    [
      "12-May-13",
      5127
    ],
    [
      "13-May-13",
      3369
    ],
    [
      "14-May-13",
      3445
    ],
    [
      "15-May-13",
      11398
    ],
    [
      "16-May-13",
      3089
    ],
    [
      "17-May-13",
      7492
    ],
    [
      "18-May-13",
      7628
    ],
    [
      "19-May-13",
      15858
    ],
    [
      "20-May-13",
      11690
    ],
    [
      "21-May-13",
      17641
    ],
    [
      "22-May-13",
      12874
    ],
    [
      "23-May-13",
      14848
    ],
    [
      "24-May-13",
      8493
    ],
    [
      "25-May-13",
      16548
    ],
    [
      "26-May-13",
      2611
    ],
    [
      "27-May-13",
      12896
    ],
    [
      "28-May-13",
      13590
    ],
    [
      "29-May-13",
      2146
    ],
    [
      "30-May-13",
      2629
    ],
    [
      "31-May-13",
      11600
    ],
    [
      "01-Jun-13",
      3997
    ],
    [
      "02-Jun-13",
      5409
    ],
    [
      "03-Jun-13",
      4225
    ],
    [
      "04-Jun-13",
      14244
    ],
    [
      "05-Jun-13",
      15486
    ],
    [
      "06-Jun-13",
      13274
    ],
    [
      "07-Jun-13",
      17473
    ],
    [
      "08-Jun-13",
      9541
    ],
    [
      "09-Jun-13",
      16248
    ],
    [
      "10-Jun-13",
      2502
    ],
    [
      "11-Jun-13",
      17707
    ],
    [
      "12-Jun-13",
      3344
    ],
    [
      "13-Jun-13",
      15879
    ],
    [
      "14-Jun-13",
      2461
    ],
    [
      "15-Jun-13",
      13114
    ],
    [
      "16-Jun-13",
      10082
    ],
    [
      "17-Jun-13",
      11466
    ],
    [
      "18-Jun-13",
      17188
    ],
    [
      "19-Jun-13",
      2677
    ],
    [
      "20-Jun-13",
      13182
    ],
    [
      "21-Jun-13",
      6017
    ],
    [
      "22-Jun-13",
      2502
    ],
    [
      "23-Jun-13",
      16383
    ],
    [
      "24-Jun-13",
      7667
    ],
    [
      "25-Jun-13",
      15300
    ],
    [
      "26-Jun-13",
      4496
    ],
    [
      "27-Jun-13",
      17518
    ],
    [
      "28-Jun-13",
      16665
    ],
    [
      "29-Jun-13",
      4538
    ],
    [
      "30-Jun-13",
      8337
    ],
    [
      "01-Jul-13",
      2565
    ],
    [
      "02-Jul-13",
      16430
    ],
    [
      "03-Jul-13",
      10107
    ],
    [
      "04-Jul-13",
      7266
    ],
    [
      "05-Jul-13",
      4966
    ],
    [
      "06-Jul-13",
      3956
    ],
    [
      "07-Jul-13",
      15563
    ],
    [
      "08-Jul-13",
      14340
    ],
    [
      "09-Jul-13",
      8959
    ],
    [
      "10-Jul-13",
      7481
    ],
    [
      "11-Jul-13",
      5694
    ],
    [
      "12-Jul-13",
      4056
    ],
    [
      "13-Jul-13",
      10341
    ],
    [
      "14-Jul-13",
      6464
    ],
    [
      "15-Jul-13",
      13750
    ],
    [
      "16-Jul-13",
      10937
    ],
    [
      "17-Jul-13",
      3480
    ],
    [
      "18-Jul-13",
      2389
    ],
    [
      "19-Jul-13",
      8120
    ],
    [
      "20-Jul-13",
      6170
    ],
    [
      "21-Jul-13",
      3747
    ],
    [
      "22-Jul-13",
      5748
    ],
    [
      "23-Jul-13",
      2496
    ],
    [
      "24-Jul-13",
      14039
    ],
    [
      "25-Jul-13",
      13291
    ],
    [
      "26-Jul-13",
      6040
    ],
    [
      "27-Jul-13",
      5796
    ],
    [
      "28-Jul-13",
      12375
    ],
    [
      "29-Jul-13",
      12520
    ],
    [
      "30-Jul-13",
      14285
    ],
    [
      "31-Jul-13",
      2491
    ],
    [
      "01-Aug-13",
      9315
    ],
    [
      "02-Aug-13",
      16444
    ],
    [
      "03-Aug-13",
      10535
    ],
    [
      "04-Aug-13",
      6079
    ],
    [
      "05-Aug-13",
      11166
    ],
    [
      "06-Aug-13",
      16602
    ],
    [
      "07-Aug-13",
      2213
    ],
    [
      "08-Aug-13",
      6688
    ],
    [
      "09-Aug-13",
      7424
    ],
    [
      "10-Aug-13",
      15421
    ],
    [
      "11-Aug-13",
      4748
    ],
    [
      "12-Aug-13",
      11289
    ],
    [
      "13-Aug-13",
      13084
    ],
    [
      "14-Aug-13",
      6781
    ],
    [
      "15-Aug-13",
      12668
    ],
    [
      "16-Aug-13",
      10253
    ],
    [
      "17-Aug-13",
      16009
    ],
    [
      "18-Aug-13",
      10905
    ],
    [
      "19-Aug-13",
      17000
    ],
    [
      "20-Aug-13",
      3582
    ],
    [
      "21-Aug-13",
      10371
    ],
    [
      "22-Aug-13",
      12936
    ],
    [
      "23-Aug-13",
      10143
    ],
    [
      "24-Aug-13",
      12450
    ],
    [
      "25-Aug-13",
      15764
    ],
    [
      "26-Aug-13",
      12213
    ],
    [
      "27-Aug-13",
      9528
    ],
    [
      "28-Aug-13",
      9662
    ],
    [
      "29-Aug-13",
      10820
    ],
    [
      "30-Aug-13",
      2358
    ],
    [
      "31-Aug-13",
      6658
    ],
    [
      "01-Sep-13",
      14068
    ],
    [
      "02-Sep-13",
      12763
    ],
    [
      "03-Sep-13",
      13051
    ],
    [
      "04-Sep-13",
      13539
    ],
    [
      "05-Sep-13",
      10586
    ],
    [
      "06-Sep-13",
      3747
    ],
    [
      "07-Sep-13",
      16700
    ],
    [
      "08-Sep-13",
      6372
    ],
    [
      "09-Sep-13",
      17681
    ],
    [
      "10-Sep-13",
      8600
    ],
    [
      "11-Sep-13",
      6467
    ],
    [
      "12-Sep-13",
      3552
    ],
    [
      "13-Sep-13",
      15588
    ],
    [
      "14-Sep-13",
      3149
    ],
    [
      "15-Sep-13",
      13648
    ],
    [
      "16-Sep-13",
      2766
    ],
    [
      "17-Sep-13",
      3930
    ],
    [
      "18-Sep-13",
      11570
    ],
    [
      "19-Sep-13",
      2962
    ],
    [
      "20-Sep-13",
      3834
    ],
    [
      "21-Sep-13",
      4716
    ],
    [
      "22-Sep-13",
      2906
    ],
    [
      "23-Sep-13",
      2924
    ],
    [
      "24-Sep-13",
      4222
    ],
    [
      "25-Sep-13",
      8612
    ],
    [
      "26-Sep-13",
      11585
    ],
    [
      "27-Sep-13",
      11207
    ],
    [
      "28-Sep-13",
      14791
    ],
    [
      "29-Sep-13",
      12325
    ],
    [
      "30-Sep-13",
      14652
    ],
    [
      "01-Oct-13",
      17303
    ],
    [
      "02-Oct-13",
      4217
    ],
    [
      "03-Oct-13",
      7084
    ],
    [
      "04-Oct-13",
      11691
    ],
    [
      "05-Oct-13",
      10897
    ],
    [
      "06-Oct-13",
      7972
    ],
    [
      "07-Oct-13",
      17832
    ],
    [
      "08-Oct-13",
      3805
    ],
    [
      "09-Oct-13",
      12716
    ],
    [
      "10-Oct-13",
      12398
    ],
    [
      "11-Oct-13",
      7412
    ],
    [
      "12-Oct-13",
      3199
    ],
    [
      "13-Oct-13",
      4062
    ],
    [
      "14-Oct-13",
      12400
    ],
    [
      "15-Oct-13",
      11675
    ],
    [
      "16-Oct-13",
      13031
    ],
    [
      "17-Oct-13",
      9631
    ],
    [
      "18-Oct-13",
      13299
    ],
    [
      "19-Oct-13",
      2225
    ],
    [
      "20-Oct-13",
      7753
    ],
    [
      "21-Oct-13",
      8109
    ],
    [
      "22-Oct-13",
      16241
    ],
    [
      "23-Oct-13",
      10495
    ],
    [
      "24-Oct-13",
      16148
    ],
    [
      "25-Oct-13",
      12920
    ],
    [
      "26-Oct-13",
      7161
    ],
    [
      "27-Oct-13",
      7460
    ],
    [
      "28-Oct-13",
      6139
    ],
    [
      "29-Oct-13",
      3311
    ],
    [
      "30-Oct-13",
      3144
    ],
    [
      "31-Oct-13",
      3831
    ],
    [
      "01-Nov-13",
      17618
    ],
    [
      "02-Nov-13",
      3948
    ],
    [
      "03-Nov-13",
      16221
    ],
    [
      "04-Nov-13",
      7361
    ],
    [
      "05-Nov-13",
      13812
    ],
    [
      "06-Nov-13",
      12788
    ],
    [
      "07-Nov-13",
      9461
    ],
    [
      "08-Nov-13",
      13786
    ],
    [
      "09-Nov-13",
      10838
    ],
    [
      "10-Nov-13",
      7390
    ],
    [
      "11-Nov-13",
      15144
    ],
    [
      "12-Nov-13",
      6089
    ],
    [
      "13-Nov-13",
      8928
    ],
    [
      "14-Nov-13",
      6677
    ],
    [
      "15-Nov-13",
      5733
    ],
    [
      "16-Nov-13",
      9596
    ],
    [
      "17-Nov-13",
      13994
    ],
    [
      "18-Nov-13",
      17441
    ],
    [
      "19-Nov-13",
      5534
    ],
    [
      "20-Nov-13",
      3109
    ],
    [
      "21-Nov-13",
      9367
    ],
    [
      "22-Nov-13",
      8778
    ],
    [
      "23-Nov-13",
      3874
    ],
    [
      "24-Nov-13",
      2678
    ],
    [
      "25-Nov-13",
      2789
    ],
    [
      "26-Nov-13",
      7785
    ],
    [
      "27-Nov-13",
      16117
    ],
    [
      "28-Nov-13",
      10105
    ],
    [
      "29-Nov-13",
      9016
    ],
    [
      "30-Nov-13",
      3887
    ],
    [
      "01-Dec-13",
      9399
    ],
    [
      "02-Dec-13",
      5247
    ],
    [
      "03-Dec-13",
      9583
    ],
    [
      "04-Dec-13",
      5701
    ],
    [
      "05-Dec-13",
      7771
    ],
    [
      "06-Dec-13",
      2306
    ],
    [
      "07-Dec-13",
      8188
    ],
    [
      "08-Dec-13",
      3550
    ],
    [
      "09-Dec-13",
      11647
    ],
    [
      "10-Dec-13",
      4556
    ],
    [
      "11-Dec-13",
      9044
    ],
    [
      "12-Dec-13",
      6436
    ],
    [
      "13-Dec-13",
      14230
    ],
    [
      "14-Dec-13",
      6503
    ],
    [
      "15-Dec-13",
      5642
    ],
    [
      "16-Dec-13",
      11363
    ],
    [
      "17-Dec-13",
      8839
    ],
    [
      "18-Dec-13",
      16421
    ],
    [
      "19-Dec-13",
      3556
    ],
    [
      "20-Dec-13",
      14734
    ],
    [
      "21-Dec-13",
      14188
    ],
    [
      "22-Dec-13",
      15573
    ],
    [
      "23-Dec-13",
      12396
    ],
    [
      "24-Dec-13",
      6923
    ],
    [
      "25-Dec-13",
      7413
    ],
    [
      "26-Dec-13",
      2139
    ],
    [
      "27-Dec-13",
      7917
    ],
    [
      "28-Dec-13",
      9534
    ],
    [
      "29-Dec-13",
      9799
    ],
    [
      "30-Dec-13",
      17179
    ],
    [
      "31-Dec-13",
      8369
    ],
    [
      "01-Jan-14",
      11330
    ],
    [
      "02-Jan-14",
      15446
    ],
    [
      "03-Jan-14",
      2923
    ],
    [
      "04-Jan-14",
      2777
    ],
    [
      "05-Jan-14",
      4314
    ],
    [
      "06-Jan-14",
      16798
    ],
    [
      "07-Jan-14",
      9619
    ],
    [
      "08-Jan-14",
      11170
    ],
    [
      "09-Jan-14",
      3079
    ],
    [
      "10-Jan-14",
      6323
    ],
    [
      "11-Jan-14",
      3445
    ],
    [
      "12-Jan-14",
      3196
    ],
    [
      "13-Jan-14",
      12796
    ],
    [
      "14-Jan-14",
      16590
    ],
    [
      "15-Jan-14",
      13076
    ],
    [
      "16-Jan-14",
      11685
    ],
    [
      "17-Jan-14",
      4526
    ],
    [
      "18-Jan-14",
      5544
    ],
    [
      "19-Jan-14",
      9980
    ],
    [
      "20-Jan-14",
      9400
    ],
    [
      "21-Jan-14",
      4827
    ],
    [
      "22-Jan-14",
      10718
    ],
    [
      "23-Jan-14",
      15614
    ],
    [
      "24-Jan-14",
      15079
    ],
    [
      "25-Jan-14",
      5922
    ],
    [
      "26-Jan-14",
      7839
    ],
    [
      "27-Jan-14",
      4760
    ],
    [
      "28-Jan-14",
      17806
    ],
    [
      "29-Jan-14",
      9216
    ],
    [
      "30-Jan-14",
      17617
    ],
    [
      "31-Jan-14",
      2499
    ],
    [
      "01-Feb-14",
      25926
    ],
    [
      "02-Feb-14",
      25568
    ],
    [
      "03-Feb-14",
      19630
    ],
    [
      "04-Feb-14",
      16051
    ],
    [
      "05-Feb-14",
      7167
    ],
    [
      "06-Feb-14",
      5003
    ],
    [
      "07-Feb-14",
      28518
    ],
    [
      "08-Feb-14",
      21032
    ],
    [
      "09-Feb-14",
      11949
    ],
    [
      "10-Feb-14",
      18414
    ],
    [
      "11-Feb-14",
      23695
    ],
    [
      "12-Feb-14",
      14059
    ],
    [
      "13-Feb-14",
      23462
    ],
    [
      "14-Feb-14",
      4804
    ],
    [
      "15-Feb-14",
      13688
    ],
    [
      "16-Feb-14",
      21021
    ],
    [
      "17-Feb-14",
      14873
    ],
    [
      "18-Feb-14",
      14594
    ],
    [
      "19-Feb-14",
      18603
    ],
    [
      "20-Feb-14",
      28430
    ],
    [
      "21-Feb-14",
      26130
    ],
    [
      "22-Feb-14",
      7692
    ],
    [
      "23-Feb-14",
      14539
    ],
    [
      "24-Feb-14",
      29864
    ],
    [
      "25-Feb-14",
      22838
    ],
    [
      "26-Feb-14",
      28966
    ],
    [
      "27-Feb-14",
      10828
    ],
    [
      "28-Feb-14",
      25335
    ],
    [
      "01-Mar-14",
      17923
    ],
    [
      "02-Mar-14",
      5109
    ],
    [
      "03-Mar-14",
      13929
    ],
    [
      "04-Mar-14",
      17469
    ],
    [
      "05-Mar-14",
      18698
    ],
    [
      "06-Mar-14",
      18882
    ],
    [
      "07-Mar-14",
      16680
    ],
    [
      "08-Mar-14",
      15304
    ],
    [
      "09-Mar-14",
      16437
    ],
    [
      "10-Mar-14",
      4236
    ],
    [
      "11-Mar-14",
      26815
    ],
    [
      "12-Mar-14",
      13411
    ],
    [
      "13-Mar-14",
      14788
    ],
    [
      "14-Mar-14",
      17947
    ],
    [
      "15-Mar-14",
      23716
    ],
    [
      "16-Mar-14",
      29081
    ],
    [
      "17-Mar-14",
      7992
    ],
    [
      "18-Mar-14",
      13375
    ],
    [
      "19-Mar-14",
      26342
    ],
    [
      "20-Mar-14",
      11541
    ],
    [
      "21-Mar-14",
      13020
    ],
    [
      "22-Mar-14",
      20525
    ],
    [
      "23-Mar-14",
      5917
    ],
    [
      "24-Mar-14",
      19496
    ],
    [
      "25-Mar-14",
      6117
    ],
    [
      "26-Mar-14",
      19582
    ],
    [
      "27-Mar-14",
      19536
    ],
    [
      "28-Mar-14",
      18461
    ],
    [
      "29-Mar-14",
      12387
    ],
    [
      "30-Mar-14",
      6792
    ],
    [
      "31-Mar-14",
      22759
    ],
    [
      "01-Apr-14",
      17113
    ],
    [
      "02-Apr-14",
      12764
    ],
    [
      "03-Apr-14",
      6673
    ],
    [
      "04-Apr-14",
      17505
    ],
    [
      "05-Apr-14",
      20548
    ],
    [
      "06-Apr-14",
      10329
    ],
    [
      "07-Apr-14",
      18380
    ],
    [
      "08-Apr-14",
      23030
    ],
    [
      "09-Apr-14",
      14447
    ],
    [
      "10-Apr-14",
      14542
    ],
    [
      "11-Apr-14",
      13620
    ],
    [
      "12-Apr-14",
      5837
    ],
    [
      "13-Apr-14",
      24881
    ],
    [
      "14-Apr-14",
      25871
    ],
    [
      "15-Apr-14",
      24928
    ],
    [
      "16-Apr-14",
      18845
    ],
    [
      "17-Apr-14",
      28253
    ],
    [
      "18-Apr-14",
      8936
    ],
    [
      "19-Apr-14",
      27794
    ],
    [
      "20-Apr-14",
      12857
    ],
    [
      "21-Apr-14",
      8305
    ],
    [
      "22-Apr-14",
      12824
    ],
    [
      "23-Apr-14",
      24608
    ],
    [
      "24-Apr-14",
      22108
    ],
    [
      "25-Apr-14",
      16092
    ],
    [
      "26-Apr-14",
      20517
    ],
    [
      "27-Apr-14",
      16259
    ],
    [
      "28-Apr-14",
      9111
    ],
    [
      "29-Apr-14",
      25713
    ],
    [
      "30-Apr-14",
      9412
    ],
    [
      "01-May-14",
      13293
    ],
    [
      "02-May-14",
      16241
    ],
    [
      "03-May-14",
      10787
    ],
    [
      "04-May-14",
      26519
    ],
    [
      "05-May-14",
      27906
    ],
    [
      "06-May-14",
      13063
    ],
    [
      "07-May-14",
      8934
    ],
    [
      "08-May-14",
      19690
    ],
    [
      "09-May-14",
      21028
    ],
    [
      "10-May-14",
      20868
    ],
    [
      "11-May-14",
      22432
    ],
    [
      "12-May-14",
      28490
    ],
    [
      "13-May-14",
      14736
    ],
    [
      "14-May-14",
      6210
    ],
    [
      "15-May-14",
      11805
    ],
    [
      "16-May-14",
      24049
    ],
    [
      "17-May-14",
      10548
    ],
    [
      "18-May-14",
      9976
    ],
    [
      "19-May-14",
      25909
    ],
    [
      "20-May-14",
      19697
    ],
    [
      "21-May-14",
      12479
    ],
    [
      "22-May-14",
      24984
    ],
    [
      "23-May-14",
      5685
    ],
    [
      "24-May-14",
      4835
    ],
    [
      "25-May-14",
      28202
    ],
    [
      "26-May-14",
      6455
    ],
    [
      "27-May-14",
      21034
    ],
    [
      "28-May-14",
      23670
    ],
    [
      "29-May-14",
      17601
    ],
    [
      "30-May-14",
      17243
    ],
    [
      "31-May-14",
      28695
    ],
    [
      "01-Jun-14",
      13884
    ],
    [
      "02-Jun-14",
      15011
    ],
    [
      "03-Jun-14",
      23057
    ],
    [
      "04-Jun-14",
      11126
    ],
    [
      "05-Jun-14",
      22697
    ],
    [
      "06-Jun-14",
      22579
    ],
    [
      "07-Jun-14",
      28237
    ],
    [
      "08-Jun-14",
      23805
    ],
    [
      "09-Jun-14",
      18879
    ],
    [
      "10-Jun-14",
      22642
    ],
    [
      "11-Jun-14",
      26512
    ],
    [
      "12-Jun-14",
      11638
    ],
    [
      "13-Jun-14",
      8578
    ],
    [
      "14-Jun-14",
      9619
    ],
    [
      "15-Jun-14",
      26034
    ],
    [
      "16-Jun-14",
      20489
    ],
    [
      "17-Jun-14",
      25282
    ],
    [
      "18-Jun-14",
      14968
    ],
    [
      "19-Jun-14",
      14919
    ],
    [
      "20-Jun-14",
      6229
    ],
    [
      "21-Jun-14",
      22733
    ],
    [
      "22-Jun-14",
      4934
    ],
    [
      "23-Jun-14",
      5705
    ],
    [
      "24-Jun-14",
      29895
    ],
    [
      "25-Jun-14",
      5114
    ],
    [
      "26-Jun-14",
      4297
    ],
    [
      "27-Jun-14",
      10840
    ],
    [
      "28-Jun-14",
      29416
    ],
    [
      "29-Jun-14",
      18295
    ],
    [
      "30-Jun-14",
      16517
    ],
    [
      "01-Jul-14",
      11584
    ],
    [
      "02-Jul-14",
      26594
    ],
    [
      "03-Jul-14",
      26664
    ],
    [
      "04-Jul-14",
      10681
    ],
    [
      "05-Jul-14",
      5928
    ],
    [
      "06-Jul-14",
      18652
    ],
    [
      "07-Jul-14",
      12159
    ],
    [
      "08-Jul-14",
      7881
    ],
    [
      "09-Jul-14",
      11646
    ],
    [
      "10-Jul-14",
      9552
    ],
    [
      "11-Jul-14",
      16261
    ],
    [
      "12-Jul-14",
      24598
    ],
    [
      "13-Jul-14",
      14689
    ],
    [
      "14-Jul-14",
      12210
    ],
    [
      "15-Jul-14",
      21729
    ],
    [
      "16-Jul-14",
      26070
    ],
    [
      "17-Jul-14",
      5874
    ],
    [
      "18-Jul-14",
      15789
    ],
    [
      "19-Jul-14",
      4950
    ],
    [
      "20-Jul-14",
      20624
    ],
    [
      "21-Jul-14",
      19811
    ],
    [
      "22-Jul-14",
      8032
    ],
    [
      "23-Jul-14",
      16787
    ],
    [
      "24-Jul-14",
      14205
    ],
    [
      "25-Jul-14",
      6075
    ],
    [
      "26-Jul-14",
      22169
    ],
    [
      "27-Jul-14",
      12994
    ],
    [
      "28-Jul-14",
      25572
    ],
    [
      "29-Jul-14",
      19383
    ],
    [
      "30-Jul-14",
      12179
    ],
    [
      "31-Jul-14",
      9012
    ],
    [
      "01-Aug-14",
      20686
    ],
    [
      "02-Aug-14",
      7148
    ],
    [
      "03-Aug-14",
      12327
    ],
    [
      "04-Aug-14",
      17684
    ],
    [
      "05-Aug-14",
      18894
    ],
    [
      "06-Aug-14",
      5240
    ],
    [
      "07-Aug-14",
      27370
    ],
    [
      "08-Aug-14",
      11533
    ],
    [
      "09-Aug-14",
      26434
    ],
    [
      "10-Aug-14",
      6575
    ],
    [
      "11-Aug-14",
      29450
    ],
    [
      "12-Aug-14",
      29035
    ],
    [
      "13-Aug-14",
      16073
    ],
    [
      "14-Aug-14",
      15069
    ],
    [
      "15-Aug-14",
      29145
    ],
    [
      "16-Aug-14",
      19076
    ],
    [
      "17-Aug-14",
      11882
    ],
    [
      "18-Aug-14",
      20446
    ],
    [
      "19-Aug-14",
      12211
    ],
    [
      "20-Aug-14",
      22510
    ],
    [
      "21-Aug-14",
      7576
    ],
    [
      "22-Aug-14",
      19429
    ],
    [
      "23-Aug-14",
      22657
    ],
    [
      "24-Aug-14",
      6322
    ],
    [
      "25-Aug-14",
      19959
    ],
    [
      "26-Aug-14",
      21826
    ],
    [
      "27-Aug-14",
      29508
    ],
    [
      "28-Aug-14",
      16231
    ],
    [
      "29-Aug-14",
      11691
    ],
    [
      "30-Aug-14",
      6618
    ],
    [
      "31-Aug-14",
      26696
    ],
    [
      "01-Sep-14",
      28692
    ],
    [
      "02-Sep-14",
      10981
    ],
    [
      "03-Sep-14",
      19084
    ],
    [
      "04-Sep-14",
      4325
    ],
    [
      "05-Sep-14",
      18719
    ],
    [
      "06-Sep-14",
      17615
    ],
    [
      "07-Sep-14",
      11969
    ],
    [
      "08-Sep-14",
      17341
    ],
    [
      "09-Sep-14",
      4592
    ],
    [
      "10-Sep-14",
      28799
    ],
    [
      "11-Sep-14",
      23848
    ],
    [
      "12-Sep-14",
      22219
    ],
    [
      "13-Sep-14",
      8555
    ],
    [
      "14-Sep-14",
      10880
    ],
    [
      "15-Sep-14",
      4742
    ],
    [
      "16-Sep-14",
      11287
    ],
    [
      "17-Sep-14",
      19399
    ],
    [
      "18-Sep-14",
      10833
    ],
    [
      "19-Sep-14",
      8202
    ],
    [
      "20-Sep-14",
      8501
    ],
    [
      "21-Sep-14",
      7676
    ],
    [
      "22-Sep-14",
      28239
    ],
    [
      "23-Sep-14",
      7599
    ],
    [
      "24-Sep-14",
      15008
    ],
    [
      "25-Sep-14",
      23036
    ],
    [
      "26-Sep-14",
      22299
    ],
    [
      "27-Sep-14",
      7746
    ],
    [
      "28-Sep-14",
      12861
    ],
    [
      "29-Sep-14",
      21200
    ],
    [
      "30-Sep-14",
      17085
    ],
    [
      "01-Oct-14",
      20150
    ],
    [
      "02-Oct-14",
      26625
    ],
    [
      "03-Oct-14",
      17596
    ],
    [
      "04-Oct-14",
      4392
    ],
    [
      "05-Oct-14",
      14119
    ],
    [
      "06-Oct-14",
      20705
    ],
    [
      "07-Oct-14",
      7227
    ],
    [
      "08-Oct-14",
      17976
    ],
    [
      "09-Oct-14",
      17154
    ],
    [
      "10-Oct-14",
      25895
    ],
    [
      "11-Oct-14",
      18548
    ],
    [
      "12-Oct-14",
      26046
    ],
    [
      "13-Oct-14",
      5805
    ],
    [
      "14-Oct-14",
      5848
    ],
    [
      "15-Oct-14",
      23308
    ],
    [
      "16-Oct-14",
      4131
    ],
    [
      "17-Oct-14",
      23526
    ],
    [
      "18-Oct-14",
      29333
    ],
    [
      "19-Oct-14",
      19789
    ],
    [
      "20-Oct-14",
      4815
    ],
    [
      "21-Oct-14",
      7028
    ],
    [
      "22-Oct-14",
      8124
    ],
    [
      "23-Oct-14",
      26393
    ],
    [
      "24-Oct-14",
      7869
    ],
    [
      "25-Oct-14",
      11884
    ],
    [
      "26-Oct-14",
      25038
    ],
    [
      "27-Oct-14",
      17833
    ],
    [
      "28-Oct-14",
      14395
    ],
    [
      "29-Oct-14",
      20726
    ],
    [
      "30-Oct-14",
      10534
    ],
    [
      "31-Oct-14",
      12718
    ],
    [
      "01-Nov-14",
      4473
    ],
    [
      "02-Nov-14",
      21464
    ],
    [
      "03-Nov-14",
      21403
    ],
    [
      "04-Nov-14",
      20166
    ],
    [
      "05-Nov-14",
      23626
    ],
    [
      "06-Nov-14",
      14391
    ],
    [
      "07-Nov-14",
      28026
    ],
    [
      "08-Nov-14",
      29635
    ],
    [
      "09-Nov-14",
      13421
    ],
    [
      "10-Nov-14",
      16448
    ],
    [
      "11-Nov-14",
      11810
    ],
    [
      "12-Nov-14",
      7507
    ],
    [
      "13-Nov-14",
      15036
    ],
    [
      "14-Nov-14",
      10666
    ],
    [
      "15-Nov-14",
      15784
    ],
    [
      "16-Nov-14",
      26451
    ],
    [
      "17-Nov-14",
      10790
    ],
    [
      "18-Nov-14",
      23519
    ],
    [
      "19-Nov-14",
      16923
    ],
    [
      "20-Nov-14",
      6944
    ],
    [
      "21-Nov-14",
      8880
    ],
    [
      "22-Nov-14",
      29571
    ],
    [
      "23-Nov-14",
      8730
    ],
    [
      "24-Nov-14",
      15541
    ],
    [
      "25-Nov-14",
      16918
    ],
    [
      "26-Nov-14",
      17873
    ],
    [
      "27-Nov-14",
      14474
    ],
    [
      "28-Nov-14",
      10308
    ],
    [
      "29-Nov-14",
      27480
    ],
    [
      "30-Nov-14",
      4305
    ],
    [
      "01-Dec-14",
      16723
    ],
    [
      "02-Dec-14",
      4549
    ],
    [
      "03-Dec-14",
      16085
    ],
    [
      "04-Dec-14",
      18908
    ],
    [
      "05-Dec-14",
      13758
    ],
    [
      "06-Dec-14",
      11230
    ],
    [
      "07-Dec-14",
      28437
    ],
    [
      "08-Dec-14",
      18601
    ],
    [
      "09-Dec-14",
      11308
    ],
    [
      "10-Dec-14",
      11467
    ],
    [
      "11-Dec-14",
      13337
    ],
    [
      "12-Dec-14",
      17984
    ],
    [
      "13-Dec-14",
      14254
    ],
    [
      "14-Dec-14",
      28049
    ],
    [
      "15-Dec-14",
      15618
    ],
    [
      "16-Dec-14",
      18790
    ],
    [
      "17-Dec-14",
      14741
    ],
    [
      "18-Dec-14",
      15830
    ],
    [
      "19-Dec-14",
      15034
    ],
    [
      "20-Dec-14",
      11694
    ],
    [
      "21-Dec-14",
      5203
    ],
    [
      "22-Dec-14",
      23837
    ],
    [
      "23-Dec-14",
      13368
    ],
    [
      "24-Dec-14",
      7908
    ],
    [
      "25-Dec-14",
      20920
    ],
    [
      "26-Dec-14",
      18213
    ],
    [
      "27-Dec-14",
      21910
    ],
    [
      "28-Dec-14",
      26742
    ],
    [
      "29-Dec-14",
      15414
    ],
    [
      "30-Dec-14",
      8382
    ],
    [
      "31-Dec-14",
      28285
    ],
    [
      "01-Jan-15",
      33104
    ],
    [
      "02-Jan-15",
      11876
    ],
    [
      "03-Jan-15",
      20337
    ],
    [
      "04-Jan-15",
      27250
    ],
    [
      "05-Jan-15",
      36556
    ],
    [
      "06-Jan-15",
      7299
    ],
    [
      "07-Jan-15",
      32564
    ],
    [
      "08-Jan-15",
      39947
    ],
    [
      "09-Jan-15",
      17973
    ],
    [
      "10-Jan-15",
      36598
    ],
    [
      "11-Jan-15",
      16416
    ],
    [
      "12-Jan-15",
      26045
    ],
    [
      "13-Jan-15",
      20045
    ],
    [
      "14-Jan-15",
      34345
    ],
    [
      "15-Jan-15",
      11687
    ],
    [
      "16-Jan-15",
      36663
    ],
    [
      "17-Jan-15",
      18381
    ],
    [
      "18-Jan-15",
      7432
    ],
    [
      "19-Jan-15",
      26764
    ],
    [
      "20-Jan-15",
      39409
    ],
    [
      "21-Jan-15",
      20174
    ],
    [
      "22-Jan-15",
      32018
    ],
    [
      "23-Jan-15",
      7233
    ],
    [
      "24-Jan-15",
      19039
    ],
    [
      "25-Jan-15",
      39045
    ],
    [
      "26-Jan-15",
      10418
    ],
    [
      "27-Jan-15",
      21924
    ],
    [
      "28-Jan-15",
      35811
    ],
    [
      "29-Jan-15",
      13984
    ],
    [
      "30-Jan-15",
      33907
    ],
    [
      "31-Jan-15",
      35577
    ],
    [
      "01-Feb-15",
      19316
    ],
    [
      "02-Feb-15",
      33296
    ],
    [
      "03-Feb-15",
      32267
    ],
    [
      "04-Feb-15",
      35992
    ],
    [
      "05-Feb-15",
      11862
    ],
    [
      "06-Feb-15",
      23269
    ],
    [
      "07-Feb-15",
      7712
    ],
    [
      "08-Feb-15",
      7907
    ],
    [
      "09-Feb-15",
      35139
    ],
    [
      "10-Feb-15",
      32159
    ],
    [
      "11-Feb-15",
      14373
    ],
    [
      "12-Feb-15",
      21847
    ],
    [
      "13-Feb-15",
      20395
    ],
    [
      "14-Feb-15",
      24487
    ],
    [
      "15-Feb-15",
      36164
    ],
    [
      "16-Feb-15",
      8440
    ],
    [
      "17-Feb-15",
      34595
    ],
    [
      "18-Feb-15",
      15635
    ],
    [
      "19-Feb-15",
      17845
    ],
    [
      "20-Feb-15",
      16194
    ],
    [
      "21-Feb-15",
      24709
    ],
    [
      "22-Feb-15",
      39747
    ],
    [
      "23-Feb-15",
      16387
    ],
    [
      "24-Feb-15",
      30761
    ],
    [
      "25-Feb-15",
      13206
    ],
    [
      "26-Feb-15",
      35917
    ],
    [
      "27-Feb-15",
      15184
    ],
    [
      "28-Feb-15",
      22055
    ],
    [
      "01-Mar-15",
      14893
    ],
    [
      "02-Mar-15",
      7098
    ],
    [
      "03-Mar-15",
      28511
    ],
    [
      "04-Mar-15",
      31046
    ],
    [
      "05-Mar-15",
      16538
    ],
    [
      "06-Mar-15",
      19818
    ],
    [
      "07-Mar-15",
      24691
    ],
    [
      "08-Mar-15",
      12727
    ],
    [
      "09-Mar-15",
      38748
    ],
    [
      "10-Mar-15",
      12421
    ],
    [
      "11-Mar-15",
      17583
    ],
    [
      "12-Mar-15",
      30815
    ],
    [
      "13-Mar-15",
      29449
    ],
    [
      "14-Mar-15",
      33201
    ],
    [
      "15-Mar-15",
      35552
    ],
    [
      "16-Mar-15",
      24711
    ],
    [
      "17-Mar-15",
      11337
    ],
    [
      "18-Mar-15",
      34106
    ],
    [
      "19-Mar-15",
      20224
    ],
    [
      "20-Mar-15",
      7805
    ],
    [
      "21-Mar-15",
      17395
    ],
    [
      "22-Mar-15",
      10069
    ],
    [
      "23-Mar-15",
      13219
    ],
    [
      "24-Mar-15",
      7935
    ],
    [
      "25-Mar-15",
      20969
    ],
    [
      "26-Mar-15",
      27217
    ],
    [
      "27-Mar-15",
      31428
    ],
    [
      "28-Mar-15",
      35818
    ],
    [
      "29-Mar-15",
      35276
    ],
    [
      "30-Mar-15",
      16365
    ],
    [
      "31-Mar-15",
      11731
    ],
    [
      "01-Apr-15",
      29755
    ],
    [
      "02-Apr-15",
      34701
    ],
    [
      "03-Apr-15",
      37817
    ],
    [
      "04-Apr-15",
      34542
    ],
    [
      "05-Apr-15",
      31149
    ],
    [
      "06-Apr-15",
      9634
    ],
    [
      "07-Apr-15",
      18185
    ],
    [
      "08-Apr-15",
      13361
    ],
    [
      "09-Apr-15",
      36264
    ],
    [
      "10-Apr-15",
      18804
    ],
    [
      "11-Apr-15",
      22898
    ],
    [
      "12-Apr-15",
      25234
    ],
    [
      "13-Apr-15",
      39298
    ],
    [
      "14-Apr-15",
      14098
    ],
    [
      "15-Apr-15",
      22331
    ],
    [
      "16-Apr-15",
      39766
    ],
    [
      "17-Apr-15",
      25725
    ],
    [
      "18-Apr-15",
      28125
    ],
    [
      "19-Apr-15",
      32063
    ],
    [
      "20-Apr-15",
      25815
    ],
    [
      "21-Apr-15",
      25406
    ],
    [
      "22-Apr-15",
      16925
    ],
    [
      "23-Apr-15",
      10592
    ],
    [
      "24-Apr-15",
      22829
    ],
    [
      "25-Apr-15",
      12741
    ],
    [
      "26-Apr-15",
      37798
    ],
    [
      "27-Apr-15",
      11483
    ],
    [
      "28-Apr-15",
      38910
    ],
    [
      "29-Apr-15",
      17380
    ],
    [
      "30-Apr-15",
      22923
    ],
    [
      "01-May-15",
      19962
    ],
    [
      "02-May-15",
      29949
    ],
    [
      "03-May-15",
      15390
    ],
    [
      "04-May-15",
      36116
    ],
    [
      "05-May-15",
      14937
    ],
    [
      "06-May-15",
      22489
    ],
    [
      "07-May-15",
      32444
    ],
    [
      "08-May-15",
      21437
    ],
    [
      "09-May-15",
      11119
    ],
    [
      "10-May-15",
      9653
    ],
    [
      "11-May-15",
      22119
    ],
    [
      "12-May-15",
      16680
    ],
    [
      "13-May-15",
      8777
    ],
    [
      "14-May-15",
      22778
    ],
    [
      "15-May-15",
      22540
    ],
    [
      "16-May-15",
      7284
    ],
    [
      "17-May-15",
      39765
    ],
    [
      "18-May-15",
      36081
    ],
    [
      "19-May-15",
      33337
    ],
    [
      "20-May-15",
      21380
    ],
    [
      "21-May-15",
      31017
    ],
    [
      "22-May-15",
      8279
    ],
    [
      "23-May-15",
      31380
    ],
    [
      "24-May-15",
      33857
    ],
    [
      "25-May-15",
      14756
    ],
    [
      "26-May-15",
      33144
    ],
    [
      "27-May-15",
      8168
    ],
    [
      "28-May-15",
      18882
    ],
    [
      "29-May-15",
      38573
    ],
    [
      "30-May-15",
      31880
    ],
    [
      "31-May-15",
      37164
    ],
    [
      "01-Jun-15",
      36172
    ],
    [
      "02-Jun-15",
      38738
    ],
    [
      "03-Jun-15",
      32089
    ],
    [
      "04-Jun-15",
      11704
    ],
    [
      "05-Jun-15",
      25459
    ],
    [
      "06-Jun-15",
      31001
    ],
    [
      "07-Jun-15",
      30135
    ],
    [
      "08-Jun-15",
      30944
    ],
    [
      "09-Jun-15",
      12962
    ],
    [
      "10-Jun-15",
      23876
    ],
    [
      "11-Jun-15",
      30848
    ],
    [
      "12-Jun-15",
      23433
    ],
    [
      "13-Jun-15",
      30702
    ],
    [
      "14-Jun-15",
      13139
    ],
    [
      "15-Jun-15",
      20668
    ],
    [
      "16-Jun-15",
      39908
    ],
    [
      "17-Jun-15",
      14842
    ],
    [
      "18-Jun-15",
      10038
    ],
    [
      "19-Jun-15",
      25701
    ],
    [
      "20-Jun-15",
      15851
    ],
    [
      "21-Jun-15",
      38391
    ],
    [
      "22-Jun-15",
      20547
    ],
    [
      "23-Jun-15",
      12884
    ],
    [
      "24-Jun-15",
      9429
    ],
    [
      "25-Jun-15",
      36862
    ],
    [
      "26-Jun-15",
      12753
    ],
    [
      "27-Jun-15",
      12879
    ],
    [
      "28-Jun-15",
      10738
    ],
    [
      "29-Jun-15",
      30961
    ],
    [
      "30-Jun-15",
      34684
    ],
    [
      "01-Jul-15",
      7545
    ],
    [
      "02-Jul-15",
      28184
    ],
    [
      "03-Jul-15",
      36459
    ],
    [
      "04-Jul-15",
      23945
    ],
    [
      "05-Jul-15",
      14169
    ],
    [
      "06-Jul-15",
      14342
    ],
    [
      "07-Jul-15",
      15901
    ],
    [
      "08-Jul-15",
      36355
    ],
    [
      "09-Jul-15",
      8849
    ],
    [
      "10-Jul-15",
      17678
    ],
    [
      "11-Jul-15",
      38549
    ],
    [
      "12-Jul-15",
      22127
    ],
    [
      "13-Jul-15",
      12578
    ],
    [
      "14-Jul-15",
      39057
    ],
    [
      "15-Jul-15",
      22735
    ],
    [
      "16-Jul-15",
      13678
    ],
    [
      "17-Jul-15",
      26646
    ],
    [
      "18-Jul-15",
      28994
    ],
    [
      "19-Jul-15",
      17797
    ],
    [
      "20-Jul-15",
      38315
    ],
    [
      "21-Jul-15",
      17470
    ],
    [
      "22-Jul-15",
      16217
    ],
    [
      "23-Jul-15",
      11903
    ],
    [
      "24-Jul-15",
      17097
    ],
    [
      "25-Jul-15",
      7498
    ],
    [
      "26-Jul-15",
      19711
    ],
    [
      "27-Jul-15",
      24258
    ],
    [
      "28-Jul-15",
      17010
    ],
    [
      "29-Jul-15",
      11040
    ],
    [
      "30-Jul-15",
      34336
    ],
    [
      "31-Jul-15",
      35344
    ],
    [
      "01-Aug-15",
      18766
    ],
    [
      "02-Aug-15",
      16103
    ],
    [
      "03-Aug-15",
      11401
    ],
    [
      "04-Aug-15",
      8415
    ],
    [
      "05-Aug-15",
      34779
    ],
    [
      "06-Aug-15",
      17409
    ],
    [
      "07-Aug-15",
      8812
    ],
    [
      "08-Aug-15",
      39893
    ],
    [
      "09-Aug-15",
      21773
    ],
    [
      "10-Aug-15",
      29218
    ],
    [
      "11-Aug-15",
      13184
    ],
    [
      "12-Aug-15",
      35986
    ],
    [
      "13-Aug-15",
      28597
    ],
    [
      "14-Aug-15",
      33172
    ],
    [
      "15-Aug-15",
      27498
    ],
    [
      "16-Aug-15",
      15281
    ],
    [
      "17-Aug-15",
      24881
    ],
    [
      "18-Aug-15",
      18422
    ],
    [
      "19-Aug-15",
      36354
    ],
    [
      "20-Aug-15",
      39545
    ],
    [
      "21-Aug-15",
      10125
    ],
    [
      "22-Aug-15",
      19660
    ],
    [
      "23-Aug-15",
      10083
    ],
    [
      "24-Aug-15",
      26186
    ],
    [
      "25-Aug-15",
      20073
    ],
    [
      "26-Aug-15",
      12521
    ],
    [
      "27-Aug-15",
      26334
    ],
    [
      "28-Aug-15",
      8964
    ],
    [
      "29-Aug-15",
      31688
    ],
    [
      "30-Aug-15",
      10758
    ],
    [
      "31-Aug-15",
      15634
    ],
    [
      "01-Sep-15",
      37064
    ],
    [
      "02-Sep-15",
      20636
    ],
    [
      "03-Sep-15",
      19543
    ],
    [
      "04-Sep-15",
      15347
    ],
    [
      "05-Sep-15",
      36502
    ],
    [
      "06-Sep-15",
      31274
    ],
    [
      "07-Sep-15",
      15151
    ],
    [
      "08-Sep-15",
      8032
    ],
    [
      "09-Sep-15",
      15911
    ],
    [
      "10-Sep-15",
      28174
    ],
    [
      "11-Sep-15",
      28416
    ],
    [
      "12-Sep-15",
      22191
    ],
    [
      "13-Sep-15",
      15473
    ],
    [
      "14-Sep-15",
      19917
    ],
    [
      "15-Sep-15",
      38903
    ],
    [
      "16-Sep-15",
      15727
    ],
    [
      "17-Sep-15",
      18486
    ],
    [
      "18-Sep-15",
      29192
    ],
    [
      "19-Sep-15",
      11066
    ],
    [
      "20-Sep-15",
      27333
    ],
    [
      "21-Sep-15",
      26620
    ],
    [
      "22-Sep-15",
      37690
    ],
    [
      "23-Sep-15",
      36550
    ],
    [
      "24-Sep-15",
      34623
    ],
    [
      "25-Sep-15",
      21696
    ],
    [
      "26-Sep-15",
      15776
    ],
    [
      "27-Sep-15",
      25281
    ],
    [
      "28-Sep-15",
      37422
    ],
    [
      "29-Sep-15",
      21543
    ],
    [
      "30-Sep-15",
      22531
    ],
    [
      "01-Oct-15",
      23961
    ],
    [
      "02-Oct-15",
      7100
    ],
    [
      "03-Oct-15",
      29626
    ],
    [
      "04-Oct-15",
      33623
    ],
    [
      "05-Oct-15",
      34638
    ],
    [
      "06-Oct-15",
      26191
    ],
    [
      "07-Oct-15",
      34235
    ],
    [
      "08-Oct-15",
      39934
    ],
    [
      "09-Oct-15",
      20717
    ],
    [
      "10-Oct-15",
      14795
    ],
    [
      "11-Oct-15",
      28104
    ],
    [
      "12-Oct-15",
      24433
    ],
    [
      "13-Oct-15",
      17213
    ],
    [
      "14-Oct-15",
      24308
    ],
    [
      "15-Oct-15",
      38499
    ],
    [
      "16-Oct-15",
      33025
    ],
    [
      "17-Oct-15",
      19860
    ],
    [
      "18-Oct-15",
      25989
    ],
    [
      "19-Oct-15",
      9575
    ],
    [
      "20-Oct-15",
      31334
    ],
    [
      "21-Oct-15",
      20377
    ],
    [
      "22-Oct-15",
      11918
    ],
    [
      "23-Oct-15",
      31934
    ],
    [
      "24-Oct-15",
      9589
    ],
    [
      "25-Oct-15",
      38468
    ],
    [
      "26-Oct-15",
      36065
    ],
    [
      "27-Oct-15",
      8463
    ],
    [
      "28-Oct-15",
      33728
    ],
    [
      "29-Oct-15",
      32325
    ],
    [
      "30-Oct-15",
      30438
    ],
    [
      "31-Oct-15",
      15618
    ],
    [
      "01-Nov-15",
      36698
    ],
    [
      "02-Nov-15",
      12899
    ],
    [
      "03-Nov-15",
      20413
    ],
    [
      "04-Nov-15",
      28890
    ],
    [
      "05-Nov-15",
      30891
    ],
    [
      "06-Nov-15",
      24860
    ],
    [
      "07-Nov-15",
      20224
    ],
    [
      "08-Nov-15",
      8108
    ],
    [
      "09-Nov-15",
      36227
    ],
    [
      "10-Nov-15",
      23494
    ],
    [
      "11-Nov-15",
      21942
    ],
    [
      "12-Nov-15",
      27249
    ],
    [
      "13-Nov-15",
      11568
    ],
    [
      "14-Nov-15",
      18575
    ],
    [
      "15-Nov-15",
      29635
    ],
    [
      "16-Nov-15",
      36762
    ],
    [
      "17-Nov-15",
      9502
    ],
    [
      "18-Nov-15",
      23023
    ],
    [
      "19-Nov-15",
      8236
    ],
    [
      "20-Nov-15",
      39465
    ],
    [
      "21-Nov-15",
      20837
    ],
    [
      "22-Nov-15",
      12835
    ],
    [
      "23-Nov-15",
      36337
    ],
    [
      "24-Nov-15",
      27483
    ],
    [
      "25-Nov-15",
      15323
    ],
    [
      "26-Nov-15",
      36780
    ],
    [
      "27-Nov-15",
      7681
    ],
    [
      "28-Nov-15",
      12826
    ],
    [
      "29-Nov-15",
      35807
    ],
    [
      "30-Nov-15",
      25085
    ],
    [
      "01-Dec-15",
      22769
    ],
    [
      "02-Dec-15",
      28812
    ],
    [
      "03-Dec-15",
      37286
    ],
    [
      "04-Dec-15",
      29254
    ],
    [
      "05-Dec-15",
      23556
    ],
    [
      "06-Dec-15",
      35497
    ],
    [
      "07-Dec-15",
      8457
    ],
    [
      "08-Dec-15",
      32686
    ],
    [
      "09-Dec-15",
      36061
    ],
    [
      "10-Dec-15",
      29233
    ],
    [
      "11-Dec-15",
      25308
    ],
    [
      "12-Dec-15",
      19845
    ],
    [
      "13-Dec-15",
      7969
    ],
    [
      "14-Dec-15",
      38466
    ],
    [
      "15-Dec-15",
      17504
    ],
    [
      "16-Dec-15",
      21084
    ],
    [
      "17-Dec-15",
      31674
    ],
    [
      "18-Dec-15",
      39938
    ],
    [
      "19-Dec-15",
      23369
    ],
    [
      "20-Dec-15",
      39519
    ],
    [
      "21-Dec-15",
      27070
    ],
    [
      "22-Dec-15",
      26732
    ],
    [
      "23-Dec-15",
      35098
    ],
    [
      "24-Dec-15",
      31759
    ],
    [
      "25-Dec-15",
      24475
    ],
    [
      "26-Dec-15",
      35438
    ],
    [
      "27-Dec-15",
      16022
    ],
    [
      "28-Dec-15",
      14354
    ],
    [
      "29-Dec-15",
      32147
    ],
    [
      "30-Dec-15",
      12272
    ],
    [
      "31-Dec-15",
      24214
    ],
    [
      "01-Jan-16",
      20468
    ],
    [
      "02-Jan-16",
      14155
    ],
    [
      "03-Jan-16",
      38920
    ],
    [
      "04-Jan-16",
      16232
    ],
    [
      "05-Jan-16",
      20886
    ],
    [
      "06-Jan-16",
      27615
    ],
    [
      "07-Jan-16",
      16530
    ],
    [
      "08-Jan-16",
      37109
    ],
    [
      "09-Jan-16",
      23118
    ],
    [
      "10-Jan-16",
      10199
    ],
    [
      "11-Jan-16",
      13803
    ],
    [
      "12-Jan-16",
      22843
    ],
    [
      "13-Jan-16",
      11064
    ],
    [
      "14-Jan-16",
      15648
    ],
    [
      "15-Jan-16",
      21597
    ],
    [
      "16-Jan-16",
      32471
    ],
    [
      "17-Jan-16",
      22006
    ],
    [
      "18-Jan-16",
      32205
    ],
    [
      "19-Jan-16",
      37711
    ],
    [
      "20-Jan-16",
      9762
    ],
    [
      "21-Jan-16",
      18207
    ],
    [
      "22-Jan-16",
      17306
    ],
    [
      "23-Jan-16",
      7018
    ],
    [
      "24-Jan-16",
      37540
    ],
    [
      "25-Jan-16",
      14673
    ],
    [
      "26-Jan-16",
      39131
    ],
    [
      "27-Jan-16",
      25298
    ],
    [
      "28-Jan-16",
      12227
    ],
    [
      "29-Jan-16",
      35382
    ],
    [
      "30-Jan-16",
      23646
    ],
    [
      "31-Jan-16",
      12684
    ],
    [
      "01-Feb-16",
      7454
    ],
    [
      "02-Feb-16",
      17715
    ],
    [
      "03-Feb-16",
      37853
    ],
    [
      "04-Feb-16",
      24239
    ],
    [
      "05-Feb-16",
      8155
    ],
    [
      "06-Feb-16",
      18343
    ],
    [
      "07-Feb-16",
      39158
    ],
    [
      "08-Feb-16",
      30505
    ],
    [
      "09-Feb-16",
      24572
    ],
    [
      "10-Feb-16",
      19907
    ],
    [
      "11-Feb-16",
      24336
    ],
    [
      "12-Feb-16",
      28720
    ],
    [
      "13-Feb-16",
      21404
    ],
    [
      "14-Feb-16",
      22551
    ],
    [
      "15-Feb-16",
      16037
    ],
    [
      "16-Feb-16",
      24968
    ],
    [
      "17-Feb-16",
      11886
    ],
    [
      "18-Feb-16",
      32744
    ],
    [
      "19-Feb-16",
      16330
    ],
    [
      "20-Feb-16",
      12251
    ],
    [
      "21-Feb-16",
      29169
    ],
    [
      "22-Feb-16",
      27911
    ],
    [
      "23-Feb-16",
      11003
    ],
    [
      "24-Feb-16",
      34476
    ],
    [
      "25-Feb-16",
      37722
    ],
    [
      "26-Feb-16",
      10891
    ],
    [
      "27-Feb-16",
      18867
    ],
    [
      "28-Feb-16",
      20031
    ],
    [
      "29-Feb-16",
      13550
    ],
    [
      "01-Mar-16",
      37580
    ],
    [
      "02-Mar-16",
      29373
    ],
    [
      "03-Mar-16",
      20329
    ],
    [
      "04-Mar-16",
      31559
    ],
    [
      "05-Mar-16",
      18806
    ],
    [
      "06-Mar-16",
      28357
    ],
    [
      "07-Mar-16",
      25745
    ],
    [
      "08-Mar-16",
      7122
    ],
    [
      "09-Mar-16",
      27267
    ],
    [
      "10-Mar-16",
      22419
    ],
    [
      "11-Mar-16",
      15358
    ],
    [
      "12-Mar-16",
      35940
    ],
    [
      "13-Mar-16",
      38935
    ],
    [
      "14-Mar-16",
      31431
    ],
    [
      "15-Mar-16",
      19666
    ],
    [
      "16-Mar-16",
      12527
    ],
    [
      "17-Mar-16",
      33064
    ],
    [
      "18-Mar-16",
      24922
    ],
    [
      "19-Mar-16",
      39953
    ],
    [
      "20-Mar-16",
      34252
    ],
    [
      "21-Mar-16",
      38045
    ],
    [
      "22-Mar-16",
      8506
    ],
    [
      "23-Mar-16",
      19731
    ],
    [
      "24-Mar-16",
      23344
    ],
    [
      "25-Mar-16",
      39472
    ],
    [
      "26-Mar-16",
      29322
    ],
    [
      "27-Mar-16",
      32751
    ],
    [
      "28-Mar-16",
      35786
    ],
    [
      "29-Mar-16",
      27275
    ],
    [
      "30-Mar-16",
      38934
    ],
    [
      "31-Mar-16",
      16556
    ],
    [
      "01-Apr-16",
      37283
    ],
    [
      "02-Apr-16",
      20341
    ],
    [
      "03-Apr-16",
      24955
    ],
    [
      "04-Apr-16",
      10772
    ],
    [
      "05-Apr-16",
      12357
    ],
    [
      "06-Apr-16",
      25089
    ],
    [
      "07-Apr-16",
      21960
    ],
    [
      "08-Apr-16",
      36533
    ],
    [
      "09-Apr-16",
      12363
    ],
    [
      "10-Apr-16",
      30257
    ],
    [
      "11-Apr-16",
      8925
    ],
    [
      "12-Apr-16",
      29751
    ],
    [
      "13-Apr-16",
      16729
    ],
    [
      "14-Apr-16",
      36022
    ],
    [
      "15-Apr-16",
      23121
    ],
    [
      "16-Apr-16",
      15841
    ],
    [
      "17-Apr-16",
      39249
    ],
    [
      "18-Apr-16",
      38270
    ],
    [
      "19-Apr-16",
      30053
    ],
    [
      "20-Apr-16",
      35693
    ],
    [
      "21-Apr-16",
      38856
    ],
    [
      "22-Apr-16",
      10383
    ],
    [
      "23-Apr-16",
      28457
    ],
    [
      "24-Apr-16",
      36066
    ],
    [
      "25-Apr-16",
      28678
    ],
    [
      "26-Apr-16",
      28618
    ],
    [
      "27-Apr-16",
      30145
    ],
    [
      "28-Apr-16",
      15658
    ],
    [
      "29-Apr-16",
      29038
    ],
    [
      "30-Apr-16",
      36430
    ],
    [
      "01-May-16",
      28721
    ],
    [
      "02-May-16",
      21508
    ],
    [
      "03-May-16",
      21952
    ],
    [
      "04-May-16",
      37153
    ],
    [
      "05-May-16",
      18338
    ],
    [
      "06-May-16",
      34747
    ],
    [
      "07-May-16",
      21737
    ],
    [
      "08-May-16",
      22154
    ],
    [
      "09-May-16",
      16828
    ],
    [
      "10-May-16",
      14689
    ],
    [
      "11-May-16",
      22981
    ],
    [
      "12-May-16",
      29054
    ],
    [
      "13-May-16",
      10754
    ],
    [
      "14-May-16",
      17572
    ],
    [
      "15-May-16",
      7327
    ],
    [
      "16-May-16",
      13314
    ],
    [
      "17-May-16",
      9456
    ],
    [
      "18-May-16",
      34399
    ],
    [
      "19-May-16",
      35414
    ],
    [
      "20-May-16",
      39051
    ],
    [
      "21-May-16",
      28926
    ],
    [
      "22-May-16",
      9890
    ],
    [
      "23-May-16",
      13216
    ],
    [
      "24-May-16",
      31481
    ],
    [
      "25-May-16",
      35578
    ],
    [
      "26-May-16",
      30303
    ],
    [
      "27-May-16",
      16002
    ],
    [
      "28-May-16",
      16372
    ],
    [
      "29-May-16",
      35302
    ],
    [
      "30-May-16",
      17901
    ],
    [
      "31-May-16",
      33546
    ],
    [
      "01-Jun-16",
      25297
    ],
    [
      "02-Jun-16",
      21913
    ],
    [
      "03-Jun-16",
      22246
    ],
    [
      "04-Jun-16",
      39545
    ],
    [
      "05-Jun-16",
      26633
    ],
    [
      "06-Jun-16",
      29106
    ],
    [
      "07-Jun-16",
      15318
    ],
    [
      "08-Jun-16",
      21611
    ],
    [
      "09-Jun-16",
      8802
    ],
    [
      "10-Jun-16",
      24351
    ],
    [
      "11-Jun-16",
      44119
    ],
    [
      "12-Jun-16",
      22322
    ],
    [
      "13-Jun-16",
      43041
    ],
    [
      "14-Jun-16",
      34228
    ],
    [
      "15-Jun-16",
      46130
    ],
    [
      "16-Jun-16",
      47069
    ],
    [
      "17-Jun-16",
      18030
    ],
    [
      "18-Jun-16",
      25868
    ],
    [
      "19-Jun-16",
      36281
    ],
    [
      "20-Jun-16",
      45129
    ],
    [
      "21-Jun-16",
      22735
    ],
    [
      "22-Jun-16",
      34327
    ],
    [
      "23-Jun-16",
      32278
    ],
    [
      "24-Jun-16",
      19039
    ],
    [
      "25-Jun-16",
      29893
    ],
    [
      "26-Jun-16",
      23027
    ],
    [
      "27-Jun-16",
      22007
    ],
    [
      "28-Jun-16",
      24182
    ],
    [
      "29-Jun-16",
      17755
    ],
    [
      "30-Jun-16",
      34878
    ],
    [
      "01-Jul-16",
      49814
    ],
    [
      "02-Jul-16",
      25746
    ],
    [
      "03-Jul-16",
      27771
    ],
    [
      "04-Jul-16",
      17882
    ],
    [
      "05-Jul-16",
      21552
    ],
    [
      "06-Jul-16",
      49190
    ],
    [
      "07-Jul-16",
      29383
    ],
    [
      "08-Jul-16",
      42547
    ],
    [
      "09-Jul-16",
      29687
    ],
    [
      "10-Jul-16",
      23845
    ],
    [
      "11-Jul-16",
      23939
    ],
    [
      "12-Jul-16",
      28096
    ],
    [
      "13-Jul-16",
      26156
    ],
    [
      "14-Jul-16",
      29895
    ],
    [
      "15-Jul-16",
      27352
    ],
    [
      "16-Jul-16",
      48831
    ],
    [
      "17-Jul-16",
      38425
    ],
    [
      "18-Jul-16",
      22752
    ],
    [
      "19-Jul-16",
      38243
    ],
    [
      "20-Jul-16",
      40453
    ],
    [
      "21-Jul-16",
      31675
    ],
    [
      "22-Jul-16",
      44462
    ],
    [
      "23-Jul-16",
      36456
    ],
    [
      "24-Jul-16",
      41834
    ],
    [
      "25-Jul-16",
      39682
    ],
    [
      "26-Jul-16",
      33873
    ],
    [
      "27-Jul-16",
      35681
    ],
    [
      "28-Jul-16",
      21884
    ],
    [
      "29-Jul-16",
      29548
    ],
    [
      "30-Jul-16",
      25707
    ],
    [
      "31-Jul-16",
      42612
    ],
    [
      "01-Aug-16",
      34850
    ],
    [
      "02-Aug-16",
      46200
    ],
    [
      "03-Aug-16",
      21188
    ],
    [
      "04-Aug-16",
      39039
    ],
    [
      "05-Aug-16",
      37560
    ],
    [
      "06-Aug-16",
      19574
    ],
    [
      "07-Aug-16",
      40079
    ],
    [
      "08-Aug-16",
      20240
    ],
    [
      "09-Aug-16",
      46862
    ],
    [
      "10-Aug-16",
      17881
    ],
    [
      "11-Aug-16",
      45151
    ],
    [
      "12-Aug-16",
      29155
    ],
    [
      "13-Aug-16",
      20707
    ],
    [
      "14-Aug-16",
      33675
    ],
    [
      "15-Aug-16",
      29478
    ],
    [
      "16-Aug-16",
      42375
    ],
    [
      "17-Aug-16",
      31824
    ],
    [
      "18-Aug-16",
      24330
    ],
    [
      "19-Aug-16",
      34937
    ],
    [
      "20-Aug-16",
      43312
    ],
    [
      "21-Aug-16",
      18360
    ],
    [
      "22-Aug-16",
      36426
    ],
    [
      "23-Aug-16",
      15566
    ],
    [
      "24-Aug-16",
      16755
    ],
    [
      "25-Aug-16",
      16083
    ],
    [
      "26-Aug-16",
      27760
    ],
    [
      "27-Aug-16",
      19340
    ],
    [
      "28-Aug-16",
      43487
    ],
    [
      "29-Aug-16",
      27312
    ],
    [
      "30-Aug-16",
      29534
    ],
    [
      "31-Aug-16",
      20761
    ],
    [
      "01-Sep-16",
      15725
    ],
    [
      "02-Sep-16",
      43636
    ],
    [
      "03-Sep-16",
      22411
    ],
    [
      "04-Sep-16",
      18924
    ],
    [
      "05-Sep-16",
      36273
    ],
    [
      "06-Sep-16",
      47248
    ],
    [
      "07-Sep-16",
      44846
    ],
    [
      "08-Sep-16",
      29016
    ],
    [
      "09-Sep-16",
      16007
    ],
    [
      "10-Sep-16",
      28194
    ],
    [
      "11-Sep-16",
      15394
    ],
    [
      "12-Sep-16",
      48907
    ],
    [
      "13-Sep-16",
      28306
    ],
    [
      "14-Sep-16",
      16330
    ],
    [
      "15-Sep-16",
      43337
    ],
    [
      "16-Sep-16",
      15418
    ],
    [
      "17-Sep-16",
      29679
    ],
    [
      "18-Sep-16",
      28728
    ],
    [
      "19-Sep-16",
      23640
    ],
    [
      "20-Sep-16",
      26158
    ],
    [
      "21-Sep-16",
      23177
    ],
    [
      "22-Sep-16",
      26795
    ],
    [
      "23-Sep-16",
      15064
    ],
    [
      "24-Sep-16",
      35734
    ],
    [
      "25-Sep-16",
      17661
    ],
    [
      "26-Sep-16",
      23577
    ],
    [
      "27-Sep-16",
      41429
    ],
    [
      "28-Sep-16",
      47488
    ],
    [
      "29-Sep-16",
      39547
    ],
    [
      "30-Sep-16",
      48088
    ]
  ],
  "appSchema": [
    {
      "name": "Time",
      "type": "date",
      "format": "%d-%b-%y"
    },
    {
      "name": "Grocery Sales Value",
      "type": "number"
    }
  ]
}