{
  "type": "boxandwhisker2d",
  "title": "Ember FusionCharts Sample",
  "width": 600,
  "height": 400,
  "dataFormat": "json",
  "dataSource": {
    "chart": {
      "caption": "Distribution of Annual Salaries for 2017",
      "subcaption": "By Gender",
      "xaxisname": "Pay Grades",
      "yaxisname": "Salaries (USD)",
      "theme": "fusion",
      "palettecolors": "#5D62B5, #979AD0, #F2726F, #f6A09E",
      "plottooltext": "<b>Distribution for $label:</b><br>Max: <b>$$maxDataValue</b><br>Q3: <b>$$Q3</b><br>Median: <b>$$median</b><br>Q1: <b>$$Q1</b><br>Min: <b>$$minDataValue</b>",
      "drawcustomlegendicon": "1",
      "legendiconsides": "4",
      "plotspacepercent": "55",
      "mediancolor": "#FFFFFF",
      "exportEnabled": 1,
      "formatNumberScale": 0,
      "showlegend": 1,
      "legendPosition": "bottom",
      "legendAllowDrag": "0",
      "plotHighlightEffect": "fadeout|color=#D5DED9, alpha=50"
    },
    "categories": [
      {
        "category": [
          {
            "label": "Grade 1"
          },
          {
            "label": "Grade 2"
          },
          {
            "label": "Grade 3"
          }
        ]
      }
    ],
    "dataset": [
      {
        "seriesname": "Male",
        "data": [
          {
            "value": "2400,2000,2500,2800,3500,4000, 3700, 3750, 3880, 5000,5500,7500,8000,8200, 8400, 8500, 8550, 8800, 8700, 9000, 14000"
          },
          {
            "value": "7500,9000,12000,13000,14000,16500,17000, 18000, 19000, 19500"
          },
          {
            "value": "15000,19000,25000,32000,50000,65000"
          }
        ]
      },
      {
        "seriesname": "Female",
        "data": [
          {
            "value": "1900,2100,2300,2350,2400,2550,3000,3500,4000, 6000, 6500, 9000"
          },
          {
            "value": "7000,8000,8300,8700,9500,11000,15000, 17000, 21000"
          },
          {
            "value": "24000,32000,35000,37000,39000, 58000"
          }
        ]
      }
    ]
  }
}