{
  "type": "line",
  "renderAt": "chart-container",
  "width": "100%",
  "height": "100%",
  "dataFormat": "json",
  "dataSource": {
    "chart": {
      "caption": "Average Fastball Velocity",
      "yaxisname": "Velocity (in mph)",
      "subcaption": "[2005-2016]",
      "rotatelabels": "1",
      "setadaptiveymin": "1",
      "theme": "fusion",
      "exportEnabled": 1,
      "formatNumberScale": 0,
      "showlegend": 1,
      "legendPosition": "bottom",
      "legendAllowDrag": "0",
      "plotHighlightEffect": "fadeout|color=#D5DED9, alpha=50"
    },
    "data": [
      {
        "label": "2005",
        "value": "89.45"
      },
      {
        "label": "2006",
        "value": "89.87"
      },
      {
        "label": "2007",
        "value": "89.64"
      },
      {
        "label": "2008",
        "value": "90.13"
      },
      {
        "label": "2009",
        "value": "90.67"
      },
      {
        "label": "2010",
        "value": "90.54"
      },
      {
        "label": "2011",
        "value": "90.75"
      },
      {
        "label": "2012",
        "value": "90.8"
      },
      {
        "label": "2013",
        "value": "91.16"
      },
      {
        "label": "2014",
        "value": "91.37"
      },
      {
        "label": "2015",
        "value": "91.66"
      },
      {
        "label": "2016",
        "value": "91.8"
      }
    ]
  }
}