{
  "type": "waterfall2d",
  "title": "Ember FusionCharts Sample",
  "width": 600,
  "height": 400,
  "dataFormat": "json",
  "dataSource": {
    "chart": {
      "caption": "TickTock - Profit Analysis",
      "subcaption1": "Last month",
      "sumlabel": "Total {br} Profit",
      "showvalues": "1",
      "theme": "fusion",
      "plottooltext": "$label is <b>$datavalue</b>",
      "exportEnabled": 1,
      "formatNumberScale": 0,
      "showlegend": 1,
      "legendPosition": "bottom",
      "legendAllowDrag": "0",
      "plotHighlightEffect": "fadeout|color=#D5DED9, alpha=50"
    },
    "data": [
      {
        "label": "Online sales",
        "value": "420000"
      },
      {
        "label": "Store Sales",
        "value": "710000"
      },
      {
        "label": "Total Sales",
        "issum": "1"
      },
      {
        "label": "Fixed Costs",
        "value": "-250000"
      },
      {
        "label": "Variable Costs",
        "value": "-156000"
      },
      {
        "label": "COGS",
        "value": "-310000"
      },
      {
        "label": "Ads Costs",
        "value": "-86000"
      },
      {
        "label": "Total Costs",
        "issum": "1",
        "cumulative": "0"
      }
    ]
  }
}