{
  "type": "msstackedcolumn2dlinedy",
  "renderAt": "chart-container",
  "width": "100%",
  "height": "100%",
  "dataFormat": "json",
  "dataSource": {
    "chart": {
      "caption": "Growth Accounting",
      "pyaxisname": "Monthly Active Users [MAU]",
      "syaxisname": "Growth Ratio",
      "numdivlines": "7",
      "adjustdiv": "0",
      "syaxismaxvalue": "5",
      "syaxisminvalue": "-3",
      "yaxisminvalue": "-30",
      "yaxismaxvalue": "30",
      "theme": "fusion",
      "drawcustomlegendicon": "1",
      "plottooltext": "$label, $seriesname: $dataValue",
      "palettecolors": "#A5A5A5,#5EB863,#DD8341",
      "exportEnabled": 1,
      "formatNumberScale": 0,
      "showlegend": 1,
      "legendPosition": "bottom",
      "legendAllowDrag": "0",
      "plotHighlightEffect": "fadeout|color=#D5DED9, alpha=50"
    },
    "categories": [
      {
        "category": [
          {
            "label": "January"
          },
          {
            "label": "February"
          },
          {
            "label": "March"
          },
          {
            "label": "April"
          },
          {
            "label": "May"
          },
          {
            "label": "June"
          }
        ]
      }
    ],
    "dataset": [
      {
        "dataset": [
          {
            "seriesname": "Churned",
            "data": [
              {
                "value": "-8"
              },
              {
                "value": "-7"
              },
              {
                "value": "-5"
              },
              {
                "value": "-21"
              },
              {
                "value": "-23"
              },
              {
                "value": "-15"
              }
            ]
          },
          {
            "seriesname": "New",
            "data": [
              {
                "value": "8"
              },
              {
                "value": "8"
              },
              {
                "value": "22"
              },
              {
                "value": "24"
              },
              {
                "value": "14"
              },
              {
                "value": "4"
              }
            ]
          },
          {
            "seriesname": "Retained",
            "data": [
              {
                "value": "1"
              },
              {
                "value": "1"
              },
              {
                "value": "2"
              },
              {
                "value": "1"
              },
              {
                "value": "1"
              },
              {
                "value": "1"
              }
            ]
          }
        ]
      }
    ],
    "lineset": [
      {
        "seriesname": "Growth Ratio",
        "showvalues": "0",
        "color": "#FDCB50",
        "anchorbgcolor": "#FDCB50",
        "showanchors": "0",
        "data": [
          {
            "value": "1"
          },
          {
            "value": "1"
          },
          {
            "value": "3.2"
          },
          {
            "value": "1.2"
          },
          {
            "value": "0.5"
          },
          {
            "value": "0.2"
          }
        ]
      }
    ]
  }
}