{
  "type": "msstepline",
  "renderAt": "chart-container",
  "width": "100%",
  "height": "100%",
  "dataFormat": "json",
  "dataSource": {
    "chart": {
      "caption": "Postal Rates for First Class Stamp",
      "subcaption": "United States",
      "showhovereffect": "1",
      "drawverticaljoints": "1",
      "useforwardsteps": "0",
      "canvaspadding": "5",
      "plottooltext": "Stamp rate in $label was <b>$datavalue</b>",
      "theme": "fusion",
      "exportEnabled": 1,
      "formatNumberScale": 0,
      "showlegend": 1,
      "legendPosition": "bottom",
      "legendAllowDrag": "0",
      "plotHighlightEffect": "fadeout|color=#D5DED9, alpha=50"
    },
    "categories": [
      {
        "category": [
          {
            "label": "1975"
          },
          {
            "label": "1980"
          },
          {
            "label": "1985"
          },
          {
            "label": "1990"
          },
          {
            "label": "1995"
          },
          {
            "label": "2000"
          },
          {
            "label": "2005"
          },
          {
            "label": "2010"
          },
          {
            "label": "2015"
          }
        ]
      }
    ],
    "dataset": [
      {
        "linethickness": "3",
        "data": [
          {
            "value": ".10"
          },
          {
            "value": ".12"
          },
          {
            "value": ".18"
          },
          {
            "value": ".20"
          },
          {
            "value": ".28"
          },
          {
            "value": ".36"
          },
          {
            "value": ".42"
          },
          {
            "value": ".46"
          },
          {
            "value": ".49"
          }
        ]
      }
    ]
  }
}