{
  "type": "column3d",
  "renderAt": "chart-container",
  "width": "100%",
  "height": "100%",
  "dataFormat": "json",
  "dataSource": {
    "chart": {
      "caption": "Countries with Highest Deforestation Rate",
      "subcaption": "For the year 2017",
      " yaxisname": "Deforested Area{br}(in Hectares)",
      "decimals": "1",
      "theme": "fusion",
      "exportEnabled": 1,
      "formatNumberScale": 0
    },
    "data": [
      {
        "label": "Brazil",
        "value": "1466000"
      },
      {
        "label": "Indonesia",
        "value": "1147800"
      },
      {
        "label": "Russian Federation",
        "value": "532200"
      },
      {
        "label": "Mexico",
        "value": "395000"
      },
      {
        "label": "Papua New Guinea",
        "value": "250200"
      },
      {
        "label": "Peru",
        "value": "224600"
      },
      {
        "label": "U.S.A",
        "value": "215200"
      },
      {
        "label": "Bolivia",
        "value": "135200"
      },
      {
        "label": "Sudan",
        "value": "117807"
      },
      {
        "label": "Nigeria",
        "value": "82000"
      }
    ]
  }
}