{
  "type": "angulargauge",
  "renderAt": "chart-container",
  "width": "100%",
  "height": "100%",
  "dataFormat": "json",
  "dataSource": {
    "chart": {
      "caption": "Pressure",
      "captionontop": "0",
      "origw": "380",
      "origh": "250",
      "gaugestartangle": "135",
      "gaugeendangle": "45",
      "gaugeoriginx": "190",
      "gaugeoriginy": "220",
      "gaugeouterradius": "190",
      "theme": "fusion",
      "showvalue": "1",
      "valuefontsize": "25",
      "exportEnabled": 1,
      "formatNumberScale": 0
    },
    "colorrange": {
      "color": [
        {
          "minvalue": "0",
          "maxvalue": "0.2",
          "code": "#62B58F"
        },
        {
          "minvalue": "0.2",
          "maxvalue": "0.4",
          "code": "#FFC533"
        },
        {
          "minvalue": "0.4",
          "maxvalue": "0.6",
          "code": "#F2726F"
        }
      ]
    },
    "dials": {
      "dial": [
        {
          "value": "0.3",
          "tooltext": "Moderate Pressure"
        }
      ]
    }
  }
}