{
  "width": 600,
  "height": 400,
  "type": "timeseries",
  "dataFormat": null,
  "dataSource": {
    "chart": {
      "exportEnabled": 1,
      "formatNumberScale": 0
    },
    "caption": {
      "text": "Interest Rate Analysis"
    },
    "subcaption": {
      "text": "Federal Reserve (USA)"
    },
    "yaxis": [
      {
        "plot": "Interest Rate",
        "format": {
          "suffix": "%"
        },
        "title": "Interest Rate"
      }
    ],
    "xaxis": {
      "plot": "Time",
      "timemarker": [
        {
          "start": "Jul-1981",
          "end": "Nov-1982",
          "label": "Economic downturn was triggered by {br} tight monetary policy in an effort to {br} fight mounting inflation.",
          "timeformat": "%b-%Y",
          "type": "full"
        },
        {
          "start": "Jul-1990",
          "end": "Mar-1991",
          "label": "This eight month recession period {br} was characterized by a sluggish employment recovery, {br} most commonly referred to as a jobless recovery.",
          "timeformat": "%b-%Y",
          "type": "full"
        },
        {
          "start": "Jun-2004",
          "end": "Jul-2006",
          "label": "The Fed after raising interest rates {br} at 17 consecutive meetings, ends its campaign {br} to slow the economy and forestall inflation.",
          "timeformat": "%b-%Y",
          "type": "full"
        },
        {
          "start": "Dec-2007",
          "end": "Jun-2009",
          "label": "Recession caused by the worst {br} collapse of financial system in recent {br} times.",
          "timeformat": "%b-%Y",
          "type": "full"
        }
      ]
    }
  },
  "appData": [
    [
      "Jan-1980",
      14
    ],
    [
      "Feb-1980",
      20
    ],
    [
      "Mar-1980",
      20
    ],
    [
      "Apr-1980",
      11.5
    ],
    [
      "May-1980",
      11.5
    ],
    [
      "Jun-1980",
      9.75
    ],
    [
      "Jul-1980",
      9.5
    ],
    [
      "Aug-1980",
      10
    ],
    [
      "Sep-1980",
      12
    ],
    [
      "Oct-1980",
      13.75
    ],
    [
      "Nov-1980",
      18
    ],
    [
      "Dec-1980",
      18
    ],
    [
      "Jan-1981",
      16
    ],
    [
      "Feb-1981",
      16
    ],
    [
      "Mar-1981",
      16
    ],
    [
      "Apr-1981",
      16
    ],
    [
      "May-1981",
      20
    ],
    [
      "Jun-1981",
      20
    ],
    [
      "Jul-1981",
      20
    ],
    [
      "Aug-1981",
      20
    ],
    [
      "Sep-1981",
      20
    ],
    [
      "Oct-1981",
      20
    ],
    [
      "Nov-1981",
      13
    ],
    [
      "Dec-1981",
      12
    ],
    [
      "Jan-1982",
      15
    ],
    [
      "Feb-1982",
      15
    ],
    [
      "Mar-1982",
      15
    ],
    [
      "Apr-1982",
      13
    ],
    [
      "May-1982",
      13
    ],
    [
      "Jun-1982",
      13
    ],
    [
      "Jul-1982",
      12
    ],
    [
      "Aug-1982",
      9.5
    ],
    [
      "Sep-1982",
      10
    ],
    [
      "Oct-1982",
      9.5
    ],
    [
      "Nov-1982",
      9
    ],
    [
      "Dec-1982",
      8.5
    ],
    [
      "Jan-1983",
      8.5
    ],
    [
      "Feb-1983",
      8.5
    ],
    [
      "Mar-1983",
      8.5
    ],
    [
      "Apr-1983",
      8.5
    ],
    [
      "May-1983",
      9.63
    ],
    [
      "Jun-1983",
      9.63
    ],
    [
      "Jul-1983",
      9.63
    ],
    [
      "Aug-1983",
      9.5
    ],
    [
      "Sep-1983",
      9.5
    ],
    [
      "Oct-1983",
      9.5
    ],
    [
      "Nov-1983",
      9.5
    ],
    [
      "Dec-1983",
      9.5
    ],
    [
      "Jan-1984",
      9.5
    ],
    [
      "Feb-1984",
      9.5
    ],
    [
      "Mar-1984",
      10.5
    ],
    [
      "Apr-1984",
      10.5
    ],
    [
      "May-1984",
      10.5
    ],
    [
      "Jun-1984",
      11
    ],
    [
      "Jul-1984",
      11.75
    ],
    [
      "Aug-1984",
      11.75
    ],
    [
      "Sep-1984",
      10
    ],
    [
      "Oct-1984",
      10
    ],
    [
      "Nov-1984",
      9
    ],
    [
      "Dec-1984",
      8.25
    ],
    [
      "Jan-1985",
      8.25
    ],
    [
      "Feb-1985",
      9
    ],
    [
      "Mar-1985",
      8.5
    ],
    [
      "Apr-1985",
      8.25
    ],
    [
      "May-1985",
      7.75
    ],
    [
      "Jun-1985",
      7.75
    ],
    [
      "Jul-1985",
      8
    ],
    [
      "Aug-1985",
      8
    ],
    [
      "Sep-1985",
      8
    ],
    [
      "Oct-1985",
      8
    ],
    [
      "Nov-1985",
      8
    ],
    [
      "Dec-1985",
      7.75
    ],
    [
      "Jan-1986",
      7.75
    ],
    [
      "Feb-1986",
      7.75
    ],
    [
      "Mar-1986",
      7.25
    ],
    [
      "Apr-1986",
      6.75
    ],
    [
      "May-1986",
      6.88
    ],
    [
      "Jun-1986",
      6.88
    ],
    [
      "Jul-1986",
      6.38
    ],
    [
      "Aug-1986",
      5.88
    ],
    [
      "Sep-1986",
      5.88
    ],
    [
      "Oct-1986",
      5.88
    ],
    [
      "Nov-1986",
      5.88
    ],
    [
      "Dec-1986",
      6
    ],
    [
      "Jan-1987",
      6
    ],
    [
      "Feb-1987",
      6
    ],
    [
      "Mar-1987",
      6
    ],
    [
      "Apr-1987",
      6.75
    ],
    [
      "May-1987",
      6.75
    ],
    [
      "Jun-1987",
      6.75
    ],
    [
      "Jul-1987",
      6.75
    ],
    [
      "Aug-1987",
      6.75
    ],
    [
      "Sep-1987",
      7.25
    ],
    [
      "Oct-1987",
      6.88
    ],
    [
      "Nov-1987",
      6.88
    ],
    [
      "Dec-1987",
      6.88
    ],
    [
      "Jan-1988",
      6.5
    ],
    [
      "Feb-1988",
      6.5
    ],
    [
      "Mar-1988",
      7.5
    ],
    [
      "Apr-1988",
      7.5
    ],
    [
      "May-1988",
      7.5
    ],
    [
      "Jun-1988",
      7.5
    ],
    [
      "Jul-1988",
      7.75
    ],
    [
      "Aug-1988",
      8.25
    ],
    [
      "Sep-1988",
      8.25
    ],
    [
      "Oct-1988",
      8.25
    ],
    [
      "Nov-1988",
      8.38
    ],
    [
      "Dec-1988",
      8.75
    ],
    [
      "Jan-1989",
      9.38
    ],
    [
      "Feb-1989",
      9.75
    ],
    [
      "Mar-1989",
      9.75
    ],
    [
      "Apr-1989",
      9.75
    ],
    [
      "May-1989",
      9.75
    ],
    [
      "Jun-1989",
      9.63
    ],
    [
      "Jul-1989",
      8.25
    ],
    [
      "Aug-1989",
      8.25
    ],
    [
      "Sep-1989",
      8.25
    ],
    [
      "Oct-1989",
      8.25
    ],
    [
      "Nov-1989",
      8.25
    ],
    [
      "Dec-1989",
      8.25
    ],
    [
      "Jan-1990",
      8.25
    ],
    [
      "Feb-1990",
      8.25
    ],
    [
      "Mar-1990",
      8.25
    ],
    [
      "Apr-1990",
      8.25
    ],
    [
      "May-1990",
      8.25
    ],
    [
      "Jun-1990",
      8.25
    ],
    [
      "Jul-1990",
      8
    ],
    [
      "Aug-1990",
      8
    ],
    [
      "Sep-1990",
      8
    ],
    [
      "Oct-1990",
      7.75
    ],
    [
      "Nov-1990",
      7.5
    ],
    [
      "Dec-1990",
      7
    ],
    [
      "Jan-1991",
      6.75
    ],
    [
      "Feb-1991",
      6.25
    ],
    [
      "Mar-1991",
      6
    ],
    [
      "Apr-1991",
      5.75
    ],
    [
      "May-1991",
      5.75
    ],
    [
      "Jun-1991",
      5.75
    ],
    [
      "Jul-1991",
      5.75
    ],
    [
      "Aug-1991",
      5.5
    ],
    [
      "Sep-1991",
      5.25
    ],
    [
      "Oct-1991",
      5
    ],
    [
      "Nov-1991",
      4.75
    ],
    [
      "Dec-1991",
      4
    ],
    [
      "Jan-1992",
      4
    ],
    [
      "Feb-1992",
      4
    ],
    [
      "Mar-1992",
      4
    ],
    [
      "Apr-1992",
      3.75
    ],
    [
      "May-1992",
      3.75
    ],
    [
      "Jun-1992",
      3.75
    ],
    [
      "Jul-1992",
      3.25
    ],
    [
      "Aug-1992",
      3.25
    ],
    [
      "Sep-1992",
      3
    ],
    [
      "Oct-1992",
      3
    ],
    [
      "Nov-1992",
      3
    ],
    [
      "Dec-1992",
      3
    ],
    [
      "Jan-1993",
      3
    ],
    [
      "Feb-1993",
      3
    ],
    [
      "Mar-1993",
      3
    ],
    [
      "Apr-1993",
      3
    ],
    [
      "May-1993",
      3
    ],
    [
      "Jun-1993",
      3
    ],
    [
      "Jul-1993",
      3
    ],
    [
      "Aug-1993",
      3
    ],
    [
      "Sep-1993",
      3
    ],
    [
      "Oct-1993",
      3
    ],
    [
      "Nov-1993",
      3
    ],
    [
      "Dec-1993",
      3
    ],
    [
      "Jan-1994",
      3
    ],
    [
      "Feb-1994",
      3.25
    ],
    [
      "Mar-1994",
      3.5
    ],
    [
      "Apr-1994",
      3.75
    ],
    [
      "May-1994",
      4.25
    ],
    [
      "Jun-1994",
      4.25
    ],
    [
      "Jul-1994",
      4.25
    ],
    [
      "Aug-1994",
      4.75
    ],
    [
      "Sep-1994",
      4.75
    ],
    [
      "Oct-1994",
      4.75
    ],
    [
      "Nov-1994",
      5.5
    ],
    [
      "Dec-1994",
      5.5
    ],
    [
      "Jan-1995",
      5.5
    ],
    [
      "Feb-1995",
      6
    ],
    [
      "Mar-1995",
      6
    ],
    [
      "Apr-1995",
      6
    ],
    [
      "May-1995",
      6
    ],
    [
      "Jun-1995",
      6
    ],
    [
      "Jul-1995",
      5.75
    ],
    [
      "Aug-1995",
      5.75
    ],
    [
      "Sep-1995",
      5.75
    ],
    [
      "Oct-1995",
      5.75
    ],
    [
      "Nov-1995",
      5.75
    ],
    [
      "Dec-1995",
      5.5
    ],
    [
      "Jan-1996",
      5.25
    ],
    [
      "Feb-1996",
      5.25
    ],
    [
      "Mar-1996",
      5.25
    ],
    [
      "Apr-1996",
      5.25
    ],
    [
      "May-1996",
      5.25
    ],
    [
      "Jun-1996",
      5.25
    ],
    [
      "Jul-1996",
      5.25
    ],
    [
      "Aug-1996",
      5.25
    ],
    [
      "Sep-1996",
      5.25
    ],
    [
      "Oct-1996",
      5.25
    ],
    [
      "Nov-1996",
      5.25
    ],
    [
      "Dec-1996",
      5.25
    ],
    [
      "Jan-1997",
      5.25
    ],
    [
      "Feb-1997",
      5.25
    ],
    [
      "Mar-1997",
      5.5
    ],
    [
      "Apr-1997",
      5.5
    ],
    [
      "May-1997",
      5.5
    ],
    [
      "Jun-1997",
      5.5
    ],
    [
      "Jul-1997",
      5.5
    ],
    [
      "Aug-1997",
      5.5
    ],
    [
      "Sep-1997",
      5.5
    ],
    [
      "Oct-1997",
      5.5
    ],
    [
      "Nov-1997",
      5.5
    ],
    [
      "Dec-1997",
      5.5
    ],
    [
      "Jan-1998",
      5.5
    ],
    [
      "Feb-1998",
      5.5
    ],
    [
      "Mar-1998",
      5.5
    ],
    [
      "Apr-1998",
      5.5
    ],
    [
      "May-1998",
      5.5
    ],
    [
      "Jun-1998",
      5.5
    ],
    [
      "Jul-1998",
      5.5
    ],
    [
      "Aug-1998",
      5.5
    ],
    [
      "Sep-1998",
      5.25
    ],
    [
      "Oct-1998",
      5
    ],
    [
      "Nov-1998",
      4.75
    ],
    [
      "Dec-1998",
      4.75
    ],
    [
      "Jan-1999",
      4.75
    ],
    [
      "Feb-1999",
      4.75
    ],
    [
      "Mar-1999",
      4.75
    ],
    [
      "Apr-1999",
      4.75
    ],
    [
      "May-1999",
      4.75
    ],
    [
      "Jun-1999",
      5
    ],
    [
      "Jul-1999",
      5
    ],
    [
      "Aug-1999",
      5.25
    ],
    [
      "Sep-1999",
      5.25
    ],
    [
      "Oct-1999",
      5.25
    ],
    [
      "Nov-1999",
      5.5
    ],
    [
      "Dec-1999",
      5.5
    ],
    [
      "Jan-2000",
      5.5
    ],
    [
      "Feb-2000",
      5.75
    ],
    [
      "Mar-2000",
      6
    ],
    [
      "Apr-2000",
      6
    ],
    [
      "May-2000",
      6.5
    ],
    [
      "Jun-2000",
      6.5
    ],
    [
      "Jul-2000",
      6.5
    ],
    [
      "Aug-2000",
      6.5
    ],
    [
      "Sep-2000",
      6.5
    ],
    [
      "Oct-2000",
      6.5
    ],
    [
      "Nov-2000",
      6.5
    ],
    [
      "Dec-2000",
      6.5
    ],
    [
      "Jan-2001",
      5.5
    ],
    [
      "Feb-2001",
      5.5
    ],
    [
      "Mar-2001",
      5
    ],
    [
      "Apr-2001",
      4.5
    ],
    [
      "May-2001",
      4
    ],
    [
      "Jun-2001",
      3.75
    ],
    [
      "Jul-2001",
      3.75
    ],
    [
      "Aug-2001",
      3.5
    ],
    [
      "Sep-2001",
      3
    ],
    [
      "Oct-2001",
      2.5
    ],
    [
      "Nov-2001",
      2
    ],
    [
      "Dec-2001",
      1.75
    ],
    [
      "Jan-2002",
      1.75
    ],
    [
      "Feb-2002",
      1.75
    ],
    [
      "Mar-2002",
      1.75
    ],
    [
      "Apr-2002",
      1.75
    ],
    [
      "May-2002",
      1.75
    ],
    [
      "Jun-2002",
      1.75
    ],
    [
      "Jul-2002",
      1.75
    ],
    [
      "Aug-2002",
      1.75
    ],
    [
      "Sep-2002",
      1.75
    ],
    [
      "Oct-2002",
      1.75
    ],
    [
      "Nov-2002",
      1.25
    ],
    [
      "Dec-2002",
      1.25
    ],
    [
      "Jan-2003",
      1.25
    ],
    [
      "Feb-2003",
      1.25
    ],
    [
      "Mar-2003",
      1.25
    ],
    [
      "Apr-2003",
      1.25
    ],
    [
      "May-2003",
      1.25
    ],
    [
      "Jun-2003",
      1
    ],
    [
      "Jul-2003",
      1
    ],
    [
      "Aug-2003",
      1
    ],
    [
      "Sep-2003",
      1
    ],
    [
      "Oct-2003",
      1
    ],
    [
      "Nov-2003",
      1
    ],
    [
      "Dec-2003",
      1
    ],
    [
      "Jan-2004",
      1
    ],
    [
      "Feb-2004",
      1
    ],
    [
      "Mar-2004",
      1
    ],
    [
      "Apr-2004",
      1
    ],
    [
      "May-2004",
      1
    ],
    [
      "Jun-2004",
      1.25
    ],
    [
      "Jul-2004",
      1.25
    ],
    [
      "Aug-2004",
      1.5
    ],
    [
      "Sep-2004",
      1.75
    ],
    [
      "Oct-2004",
      1.75
    ],
    [
      "Nov-2004",
      2
    ],
    [
      "Dec-2004",
      2.25
    ],
    [
      "Jan-2005",
      2.25
    ],
    [
      "Feb-2005",
      2.5
    ],
    [
      "Mar-2005",
      2.75
    ],
    [
      "Apr-2005",
      2.75
    ],
    [
      "May-2005",
      3
    ],
    [
      "Jun-2005",
      3.25
    ],
    [
      "Jul-2005",
      3.25
    ],
    [
      "Aug-2005",
      3.5
    ],
    [
      "Sep-2005",
      3.75
    ],
    [
      "Oct-2005",
      3.75
    ],
    [
      "Nov-2005",
      4
    ],
    [
      "Dec-2005",
      4.25
    ],
    [
      "Jan-2006",
      4.5
    ],
    [
      "Feb-2006",
      4.5
    ],
    [
      "Mar-2006",
      4.75
    ],
    [
      "Apr-2006",
      4.75
    ],
    [
      "May-2006",
      5
    ],
    [
      "Jun-2006",
      5.25
    ],
    [
      "Jul-2006",
      5.25
    ],
    [
      "Aug-2006",
      5.25
    ],
    [
      "Sep-2006",
      5.25
    ],
    [
      "Oct-2006",
      5.25
    ],
    [
      "Nov-2006",
      5.25
    ],
    [
      "Dec-2006",
      5.25
    ],
    [
      "Jan-2007",
      5.25
    ],
    [
      "Feb-2007",
      5.25
    ],
    [
      "Mar-2007",
      5.25
    ],
    [
      "Apr-2007",
      5.25
    ],
    [
      "May-2007",
      5.25
    ],
    [
      "Jun-2007",
      5.25
    ],
    [
      "Jul-2007",
      5.25
    ],
    [
      "Aug-2007",
      5.25
    ],
    [
      "Sep-2007",
      4.75
    ],
    [
      "Oct-2007",
      4.5
    ],
    [
      "Nov-2007",
      4.5
    ],
    [
      "Dec-2007",
      4.25
    ],
    [
      "Jan-2008",
      3
    ],
    [
      "Feb-2008",
      3
    ],
    [
      "Mar-2008",
      2.25
    ],
    [
      "Apr-2008",
      2
    ],
    [
      "May-2008",
      2
    ],
    [
      "Jun-2008",
      2
    ],
    [
      "Jul-2008",
      2
    ],
    [
      "Aug-2008",
      2
    ],
    [
      "Sep-2008",
      2
    ],
    [
      "Oct-2008",
      1
    ],
    [
      "Nov-2008",
      1
    ],
    [
      "Dec-2008",
      0.125
    ],
    [
      "Jan-2009",
      0.125
    ],
    [
      "Feb-2009",
      0.125
    ],
    [
      "Mar-2009",
      0.125
    ],
    [
      "Apr-2009",
      0.125
    ],
    [
      "May-2009",
      0.125
    ],
    [
      "Jun-2009",
      0.125
    ],
    [
      "Jul-2009",
      0.125
    ],
    [
      "Aug-2009",
      0.125
    ],
    [
      "Sep-2009",
      0.125
    ],
    [
      "Oct-2009",
      0.125
    ],
    [
      "Nov-2009",
      0.125
    ],
    [
      "Dec-2009",
      0.125
    ],
    [
      "Jan-2010",
      0.125
    ],
    [
      "Feb-2010",
      0.125
    ],
    [
      "Mar-2010",
      0.125
    ],
    [
      "Apr-2010",
      0.125
    ],
    [
      "May-2010",
      0.125
    ],
    [
      "Jun-2010",
      0.125
    ],
    [
      "Jul-2010",
      0.125
    ],
    [
      "Aug-2010",
      0.125
    ],
    [
      "Sep-2010",
      0.125
    ],
    [
      "Oct-2010",
      0.125
    ],
    [
      "Nov-2010",
      0.125
    ],
    [
      "Dec-2010",
      0.125
    ],
    [
      "Jan-2011",
      0.125
    ],
    [
      "Feb-2011",
      0.125
    ],
    [
      "Mar-2011",
      0.125
    ],
    [
      "Apr-2011",
      0.125
    ],
    [
      "May-2011",
      0.125
    ],
    [
      "Jun-2011",
      0.125
    ],
    [
      "Jul-2011",
      0.125
    ],
    [
      "Aug-2011",
      0.125
    ],
    [
      "Sep-2011",
      0.125
    ],
    [
      "Oct-2011",
      0.125
    ]
  ],
  "appSchema": [
    {
      "name": "Time",
      "type": "date",
      "format": "%b-%Y"
    },
    {
      "name": "Interest Rate",
      "type": "number"
    }
  ]
}