{
  "type": "stackedcolumn3d",
  "renderAt": "chart-container",
  "width": "100%",
  "height": "100%",
  "dataFormat": "json",
  "dataSource": {
    "chart": {
      "caption": "Total Sales by Products",
      "subcaption": "ACME Inc.",
      "numberprefix": "$",
      "numbersuffix": "M",
      "showvalues": "0",
      "showsum": "1",
      "legendbgalpha": "0",
      "plottooltext": "Type: $label{br}<b>Location: $seriesName</b>{br}Sales: $dataValue</div>",
      "stack100percent": "1",
      "theme": "fusion",
      "exportEnabled": 1,
      "formatNumberScale": 0
    },
    "categories": [
      {
        "category": [
          {
            "label": "Hardware"
          },
          {
            "label": "Software"
          },
          {
            "label": "Services"
          }
        ]
      }
    ],
    "dataset": [
      {
        "seriesname": "West",
        "data": [
          {
            "value": "4.5"
          },
          {
            "value": "2.8"
          },
          {
            "value": "5"
          }
        ]
      },
      {
        "seriesname": "Central",
        "data": [
          {
            "value": "6"
          },
          {
            "value": "3"
          },
          {
            "value": "1"
          }
        ]
      },
      {
        "seriesname": "East",
        "data": [
          {
            "value": "2.5"
          },
          {
            "value": "4.4"
          },
          {
            "value": "2"
          }
        ]
      }
    ]
  }
}