{
  "type": "timeseries",
  "renderAt": "container",
  "width": "100%",
  "height": 1000,
  "dataSource": {
    "data": {},
    "chart": {
      "exportEnabled": 1
    },
    "caption": {
      "text": "Online Sales of a SuperStore in the US"
    },
    "yAxis": {
      "plot": {
        "value": "Sales",
        "type": "line"
      }
    }
  },
  "appData": [],
  "appSchema": [
    {
      "name": "Time",
      "type": "date",
      "format": "%-m/%-d/%Y"
    },
    {
      "name": "Sales",
      "type": "number"
    }
  ]
}