{
  "type": "candlestick",
  "renderAt": "chart-container",
  "width": "100%",
  "height": "100%",
  "dataFormat": "json",
  "dataSource": {
    "chart": {
      "caption": "Candlestick",
      "subCaption": "SAMPLE(Last 2 months)",
      "formatNumberScale": 0,
      "showlegend": 1,
      "legendPosition": "bottom",
      "legendAllowDrag": "0",
      "plotHighlightEffect": "fadeout|color=#D5DED9, alpha=50",
      "pyaxisname": "Price",
      "vyaxisname": "Volume (In Millions)",
      "exportEnabled": 1,
      "theme": "fusion"
    },
    "categories": [
      {
        "category": [
          {
            "label": "2 month ago",
            "x": "1"
          },
          {
            "label": "1 month ago",
            "x": "31"
          },
          {
            "label": "Today",
            "x": "60"
          }
        ]
      }
    ],
    "dataset": [
      {
        "data": [
          {
            "open": "18.74",
            "high": "19.16",
            "low": "18.67 ",
            "close": "18.99",
            "x": "1",
            "volume": "4991285"
          },
          {
            "open": "18.74",
            "high": "19.06",
            "low": "18.54",
            "close": "18.82",
            "x": "2",
            "volume": "3615889"
          },
          {
            "open": "19.21",
            "high": "19.3",
            "low": "18.59 ",
            "close": "18.65",
            "x": "3",
            "volume": "4749586"
          },
          {
            "open": "19.85",
            "high": "19.86",
            "low": "19.12",
            "close": "19.4",
            "x": "4",
            "volume": "4366740"
          },
          {
            "open": "20.19",
            "high": "20.21",
            "low": "19.57",
            "close": "19.92",
            "x": "5",
            "volume": "3982709"
          },
          {
            "open": "20.47",
            "high": "20.64",
            "low": "20.15",
            "close": "20.16",
            "x": "6",
            "volume": "2289403"
          },
          {
            "open": "20.36",
            "high": "20.52",
            "low": "20.29",
            "close": "20.48",
            "x": "7",
            "volume": "1950919"
          },
          {
            "open": "20.21",
            "high": "20.25",
            "low": "19.91",
            "close": "20.15",
            "x": "8",
            "volume": "2391070"
          },
          {
            "open": "19.46",
            "high": "20.54",
            "low": "19.46",
            "close": "20.22",
            "x": "9",
            "volume": "4548422"
          },
          {
            "open": "19.24",
            "high": "19.5",
            "low": "19.13",
            "close": "19.44",
            "x": "10",
            "volume": "1889811"
          },
          {
            "open": "19.25",
            "high": "19.41",
            "low": "18.99",
            "close": "19.22",
            "x": "11",
            "volume": "2543355"
          },
          {
            "open": "18.85",
            "high": "19.45",
            "low": "18.8",
            "close": "19.24",
            "x": "12",
            "volume": "2134393"
          },
          {
            "open": "18.97",
            "high": "19.01",
            "low": "18.68",
            "close": "18.95",
            "x": "13",
            "volume": "1740852"
          },
          {
            "open": "18.69",
            "high": "19",
            "low": "18.35",
            "close": "18.97",
            "x": "14",
            "volume": "2701392"
          },
          {
            "open": "19.02",
            "high": "19.1",
            "low": "18.68",
            "close": "18.7",
            "x": "15",
            "volume": "2198755"
          },
          {
            "open": "19.29",
            "high": "19.38",
            "low": "18.88",
            "close": "19.05",
            "x": "16",
            "volume": "2464958"
          },
          {
            "open": "18.64",
            "high": "19.35",
            "low": "18.53",
            "close": "19.33",
            "x": "17",
            "volume": "2962994"
          },
          {
            "open": "18.14",
            "high": "18.58",
            "low": "18.08",
            "close": "18.52",
            "x": "18",
            "volume": "1964932"
          },
          {
            "open": "18.49",
            "high": "18.92",
            "low": "18.19",
            "close": "18.26",
            "x": "19",
            "volume": "3013102"
          },
          {
            "open": "18.71",
            "high": "18.84",
            "low": "18",
            "close": "18.51",
            "x": "20",
            "volume": "4435894"
          },
          {
            "open": "19.17",
            "high": "19.35",
            "low": "18.61",
            "close": "18.66",
            "x": "21",
            "volume": "3245851"
          },
          {
            "open": "19.12",
            "high": "19.41",
            "low": "18.92",
            "close": "19.2",
            "x": "22",
            "volume": "2259792"
          },
          {
            "open": "19.43",
            "high": "19.58",
            "low": "19.16",
            "close": "19.33",
            "x": "23",
            "volume": "3531327"
          },
          {
            "open": "19.72",
            "high": "19.81",
            "low": "19.04",
            "close": "19.27",
            "x": "24",
            "volume": "5834733"
          },
          {
            "open": "19.7",
            "high": "19.94",
            "low": "19.49",
            "close": "19.77",
            "x": "25",
            "volume": "2009987"
          },
          {
            "open": "19.84",
            "high": "19.98",
            "low": "19.39",
            "close": "19.88",
            "x": "26",
            "volume": "2767592"
          },
          {
            "open": "20.71",
            "high": "20.73",
            "low": "19.16",
            "close": "19.63",
            "x": "27",
            "volume": "673358"
          },
          {
            "open": "21.14",
            "high": "21.14",
            "low": "20.55",
            "close": "20.65",
            "x": "28",
            "volume": "3164006"
          },
          {
            "open": "21.5",
            "high": "21.86",
            "low": "21.2",
            "close": "21.33",
            "x": "29",
            "volume": "7986466"
          },
          {
            "open": "20.45",
            "high": "21.08",
            "low": "20.1",
            "close": "20.56",
            "x": "30",
            "volume": "5813040"
          }
        ]
      }
    ]
  }
}