{
  "type": "hbullet",
  "renderAt": "chart-container",
  "width": "100%",
  "height": "100%",
  "dataFormat": "json",
  "dataSource": {
    "chart": {
      "caption": "Website downloads for 2017",
      "subcaption": "Actual vs Target",
      "theme": "fusion",
      "plottooltext": "Downloaded $datavalue times against a target of $targetDataValue",
      "exportEnabled": 1,
      "formatNumberScale": 0,
      "showlegend": 1,
      "legendPosition": "bottom",
      "legendAllowDrag": "0",
      "plotHighlightEffect": "fadeout|color=#D5DED9, alpha=50"
    },
    "colorrange": {
      "color": [
        {
          "minvalue": "0",
          "maxvalue": "50",
          "code": "#F2726F"
        },
        {
          "minvalue": "50",
          "maxvalue": "75",
          "code": "#FFC533"
        },
        {
          "minvalue": "75",
          "maxvalue": "100",
          "code": "#62B58F"
        }
      ]
    },
    "value": "90",
    "target": "95"
  }
}