{
  "type": "sparkwinloss",
  "renderAt": "chart-container",
  "width": "100%",
  "height": "100%",
  "dataFormat": "json",
  "dataSource": {
    "chart": {
      "caption": "Stats for Germany (FIFA)",
      "subcaption": "(1990-2014)",
      "charttopmargin": "10",
      "theme": "fusion",
      "exportEnabled": 1,
      "formatNumberScale": 0,
      "showlegend": 1,
      "legendPosition": "bottom",
      "legendAllowDrag": "0",
      "plotHighlightEffect": "fadeout|color=#D5DED9, alpha=50"
    },
    "dataset": [
      {
        "data": [
          {
            "value": "W"
          },
          {
            "value": "W"
          },
          {
            "value": "D"
          },
          {
            "value": "W"
          },
          {
            "value": "W"
          },
          {
            "value": "W"
          },
          {
            "value": "D"
          },
          {
            "value": "D"
          },
          {
            "value": "W"
          },
          {
            "value": "W"
          },
          {
            "value": "W"
          },
          {
            "value": "D"
          },
          {
            "value": "W"
          },
          {
            "value": "L"
          },
          {
            "value": "D"
          },
          {
            "value": "W"
          },
          {
            "value": "W"
          },
          {
            "value": "W"
          },
          {
            "value": "W"
          },
          {
            "value": "D"
          },
          {
            "value": "D"
          },
          {
            "value": "L"
          },
          {
            "value": "D"
          },
          {
            "value": "L"
          },
          {
            "value": "W"
          },
          {
            "value": "L"
          },
          {
            "value": "w"
          },
          {
            "value": "D"
          },
          {
            "value": "W"
          },
          {
            "value": "D"
          },
          {
            "value": "W"
          },
          {
            "value": "W"
          },
          {
            "value": "L"
          },
          {
            "value": "W"
          },
          {
            "value": "D"
          },
          {
            "value": "W"
          }
        ]
      }
    ]
  }
}