{
  "type": "bulb",
  "renderAt": "chart-container",
  "width": "100%",
  "height": "100%",
  "dataFormat": "json",
  "dataSource": {
    "chart": {
      "caption": "RAM Overload Indicator",
      "upperlimit": "0",
      "lowerlimit": "25",
      "usecolornameasvalue": "1",
      "placevaluesinside": "1",
      "valuefontsize": "20",
      "plottooltext": "$value Apps Running",
      "theme": "fusion",
      "exportEnabled": 1,
      "formatNumberScale": 0,
      "showlegend": 1,
      "legendPosition": "bottom",
      "legendAllowDrag": "0",
      "plotHighlightEffect": "fadeout|color=#D5DED9, alpha=50"
    },
    "colorrange": {
      "color": [
        {
          "minvalue": "0",
          "maxvalue": "10",
          "label": "Under",
          "code": "#62B58F"
        },
        {
          "minvalue": "10",
          "maxvalue": "20",
          "label": "Moderate",
          "code": "#FFC533"
        },
        {
          "minvalue": "20",
          "maxvalue": "25",
          "label": "High",
          "code": "#F2726F"
        }
      ]
    },
    "value": "9"
  }
}