{
  "type": "errorbar2d",
  "title": "Ember FusionCharts Sample",
  "width": 600,
  "height": 400,
  "dataFormat": "json",
  "dataSource": {
    "chart": {
      "caption": "Life Span of key systems - Top 3 stores",
      "subcaption": "(With Error Values)",
      "numbersuffix": " Years",
      "yaxisname": "Life Span (years)",
      "theme": "fusion",
      "plottooltext": "Life span of $label in $seriesName is <b>$dataValue</b>",
      "exportEnabled": 1,
      "formatNumberScale": 0,
      "showlegend": 1,
      "legendPosition": "bottom",
      "legendAllowDrag": "0",
      "plotHighlightEffect": "fadeout|color=#D5DED9, alpha=50"
    },
    "categories": [
      {
        "category": [
          {
            "label": "Central AC"
          },
          {
            "label": "Computers"
          },
          {
            "label": "Bar-code Scanners"
          },
          {
            "label": "Packaging Machines"
          },
          {
            "label": "Chilling Compartments"
          }
        ]
      }
    ],
    "dataset": [
      {
        "seriesname": "Daly City Serramonte",
        "data": [
          {
            "value": "8",
            "errorvalue": "2"
          },
          {
            "value": "3",
            "errorvalue": "0.5"
          },
          {
            "value": "2",
            "errorvalue": "1"
          },
          {
            "value": "6",
            "errorvalue": "1.8"
          },
          {
            "value": "8",
            "errorvalue": "1.2"
          }
        ]
      },
      {
        "seriesname": "Bakersfield Central",
        "data": [
          {
            "value": "7",
            "errorvalue": "1"
          },
          {
            "value": "4",
            "errorvalue": "0.5"
          },
          {
            "value": "2",
            "errorvalue": "1"
          },
          {
            "value": "4",
            "errorvalue": "0.8"
          },
          {
            "value": "7",
            "errorvalue": "1"
          }
        ]
      },
      {
        "seriesname": "Garden Groove harbour",
        "data": [
          {
            "value": "9",
            "errorvalue": "2"
          },
          {
            "value": "3",
            "errorvalue": "0.7"
          },
          {
            "value": "3",
            "errorvalue": "1"
          },
          {
            "value": "6",
            "errorvalue": "1.8"
          },
          {
            "value": "7",
            "errorvalue": "1.2"
          }
        ]
      }
    ]
  }
}