{
  "type": "marimekko",
  "renderAt": "chart-container",
  "width": "100%",
  "height": "100%",
  "dataFormat": "json",
  "dataSource": {
    "chart": {
      "caption": "Browser Install Statistics",
      "yaxisname": "Global Installs",
      "stack100percent": "0",
      "theme": "fusion",
      "yaxismaxvalue": "",
      "decimals": "1",
      "drawcrossline": "0",
      "exportEnabled": 1,
      "formatNumberScale": 0,
      "showlegend": 1,
      "legendPosition": "bottom",
      "legendAllowDrag": "0",
      "plotHighlightEffect": "fadeout|color=#D5DED9, alpha=50"
    },
    "categories": [
      {
        "category": [
          {
            "label": "Chrome"
          },
          {
            "label": "Mozilla"
          },
          {
            "label": "IE"
          },
          {
            "label": "Safari"
          }
        ]
      }
    ],
    "dataset": [
      {
        "seriesname": "USA",
        "data": [
          {
            "value": 61600000
          },
          {
            "value": 39800000
          },
          {
            "value": 16000000
          },
          {
            "value": 8000000
          }
        ]
      },
      {
        "seriesname": "Europe",
        "data": [
          {
            "value": 63000000
          },
          {
            "value": 43800000
          },
          {
            "value": 17000000
          },
          {
            "value": 8380000
          }
        ]
      },
      {
        "seriesname": "Rest of the world",
        "data": [
          {
            "value": 62000000
          },
          {
            "value": 48593000
          },
          {
            "value": 18000000
          },
          {
            "value": 5576900
          }
        ]
      }
    ]
  }
}