{
  "type": "pie3d",
  "renderAt": "chart-container",
  "width": "100%",
  "height": "100%",
  "dataFormat": "json",
  "dataSource": {
    "chart": {
      "caption": "Recommended Portfolio Split",
      "subcaption": "For a net-worth of $1M",
      "showvalues": "1",
      "showpercentintooltip": "0",
      "numberprefix": "$",
      "enablemultislicing": "1",
      "theme": "fusion",
      "exportEnabled": 1,
      "formatNumberScale": 0
    },
    "data": [
      {
        "label": "Equity",
        "value": "300000"
      },
      {
        "label": "Debt",
        "value": "230000"
      },
      {
        "label": "Bullion",
        "value": "180000"
      },
      {
        "label": "Real-estate",
        "value": "270000"
      },
      {
        "label": "Insurance",
        "value": "20000"
      }
    ]
  }
}