{
  "type": "stackedcolumn2dline",
  "renderAt": "chart-container",
  "width": 1000,
  "height": "600",
  "dataFormat": "json",
  "dataSource": {
    "chart": {
      "drawAnchors": 1,
      "showvalues": 1,
      "minPlotHeightForValue": 10,
      "valueFontColor": "#000",
      "formatNumberScale": 0,
      "showlegend": 1,
      "legendPosition": "bottom",
      "caption": "Apple's Revenue & Profit",
      "subcaption": "(2013-2016)",
      "plottooltext": "Sales of $seriesName in $label was <b>$dataValue</b>",
      "xaxisname": "X-axis title",
      "labelDisplay": "AUTO",
      "yaxisname": "$ (In billions)",
      "exportEnabled": "1",
      "showhovereffect": "0",
      "showsum": "0",
      "theme": "fusion",
      "linethickness": 5
    },
    "categories": [],
    "dataset": []
  }
}