{
  "type": "dragcolumn2d",
  "renderAt": "chart-container",
  "width": "600",
  "height": "450",
  "dataFormat": "json",
  "dataSource": {
    "chart": {
      "caption": "Android and iOS Devices Sales Projections",
      "subCaption": "Drag the top of columns to adjust projections for 2017 & 2018",
      "yaxismaxvalue": "200",
      "theme": "fusion",
      "plotToolText": "<b>$label</b><br>$seriesName: <b>$dataValue</b>",
      "exportEnabled": 1,
      "formatNumberScale": 0,
      "showlegend": 1,
      "legendPosition": "bottom",
      "legendAllowDrag": "0",
      "plotHighlightEffect": "fadeout|color=#D5DED9, alpha=50"
    },
    "categories": [
      {
        "category": [
          {
            "label": "2014",
            "fontItalic": "0"
          },
          {
            "label": "2015",
            "fontItalic": "0"
          },
          {
            "label": "2016",
            "fontItalic": "0"
          },
          {
            "label": "2017 (Projected)"
          },
          {
            "label": "2018 (Projected)"
          }
        ]
      }
    ],
    "dataset": [
      {
        "seriesname": "Android Devices",
        "data": [
          {
            "value": "73",
            "alpha": "100",
            "allowDrag": "0"
          },
          {
            "value": "80",
            "alpha": "100",
            "allowDrag": "0"
          },
          {
            "value": "97",
            "alpha": "100",
            "allowDrag": "0"
          },
          {
            "value": "110",
            "toolText": "<b>$label</b><br>$seriesName: <b>$dataValue</b>"
          },
          {
            "value": "180",
            "toolText": "<b>$label</b><br>$seriesName: <b>$dataValue</b>"
          }
        ]
      },
      {
        "seriesname": "iOS Devices",
        "data": [
          {
            "value": "63.2",
            "alpha": "100",
            "allowDrag": "0"
          },
          {
            "value": "68",
            "alpha": "100",
            "allowDrag": "0"
          },
          {
            "value": "82",
            "alpha": "100",
            "allowDrag": "0"
          },
          {
            "value": "99",
            "toolText": "<b>$label</b><br>$seriesName: <b>$dataValue</b>"
          },
          {
            "value": "150",
            "toolText": "<b>$label</b><br>$seriesName: <b>$dataValue</b>"
          }
        ]
      }
    ]
  }
}