{
  "width": 600,
  "height": 400,
  "type": "timeseries",
  "dataFormat": null,
  "dataSource": {
    "chart": {
      "exportEnabled": 1,
      "formatNumberScale": 0,
      "showlegend": 0,
      "theme": "fusion"
    },
    "caption": {
      "text": "Daily Visitors Count of a Website"
    },
    "subcaption": {
      "text": "Time format on x-axis (time axis) has been customized"
    },
    "yaxis": [
      {
        "plot": {
          "value": "Daily Visitors",
          "type": "column"
        },
        "format": {
          "suffix": "k"
        },
        "title": "Daily Visitors Count"
      }
    ],
    "xaxis": {
      "outputtimeformat": {
        "month": "%b'%y (%q)",
        "day": "%d/%m (%a)"
      }
    }
  },
  "appData": [
    [
      "2016-01-01",
      5
    ],
    [
      "2016-01-02",
      90
    ],
    [
      "2016-01-03",
      19
    ],
    [
      "2016-01-04",
      74
    ],
    [
      "2016-01-05",
      81
    ],
    [
      "2016-01-06",
      48
    ],
    [
      "2016-01-07",
      60
    ],
    [
      "2016-01-08",
      18
    ],
    [
      "2016-01-09",
      36
    ],
    [
      "2016-01-10",
      53
    ],
    [
      "2016-01-11",
      15
    ],
    [
      "2016-01-12",
      34
    ],
    [
      "2016-01-13",
      71
    ],
    [
      "2016-01-14",
      47
    ],
    [
      "2016-01-15",
      35
    ],
    [
      "2016-01-16",
      99
    ],
    [
      "2016-01-17",
      79
    ],
    [
      "2016-01-18",
      25
    ],
    [
      "2016-01-19",
      14
    ],
    [
      "2016-01-20",
      16
    ],
    [
      "2016-01-21",
      79
    ],
    [
      "2016-01-22",
      15
    ],
    [
      "2016-01-23",
      94
    ],
    [
      "2016-01-24",
      77
    ],
    [
      "2016-01-25",
      38
    ],
    [
      "2016-01-26",
      17
    ],
    [
      "2016-01-27",
      24
    ],
    [
      "2016-01-28",
      53
    ],
    [
      "2016-01-29",
      52
    ],
    [
      "2016-01-30",
      76
    ],
    [
      "2016-01-31",
      86
    ],
    [
      "2016-02-01",
      71
    ],
    [
      "2016-02-02",
      84
    ],
    [
      "2016-02-03",
      3
    ],
    [
      "2016-02-04",
      86
    ],
    [
      "2016-02-05",
      86
    ],
    [
      "2016-02-06",
      93
    ],
    [
      "2016-02-07",
      66
    ],
    [
      "2016-02-08",
      18
    ],
    [
      "2016-02-09",
      95
    ],
    [
      "2016-02-10",
      21
    ],
    [
      "2016-02-11",
      19
    ],
    [
      "2016-02-12",
      28
    ],
    [
      "2016-02-13",
      36
    ],
    [
      "2016-02-14",
      95
    ],
    [
      "2016-02-15",
      83
    ],
    [
      "2016-02-16",
      43
    ],
    [
      "2016-02-17",
      19
    ],
    [
      "2016-02-18",
      46
    ],
    [
      "2016-02-19",
      75
    ],
    [
      "2016-02-20",
      61
    ],
    [
      "2016-02-21",
      54
    ],
    [
      "2016-02-22",
      96
    ],
    [
      "2016-02-23",
      56
    ],
    [
      "2016-02-24",
      78
    ],
    [
      "2016-02-25",
      32
    ],
    [
      "2016-02-26",
      39
    ],
    [
      "2016-02-27",
      7
    ],
    [
      "2016-02-28",
      92
    ],
    [
      "2016-02-29",
      18
    ],
    [
      "2016-03-01",
      33
    ],
    [
      "2016-03-02",
      32
    ],
    [
      "2016-03-03",
      49
    ],
    [
      "2016-03-04",
      59
    ],
    [
      "2016-03-05",
      42
    ],
    [
      "2016-03-06",
      94
    ],
    [
      "2016-03-07",
      15
    ],
    [
      "2016-03-08",
      31
    ],
    [
      "2016-03-09",
      32
    ],
    [
      "2016-03-10",
      93
    ],
    [
      "2016-03-11",
      53
    ],
    [
      "2016-03-12",
      64
    ],
    [
      "2016-03-13",
      42
    ],
    [
      "2016-03-14",
      18
    ],
    [
      "2016-03-15",
      4
    ],
    [
      "2016-03-16",
      83
    ],
    [
      "2016-03-17",
      35
    ],
    [
      "2016-03-18",
      96
    ],
    [
      "2016-03-19",
      54
    ],
    [
      "2016-03-20",
      40
    ],
    [
      "2016-03-21",
      38
    ],
    [
      "2016-03-22",
      21
    ],
    [
      "2016-03-23",
      34
    ],
    [
      "2016-03-24",
      94
    ],
    [
      "2016-03-25",
      89
    ],
    [
      "2016-03-26",
      86
    ],
    [
      "2016-03-27",
      65
    ],
    [
      "2016-03-28",
      80
    ],
    [
      "2016-03-29",
      9
    ],
    [
      "2016-03-30",
      3
    ],
    [
      "2016-03-31",
      14
    ],
    [
      "2016-04-01",
      38
    ],
    [
      "2016-04-02",
      27
    ],
    [
      "2016-04-03",
      18
    ],
    [
      "2016-04-04",
      46
    ],
    [
      "2016-04-05",
      33
    ],
    [
      "2016-04-06",
      11
    ],
    [
      "2016-04-07",
      24
    ],
    [
      "2016-04-08",
      73
    ],
    [
      "2016-04-09",
      65
    ],
    [
      "2016-04-10",
      60
    ],
    [
      "2016-04-11",
      88
    ],
    [
      "2016-04-12",
      45
    ],
    [
      "2016-04-13",
      83
    ],
    [
      "2016-04-14",
      39
    ],
    [
      "2016-04-15",
      8
    ],
    [
      "2016-04-16",
      55
    ],
    [
      "2016-04-17",
      71
    ],
    [
      "2016-04-18",
      60
    ],
    [
      "2016-04-19",
      60
    ],
    [
      "2016-04-20",
      66
    ],
    [
      "2016-04-21",
      4
    ],
    [
      "2016-04-22",
      43
    ],
    [
      "2016-04-23",
      53
    ],
    [
      "2016-04-24",
      9
    ],
    [
      "2016-04-25",
      100
    ],
    [
      "2016-04-26",
      7
    ],
    [
      "2016-04-27",
      26
    ],
    [
      "2016-04-28",
      51
    ],
    [
      "2016-04-29",
      95
    ],
    [
      "2016-04-30",
      91
    ],
    [
      "2016-05-01",
      3
    ],
    [
      "2016-05-02",
      65
    ],
    [
      "2016-05-03",
      44
    ],
    [
      "2016-05-04",
      23
    ],
    [
      "2016-05-05",
      47
    ],
    [
      "2016-05-06",
      96
    ],
    [
      "2016-05-07",
      76
    ],
    [
      "2016-05-08",
      7
    ],
    [
      "2016-05-09",
      31
    ],
    [
      "2016-05-10",
      54
    ],
    [
      "2016-05-11",
      8
    ],
    [
      "2016-05-12",
      29
    ],
    [
      "2016-05-13",
      63
    ],
    [
      "2016-05-14",
      48
    ],
    [
      "2016-05-15",
      2
    ],
    [
      "2016-05-16",
      35
    ],
    [
      "2016-05-17",
      41
    ],
    [
      "2016-05-18",
      96
    ],
    [
      "2016-05-19",
      39
    ],
    [
      "2016-05-20",
      82
    ],
    [
      "2016-05-21",
      59
    ],
    [
      "2016-05-22",
      45
    ],
    [
      "2016-05-23",
      53
    ],
    [
      "2016-05-24",
      2
    ],
    [
      "2016-05-25",
      96
    ],
    [
      "2016-05-26",
      68
    ],
    [
      "2016-05-27",
      33
    ],
    [
      "2016-05-28",
      91
    ],
    [
      "2016-05-29",
      36
    ],
    [
      "2016-05-30",
      4
    ],
    [
      "2016-05-31",
      69
    ],
    [
      "2016-06-01",
      82
    ],
    [
      "2016-06-02",
      8
    ],
    [
      "2016-06-03",
      43
    ],
    [
      "2016-06-04",
      91
    ],
    [
      "2016-06-05",
      12
    ],
    [
      "2016-06-06",
      23
    ],
    [
      "2016-06-07",
      69
    ],
    [
      "2016-06-08",
      56
    ],
    [
      "2016-06-09",
      86
    ],
    [
      "2016-06-10",
      72
    ],
    [
      "2016-06-11",
      26
    ],
    [
      "2016-06-12",
      55
    ],
    [
      "2016-06-13",
      68
    ],
    [
      "2016-06-14",
      17
    ],
    [
      "2016-06-15",
      58
    ],
    [
      "2016-06-16",
      96
    ],
    [
      "2016-06-17",
      32
    ],
    [
      "2016-06-18",
      14
    ],
    [
      "2016-06-19",
      64
    ],
    [
      "2016-06-20",
      74
    ],
    [
      "2016-06-21",
      60
    ],
    [
      "2016-06-22",
      57
    ],
    [
      "2016-06-23",
      93
    ],
    [
      "2016-06-24",
      5
    ],
    [
      "2016-06-25",
      58
    ],
    [
      "2016-06-26",
      92
    ],
    [
      "2016-06-27",
      88
    ],
    [
      "2016-06-28",
      65
    ],
    [
      "2016-06-29",
      41
    ],
    [
      "2016-06-30",
      50
    ],
    [
      "2016-07-01",
      93
    ],
    [
      "2016-07-02",
      52
    ],
    [
      "2016-07-03",
      99
    ],
    [
      "2016-07-04",
      67
    ],
    [
      "2016-07-05",
      14
    ],
    [
      "2016-07-06",
      74
    ],
    [
      "2016-07-07",
      91
    ],
    [
      "2016-07-08",
      14
    ],
    [
      "2016-07-09",
      58
    ],
    [
      "2016-07-10",
      14
    ],
    [
      "2016-07-11",
      33
    ],
    [
      "2016-07-12",
      35
    ],
    [
      "2016-07-13",
      22
    ],
    [
      "2016-07-14",
      53
    ],
    [
      "2016-07-15",
      5
    ],
    [
      "2016-07-16",
      11
    ],
    [
      "2016-07-17",
      84
    ],
    [
      "2016-07-18",
      40
    ],
    [
      "2016-07-19",
      55
    ],
    [
      "2016-07-20",
      87
    ],
    [
      "2016-07-21",
      71
    ],
    [
      "2016-07-22",
      5
    ],
    [
      "2016-07-23",
      75
    ],
    [
      "2016-07-24",
      73
    ],
    [
      "2016-07-25",
      76
    ],
    [
      "2016-07-26",
      43
    ],
    [
      "2016-07-27",
      64
    ],
    [
      "2016-07-28",
      31
    ],
    [
      "2016-07-29",
      37
    ],
    [
      "2016-07-30",
      68
    ],
    [
      "2016-07-31",
      44
    ],
    [
      "2016-08-01",
      51
    ],
    [
      "2016-08-02",
      62
    ],
    [
      "2016-08-03",
      45
    ],
    [
      "2016-08-04",
      43
    ],
    [
      "2016-08-05",
      9
    ],
    [
      "2016-08-06",
      77
    ],
    [
      "2016-08-07",
      27
    ],
    [
      "2016-08-08",
      52
    ],
    [
      "2016-08-09",
      38
    ],
    [
      "2016-08-10",
      14
    ],
    [
      "2016-08-11",
      53
    ],
    [
      "2016-08-12",
      72
    ],
    [
      "2016-08-13",
      74
    ],
    [
      "2016-08-14",
      55
    ],
    [
      "2016-08-15",
      98
    ],
    [
      "2016-08-16",
      4
    ],
    [
      "2016-08-17",
      53
    ],
    [
      "2016-08-18",
      36
    ],
    [
      "2016-08-19",
      16
    ],
    [
      "2016-08-20",
      22
    ],
    [
      "2016-08-21",
      23
    ],
    [
      "2016-08-22",
      72
    ],
    [
      "2016-08-23",
      1
    ],
    [
      "2016-08-24",
      32
    ],
    [
      "2016-08-25",
      77
    ],
    [
      "2016-08-26",
      73
    ],
    [
      "2016-08-27",
      23
    ],
    [
      "2016-08-28",
      5
    ],
    [
      "2016-08-29",
      98
    ],
    [
      "2016-08-30",
      6
    ],
    [
      "2016-08-31",
      21
    ],
    [
      "2016-09-01",
      33
    ],
    [
      "2016-09-02",
      76
    ],
    [
      "2016-09-03",
      43
    ],
    [
      "2016-09-04",
      21
    ],
    [
      "2016-09-05",
      74
    ],
    [
      "2016-09-06",
      99
    ],
    [
      "2016-09-07",
      44
    ],
    [
      "2016-09-08",
      40
    ],
    [
      "2016-09-09",
      90
    ],
    [
      "2016-09-10",
      70
    ],
    [
      "2016-09-11",
      11
    ],
    [
      "2016-09-12",
      67
    ],
    [
      "2016-09-13",
      12
    ],
    [
      "2016-09-14",
      70
    ],
    [
      "2016-09-15",
      58
    ],
    [
      "2016-09-16",
      67
    ],
    [
      "2016-09-17",
      32
    ],
    [
      "2016-09-18",
      13
    ],
    [
      "2016-09-19",
      50
    ],
    [
      "2016-09-20",
      45
    ],
    [
      "2016-09-21",
      41
    ],
    [
      "2016-09-22",
      57
    ],
    [
      "2016-09-23",
      65
    ],
    [
      "2016-09-24",
      7
    ],
    [
      "2016-09-25",
      79
    ],
    [
      "2016-09-26",
      5
    ],
    [
      "2016-09-27",
      51
    ],
    [
      "2016-09-28",
      12
    ],
    [
      "2016-09-29",
      51
    ],
    [
      "2016-09-30",
      43
    ],
    [
      "2016-10-01",
      64
    ],
    [
      "2016-10-02",
      57
    ],
    [
      "2016-10-03",
      62
    ],
    [
      "2016-10-04",
      39
    ],
    [
      "2016-10-05",
      85
    ],
    [
      "2016-10-06",
      59
    ],
    [
      "2016-10-07",
      26
    ],
    [
      "2016-10-08",
      16
    ],
    [
      "2016-10-09",
      52
    ],
    [
      "2016-10-10",
      3
    ],
    [
      "2016-10-11",
      43
    ],
    [
      "2016-10-12",
      72
    ],
    [
      "2016-10-13",
      34
    ],
    [
      "2016-10-14",
      85
    ],
    [
      "2016-10-15",
      5
    ],
    [
      "2016-10-16",
      20
    ],
    [
      "2016-10-17",
      53
    ],
    [
      "2016-10-18",
      61
    ],
    [
      "2016-10-19",
      59
    ],
    [
      "2016-10-20",
      65
    ],
    [
      "2016-10-21",
      27
    ],
    [
      "2016-10-22",
      33
    ],
    [
      "2016-10-23",
      27
    ],
    [
      "2016-10-24",
      91
    ],
    [
      "2016-10-25",
      9
    ],
    [
      "2016-10-26",
      1
    ],
    [
      "2016-10-27",
      57
    ],
    [
      "2016-10-28",
      13
    ],
    [
      "2016-10-29",
      64
    ],
    [
      "2016-10-30",
      46
    ],
    [
      "2016-10-31",
      35
    ],
    [
      "2016-11-01",
      87
    ],
    [
      "2016-11-02",
      31
    ],
    [
      "2016-11-03",
      21
    ],
    [
      "2016-11-04",
      15
    ],
    [
      "2016-11-05",
      88
    ],
    [
      "2016-11-06",
      11
    ],
    [
      "2016-11-07",
      16
    ],
    [
      "2016-11-08",
      35
    ],
    [
      "2016-11-09",
      64
    ],
    [
      "2016-11-10",
      96
    ],
    [
      "2016-11-11",
      77
    ],
    [
      "2016-11-12",
      51
    ],
    [
      "2016-11-13",
      61
    ],
    [
      "2016-11-14",
      90
    ],
    [
      "2016-11-15",
      45
    ],
    [
      "2016-11-16",
      40
    ],
    [
      "2016-11-17",
      50
    ],
    [
      "2016-11-18",
      36
    ],
    [
      "2016-11-19",
      91
    ],
    [
      "2016-11-20",
      65
    ],
    [
      "2016-11-21",
      50
    ],
    [
      "2016-11-22",
      5
    ],
    [
      "2016-11-23",
      58
    ],
    [
      "2016-11-24",
      54
    ],
    [
      "2016-11-25",
      11
    ],
    [
      "2016-11-26",
      75
    ],
    [
      "2016-11-27",
      76
    ],
    [
      "2016-11-28",
      74
    ],
    [
      "2016-11-29",
      44
    ],
    [
      "2016-11-30",
      81
    ],
    [
      "2016-12-01",
      16
    ],
    [
      "2016-12-02",
      55
    ],
    [
      "2016-12-03",
      43
    ],
    [
      "2016-12-04",
      88
    ],
    [
      "2016-12-05",
      58
    ],
    [
      "2016-12-06",
      32
    ],
    [
      "2016-12-07",
      82
    ],
    [
      "2016-12-08",
      97
    ],
    [
      "2016-12-09",
      14
    ],
    [
      "2016-12-10",
      99
    ],
    [
      "2016-12-11",
      98
    ],
    [
      "2016-12-12",
      90
    ],
    [
      "2016-12-13",
      87
    ],
    [
      "2016-12-14",
      40
    ],
    [
      "2016-12-15",
      80
    ],
    [
      "2016-12-16",
      45
    ],
    [
      "2016-12-17",
      93
    ],
    [
      "2016-12-18",
      54
    ],
    [
      "2016-12-19",
      45
    ],
    [
      "2016-12-20",
      100
    ],
    [
      "2016-12-21",
      68
    ],
    [
      "2016-12-22",
      89
    ],
    [
      "2016-12-23",
      67
    ],
    [
      "2016-12-24",
      52
    ],
    [
      "2016-12-25",
      71
    ],
    [
      "2016-12-26",
      15
    ],
    [
      "2016-12-27",
      30
    ],
    [
      "2016-12-28",
      16
    ],
    [
      "2016-12-29",
      46
    ],
    [
      "2016-12-30",
      5
    ],
    [
      "2016-12-31",
      25
    ],
    [
      "2017-01-01",
      33
    ],
    [
      "2017-01-02",
      76
    ],
    [
      "2017-01-03",
      96
    ],
    [
      "2017-01-04",
      63
    ],
    [
      "2017-01-05",
      96
    ],
    [
      "2017-01-06",
      31
    ],
    [
      "2017-01-07",
      68
    ],
    [
      "2017-01-08",
      87
    ],
    [
      "2017-01-09",
      81
    ],
    [
      "2017-01-10",
      63
    ],
    [
      "2017-01-11",
      62
    ],
    [
      "2017-01-12",
      79
    ],
    [
      "2017-01-13",
      50
    ],
    [
      "2017-01-14",
      46
    ],
    [
      "2017-01-15",
      36
    ],
    [
      "2017-01-16",
      20
    ],
    [
      "2017-01-17",
      90
    ],
    [
      "2017-01-18",
      4
    ],
    [
      "2017-01-19",
      70
    ],
    [
      "2017-01-20",
      21
    ],
    [
      "2017-01-21",
      70
    ],
    [
      "2017-01-22",
      38
    ],
    [
      "2017-01-23",
      94
    ],
    [
      "2017-01-24",
      87
    ],
    [
      "2017-01-25",
      83
    ],
    [
      "2017-01-26",
      21
    ],
    [
      "2017-01-27",
      30
    ],
    [
      "2017-01-28",
      55
    ],
    [
      "2017-01-29",
      64
    ],
    [
      "2017-01-30",
      80
    ],
    [
      "2017-01-31",
      11
    ],
    [
      "2017-02-01",
      89
    ],
    [
      "2017-02-02",
      91
    ],
    [
      "2017-02-03",
      85
    ],
    [
      "2017-02-04",
      87
    ],
    [
      "2017-02-05",
      20
    ],
    [
      "2017-02-06",
      61
    ],
    [
      "2017-02-07",
      54
    ],
    [
      "2017-02-08",
      68
    ],
    [
      "2017-02-09",
      14
    ],
    [
      "2017-02-10",
      93
    ],
    [
      "2017-02-11",
      95
    ],
    [
      "2017-02-12",
      20
    ],
    [
      "2017-02-13",
      60
    ],
    [
      "2017-02-14",
      4
    ],
    [
      "2017-02-15",
      92
    ],
    [
      "2017-02-16",
      1
    ],
    [
      "2017-02-17",
      42
    ],
    [
      "2017-02-18",
      24
    ],
    [
      "2017-02-19",
      32
    ],
    [
      "2017-02-20",
      67
    ],
    [
      "2017-02-21",
      4
    ],
    [
      "2017-02-22",
      71
    ],
    [
      "2017-02-23",
      26
    ],
    [
      "2017-02-24",
      62
    ],
    [
      "2017-02-25",
      93
    ],
    [
      "2017-02-26",
      7
    ],
    [
      "2017-02-27",
      17
    ],
    [
      "2017-02-28",
      54
    ],
    [
      "2017-03-01",
      83
    ],
    [
      "2017-03-02",
      53
    ],
    [
      "2017-03-03",
      58
    ],
    [
      "2017-03-04",
      92
    ],
    [
      "2017-03-05",
      20
    ],
    [
      "2017-03-06",
      62
    ],
    [
      "2017-03-07",
      58
    ],
    [
      "2017-03-08",
      77
    ],
    [
      "2017-03-09",
      97
    ],
    [
      "2017-03-10",
      100
    ],
    [
      "2017-03-11",
      59
    ],
    [
      "2017-03-12",
      76
    ],
    [
      "2017-03-13",
      63
    ],
    [
      "2017-03-14",
      12
    ],
    [
      "2017-03-15",
      37
    ],
    [
      "2017-03-16",
      53
    ],
    [
      "2017-03-17",
      84
    ],
    [
      "2017-03-18",
      29
    ],
    [
      "2017-03-19",
      67
    ],
    [
      "2017-03-20",
      91
    ],
    [
      "2017-03-21",
      45
    ],
    [
      "2017-03-22",
      72
    ],
    [
      "2017-03-23",
      77
    ],
    [
      "2017-03-24",
      63
    ],
    [
      "2017-03-25",
      43
    ],
    [
      "2017-03-26",
      18
    ],
    [
      "2017-03-27",
      16
    ],
    [
      "2017-03-28",
      5
    ],
    [
      "2017-03-29",
      49
    ],
    [
      "2017-03-30",
      93
    ],
    [
      "2017-03-31",
      1
    ],
    [
      "2017-04-01",
      34
    ],
    [
      "2017-04-02",
      14
    ],
    [
      "2017-04-03",
      63
    ],
    [
      "2017-04-04",
      51
    ],
    [
      "2017-04-05",
      61
    ],
    [
      "2017-04-06",
      23
    ],
    [
      "2017-04-07",
      20
    ],
    [
      "2017-04-08",
      58
    ],
    [
      "2017-04-09",
      33
    ],
    [
      "2017-04-10",
      19
    ],
    [
      "2017-04-11",
      55
    ],
    [
      "2017-04-12",
      83
    ],
    [
      "2017-04-13",
      62
    ],
    [
      "2017-04-14",
      4
    ],
    [
      "2017-04-15",
      47
    ],
    [
      "2017-04-16",
      98
    ],
    [
      "2017-04-17",
      87
    ],
    [
      "2017-04-18",
      21
    ],
    [
      "2017-04-19",
      4
    ],
    [
      "2017-04-20",
      2
    ],
    [
      "2017-04-21",
      47
    ],
    [
      "2017-04-22",
      42
    ],
    [
      "2017-04-23",
      16
    ],
    [
      "2017-04-24",
      91
    ],
    [
      "2017-04-25",
      32
    ],
    [
      "2017-04-26",
      51
    ],
    [
      "2017-04-27",
      33
    ],
    [
      "2017-04-28",
      53
    ],
    [
      "2017-04-29",
      14
    ],
    [
      "2017-04-30",
      82
    ],
    [
      "2017-05-01",
      68
    ],
    [
      "2017-05-02",
      52
    ],
    [
      "2017-05-03",
      68
    ],
    [
      "2017-05-04",
      100
    ],
    [
      "2017-05-05",
      97
    ],
    [
      "2017-05-06",
      34
    ],
    [
      "2017-05-07",
      36
    ],
    [
      "2017-05-08",
      24
    ],
    [
      "2017-05-09",
      49
    ],
    [
      "2017-05-10",
      5
    ],
    [
      "2017-05-11",
      70
    ],
    [
      "2017-05-12",
      100
    ],
    [
      "2017-05-13",
      12
    ],
    [
      "2017-05-14",
      82
    ],
    [
      "2017-05-15",
      77
    ],
    [
      "2017-05-16",
      79
    ],
    [
      "2017-05-17",
      44
    ],
    [
      "2017-05-18",
      87
    ],
    [
      "2017-05-19",
      71
    ],
    [
      "2017-05-20",
      22
    ],
    [
      "2017-05-21",
      1
    ],
    [
      "2017-05-22",
      44
    ],
    [
      "2017-05-23",
      100
    ],
    [
      "2017-05-24",
      76
    ],
    [
      "2017-05-25",
      64
    ],
    [
      "2017-05-26",
      96
    ],
    [
      "2017-05-27",
      43
    ],
    [
      "2017-05-28",
      61
    ],
    [
      "2017-05-29",
      83
    ],
    [
      "2017-05-30",
      63
    ],
    [
      "2017-05-31",
      22
    ],
    [
      "2017-06-01",
      5
    ],
    [
      "2017-06-02",
      29
    ],
    [
      "2017-06-03",
      21
    ],
    [
      "2017-06-04",
      12
    ],
    [
      "2017-06-05",
      9
    ],
    [
      "2017-06-06",
      74
    ],
    [
      "2017-06-07",
      12
    ],
    [
      "2017-06-08",
      72
    ],
    [
      "2017-06-09",
      89
    ],
    [
      "2017-06-10",
      26
    ],
    [
      "2017-06-11",
      9
    ],
    [
      "2017-06-12",
      2
    ],
    [
      "2017-06-13",
      17
    ],
    [
      "2017-06-14",
      63
    ],
    [
      "2017-06-15",
      68
    ],
    [
      "2017-06-16",
      37
    ],
    [
      "2017-06-17",
      28
    ],
    [
      "2017-06-18",
      16
    ],
    [
      "2017-06-19",
      55
    ],
    [
      "2017-06-20",
      93
    ],
    [
      "2017-06-21",
      95
    ],
    [
      "2017-06-22",
      93
    ],
    [
      "2017-06-23",
      98
    ],
    [
      "2017-06-24",
      12
    ],
    [
      "2017-06-25",
      47
    ],
    [
      "2017-06-26",
      33
    ],
    [
      "2017-06-27",
      30
    ],
    [
      "2017-06-28",
      23
    ],
    [
      "2017-06-29",
      18
    ],
    [
      "2017-06-30",
      50
    ],
    [
      "2017-07-01",
      9
    ],
    [
      "2017-07-02",
      100
    ],
    [
      "2017-07-03",
      50
    ],
    [
      "2017-07-04",
      93
    ],
    [
      "2017-07-05",
      77
    ],
    [
      "2017-07-06",
      89
    ],
    [
      "2017-07-07",
      20
    ],
    [
      "2017-07-08",
      51
    ],
    [
      "2017-07-09",
      81
    ],
    [
      "2017-07-10",
      4
    ],
    [
      "2017-07-11",
      70
    ],
    [
      "2017-07-12",
      13
    ],
    [
      "2017-07-13",
      31
    ],
    [
      "2017-07-14",
      18
    ],
    [
      "2017-07-15",
      9
    ],
    [
      "2017-07-16",
      77
    ],
    [
      "2017-07-17",
      73
    ],
    [
      "2017-07-18",
      20
    ],
    [
      "2017-07-19",
      45
    ],
    [
      "2017-07-20",
      1
    ],
    [
      "2017-07-21",
      61
    ],
    [
      "2017-07-22",
      3
    ],
    [
      "2017-07-23",
      18
    ],
    [
      "2017-07-24",
      84
    ],
    [
      "2017-07-25",
      95
    ],
    [
      "2017-07-26",
      36
    ],
    [
      "2017-07-27",
      75
    ],
    [
      "2017-07-28",
      65
    ],
    [
      "2017-07-29",
      24
    ],
    [
      "2017-07-30",
      48
    ],
    [
      "2017-07-31",
      87
    ],
    [
      "2017-08-01",
      18
    ],
    [
      "2017-08-02",
      67
    ],
    [
      "2017-08-03",
      71
    ],
    [
      "2017-08-04",
      38
    ],
    [
      "2017-08-05",
      65
    ],
    [
      "2017-08-06",
      90
    ],
    [
      "2017-08-07",
      45
    ],
    [
      "2017-08-08",
      40
    ],
    [
      "2017-08-09",
      73
    ],
    [
      "2017-08-10",
      8
    ],
    [
      "2017-08-11",
      21
    ],
    [
      "2017-08-12",
      74
    ],
    [
      "2017-08-13",
      89
    ],
    [
      "2017-08-14",
      71
    ],
    [
      "2017-08-15",
      83
    ],
    [
      "2017-08-16",
      3
    ],
    [
      "2017-08-17",
      5
    ],
    [
      "2017-08-18",
      40
    ],
    [
      "2017-08-19",
      3
    ],
    [
      "2017-08-20",
      50
    ],
    [
      "2017-08-21",
      41
    ],
    [
      "2017-08-22",
      64
    ],
    [
      "2017-08-23",
      80
    ],
    [
      "2017-08-24",
      65
    ],
    [
      "2017-08-25",
      77
    ],
    [
      "2017-08-26",
      90
    ],
    [
      "2017-08-27",
      99
    ],
    [
      "2017-08-28",
      82
    ],
    [
      "2017-08-29",
      61
    ],
    [
      "2017-08-30",
      99
    ],
    [
      "2017-08-31",
      56
    ],
    [
      "2017-09-01",
      92
    ],
    [
      "2017-09-02",
      89
    ],
    [
      "2017-09-03",
      22
    ],
    [
      "2017-09-04",
      52
    ],
    [
      "2017-09-05",
      69
    ],
    [
      "2017-09-06",
      27
    ],
    [
      "2017-09-07",
      38
    ],
    [
      "2017-09-08",
      10
    ],
    [
      "2017-09-09",
      48
    ],
    [
      "2017-09-10",
      43
    ],
    [
      "2017-09-11",
      38
    ],
    [
      "2017-09-12",
      69
    ],
    [
      "2017-09-13",
      65
    ],
    [
      "2017-09-14",
      95
    ],
    [
      "2017-09-15",
      75
    ],
    [
      "2017-09-16",
      68
    ],
    [
      "2017-09-17",
      59
    ],
    [
      "2017-09-18",
      12
    ],
    [
      "2017-09-19",
      31
    ],
    [
      "2017-09-20",
      13
    ],
    [
      "2017-09-21",
      99
    ],
    [
      "2017-09-22",
      90
    ],
    [
      "2017-09-23",
      40
    ],
    [
      "2017-09-24",
      9
    ],
    [
      "2017-09-25",
      60
    ],
    [
      "2017-09-26",
      48
    ],
    [
      "2017-09-27",
      79
    ],
    [
      "2017-09-28",
      16
    ],
    [
      "2017-09-29",
      2
    ],
    [
      "2017-09-30",
      48
    ],
    [
      "2017-10-01",
      86
    ],
    [
      "2017-10-02",
      87
    ],
    [
      "2017-10-03",
      78
    ],
    [
      "2017-10-04",
      27
    ],
    [
      "2017-10-05",
      100
    ],
    [
      "2017-10-06",
      24
    ],
    [
      "2017-10-07",
      32
    ],
    [
      "2017-10-08",
      63
    ],
    [
      "2017-10-09",
      28
    ],
    [
      "2017-10-10",
      1
    ],
    [
      "2017-10-11",
      61
    ],
    [
      "2017-10-12",
      16
    ],
    [
      "2017-10-13",
      29
    ],
    [
      "2017-10-14",
      66
    ],
    [
      "2017-10-15",
      81
    ],
    [
      "2017-10-16",
      13
    ],
    [
      "2017-10-17",
      72
    ],
    [
      "2017-10-18",
      97
    ],
    [
      "2017-10-19",
      52
    ],
    [
      "2017-10-20",
      26
    ],
    [
      "2017-10-21",
      72
    ],
    [
      "2017-10-22",
      8
    ],
    [
      "2017-10-23",
      1
    ],
    [
      "2017-10-24",
      48
    ],
    [
      "2017-10-25",
      20
    ],
    [
      "2017-10-26",
      92
    ],
    [
      "2017-10-27",
      62
    ],
    [
      "2017-10-28",
      65
    ],
    [
      "2017-10-29",
      43
    ],
    [
      "2017-10-30",
      26
    ],
    [
      "2017-10-31",
      12
    ],
    [
      "2017-11-01",
      61
    ],
    [
      "2017-11-02",
      75
    ],
    [
      "2017-11-03",
      45
    ],
    [
      "2017-11-04",
      95
    ],
    [
      "2017-11-05",
      20
    ],
    [
      "2017-11-06",
      15
    ],
    [
      "2017-11-07",
      24
    ],
    [
      "2017-11-08",
      50
    ],
    [
      "2017-11-09",
      99
    ],
    [
      "2017-11-10",
      60
    ],
    [
      "2017-11-11",
      38
    ],
    [
      "2017-11-12",
      30
    ],
    [
      "2017-11-13",
      29
    ],
    [
      "2017-11-14",
      6
    ],
    [
      "2017-11-15",
      61
    ],
    [
      "2017-11-16",
      79
    ],
    [
      "2017-11-17",
      64
    ],
    [
      "2017-11-18",
      32
    ],
    [
      "2017-11-19",
      28
    ],
    [
      "2017-11-20",
      64
    ],
    [
      "2017-11-21",
      18
    ],
    [
      "2017-11-22",
      9
    ],
    [
      "2017-11-23",
      81
    ],
    [
      "2017-11-24",
      83
    ],
    [
      "2017-11-25",
      11
    ],
    [
      "2017-11-26",
      62
    ],
    [
      "2017-11-27",
      77
    ],
    [
      "2017-11-28",
      69
    ],
    [
      "2017-11-29",
      16
    ],
    [
      "2017-11-30",
      22
    ],
    [
      "2017-12-01",
      53
    ],
    [
      "2017-12-02",
      95
    ],
    [
      "2017-12-03",
      63
    ],
    [
      "2017-12-04",
      89
    ],
    [
      "2017-12-05",
      89
    ],
    [
      "2017-12-06",
      14
    ],
    [
      "2017-12-07",
      71
    ],
    [
      "2017-12-08",
      45
    ],
    [
      "2017-12-09",
      60
    ],
    [
      "2017-12-10",
      42
    ],
    [
      "2017-12-11",
      75
    ],
    [
      "2017-12-12",
      96
    ],
    [
      "2017-12-13",
      90
    ],
    [
      "2017-12-14",
      56
    ],
    [
      "2017-12-15",
      38
    ],
    [
      "2017-12-16",
      45
    ],
    [
      "2017-12-17",
      99
    ],
    [
      "2017-12-18",
      10
    ],
    [
      "2017-12-19",
      31
    ],
    [
      "2017-12-20",
      56
    ],
    [
      "2017-12-21",
      50
    ],
    [
      "2017-12-22",
      11
    ],
    [
      "2017-12-23",
      5
    ],
    [
      "2017-12-24",
      2
    ],
    [
      "2017-12-25",
      91
    ],
    [
      "2017-12-26",
      56
    ],
    [
      "2017-12-27",
      57
    ],
    [
      "2017-12-28",
      38
    ],
    [
      "2017-12-29",
      23
    ],
    [
      "2017-12-30",
      47
    ],
    [
      "2017-12-31",
      72
    ],
    [
      "2018-01-01",
      6
    ],
    [
      "2018-01-02",
      93
    ],
    [
      "2018-01-03",
      11
    ],
    [
      "2018-01-04",
      20
    ],
    [
      "2018-01-05",
      22
    ],
    [
      "2018-01-06",
      13
    ],
    [
      "2018-01-07",
      7
    ],
    [
      "2018-01-08",
      14
    ],
    [
      "2018-01-09",
      37
    ],
    [
      "2018-01-10",
      42
    ],
    [
      "2018-01-11",
      24
    ],
    [
      "2018-01-12",
      13
    ],
    [
      "2018-01-13",
      14
    ],
    [
      "2018-01-14",
      21
    ],
    [
      "2018-01-15",
      37
    ],
    [
      "2018-01-16",
      28
    ],
    [
      "2018-01-17",
      32
    ],
    [
      "2018-01-18",
      52
    ],
    [
      "2018-01-19",
      17
    ],
    [
      "2018-01-20",
      8
    ],
    [
      "2018-01-21",
      16
    ],
    [
      "2018-01-22",
      33
    ],
    [
      "2018-01-23",
      32
    ],
    [
      "2018-01-24",
      57
    ],
    [
      "2018-01-25",
      39
    ],
    [
      "2018-01-26",
      38
    ],
    [
      "2018-01-27",
      15
    ],
    [
      "2018-01-28",
      2
    ],
    [
      "2018-01-29",
      19
    ],
    [
      "2018-01-30",
      21
    ],
    [
      "2018-01-31",
      40
    ],
    [
      "2018-02-01",
      45
    ],
    [
      "2018-02-02",
      29
    ],
    [
      "2018-02-03",
      14
    ],
    [
      "2018-02-04",
      14
    ],
    [
      "2018-02-05",
      26
    ],
    [
      "2018-02-06",
      31
    ],
    [
      "2018-02-07",
      52
    ],
    [
      "2018-02-08",
      29
    ],
    [
      "2018-02-09",
      21
    ],
    [
      "2018-02-10",
      20
    ],
    [
      "2018-02-11",
      7
    ],
    [
      "2018-02-12",
      21
    ],
    [
      "2018-02-13",
      21
    ],
    [
      "2018-02-14",
      52
    ],
    [
      "2018-02-15",
      26
    ],
    [
      "2018-02-16",
      31
    ],
    [
      "2018-02-17",
      21
    ],
    [
      "2018-02-18",
      25
    ],
    [
      "2018-02-19",
      17
    ],
    [
      "2018-02-20",
      42
    ],
    [
      "2018-02-21",
      57
    ],
    [
      "2018-02-22",
      46
    ],
    [
      "2018-02-23",
      38
    ],
    [
      "2018-02-24",
      11
    ],
    [
      "2018-02-25",
      10
    ],
    [
      "2018-02-26",
      26
    ],
    [
      "2018-02-27",
      45
    ],
    [
      "2018-02-28",
      55
    ],
    [
      "2018-03-01",
      69
    ],
    [
      "2018-03-02",
      27
    ],
    [
      "2018-03-03",
      16
    ],
    [
      "2018-03-04",
      6
    ],
    [
      "2018-03-05",
      15
    ],
    [
      "2018-03-06",
      28
    ],
    [
      "2018-03-07",
      67
    ],
    [
      "2018-03-08",
      43
    ],
    [
      "2018-03-09",
      38
    ],
    [
      "2018-03-10",
      18
    ],
    [
      "2018-03-11",
      8
    ],
    [
      "2018-03-12",
      19
    ],
    [
      "2018-03-13",
      36
    ],
    [
      "2018-03-14",
      61
    ],
    [
      "2018-03-15",
      26
    ],
    [
      "2018-03-16",
      20
    ],
    [
      "2018-03-17",
      20
    ],
    [
      "2018-03-18",
      5
    ],
    [
      "2018-03-19",
      24
    ],
    [
      "2018-03-20",
      43
    ],
    [
      "2018-03-21",
      68
    ],
    [
      "2018-03-22",
      32
    ],
    [
      "2018-03-23",
      14
    ],
    [
      "2018-03-24",
      14
    ],
    [
      "2018-03-25",
      7
    ],
    [
      "2018-03-26",
      26
    ],
    [
      "2018-03-27",
      42
    ],
    [
      "2018-03-28",
      115
    ],
    [
      "2018-03-29",
      40
    ],
    [
      "2018-03-30",
      29
    ],
    [
      "2018-03-31",
      15
    ],
    [
      "2018-04-01",
      5
    ],
    [
      "2018-04-02",
      18
    ],
    [
      "2018-04-03",
      38
    ],
    [
      "2018-04-04",
      57
    ],
    [
      "2018-04-05",
      24
    ],
    [
      "2018-04-06",
      17
    ],
    [
      "2018-04-07",
      17
    ],
    [
      "2018-04-08",
      7
    ],
    [
      "2018-04-09",
      23
    ],
    [
      "2018-04-10",
      27
    ],
    [
      "2018-04-11",
      56
    ],
    [
      "2018-04-12",
      138
    ],
    [
      "2018-04-13",
      144
    ],
    [
      "2018-04-14",
      142
    ],
    [
      "2018-04-15",
      137
    ],
    [
      "2018-04-16",
      54
    ],
    [
      "2018-04-17",
      39
    ],
    [
      "2018-04-18",
      79
    ],
    [
      "2018-04-19",
      44
    ],
    [
      "2018-04-20",
      36
    ],
    [
      "2018-04-21",
      8
    ],
    [
      "2018-04-22",
      22
    ],
    [
      "2018-04-23",
      54
    ],
    [
      "2018-04-24",
      55
    ],
    [
      "2018-04-25",
      32
    ],
    [
      "2018-04-26",
      27
    ],
    [
      "2018-04-27",
      8
    ],
    [
      "2018-04-28",
      12
    ],
    [
      "2018-04-29",
      21
    ],
    [
      "2018-04-30",
      72
    ],
    [
      "2018-05-01",
      31
    ],
    [
      "2018-05-02",
      46
    ],
    [
      "2018-05-03",
      44
    ],
    [
      "2018-05-04",
      21
    ],
    [
      "2018-05-05",
      7
    ],
    [
      "2018-05-06",
      14
    ],
    [
      "2018-05-07",
      33
    ],
    [
      "2018-05-08",
      44
    ],
    [
      "2018-05-09",
      29
    ],
    [
      "2018-05-10",
      51
    ],
    [
      "2018-05-11",
      31
    ],
    [
      "2018-05-12",
      11
    ],
    [
      "2018-05-13",
      11
    ],
    [
      "2018-05-14",
      37
    ],
    [
      "2018-05-15",
      74
    ],
    [
      "2018-05-16",
      34
    ],
    [
      "2018-05-17",
      26
    ],
    [
      "2018-05-18",
      19
    ],
    [
      "2018-05-19",
      8
    ],
    [
      "2018-05-20",
      7
    ],
    [
      "2018-05-21",
      23
    ],
    [
      "2018-05-22",
      32
    ],
    [
      "2018-05-23",
      29
    ],
    [
      "2018-05-24",
      15
    ],
    [
      "2018-05-25",
      14
    ],
    [
      "2018-05-26",
      9
    ],
    [
      "2018-05-27",
      11
    ],
    [
      "2018-05-28",
      29
    ],
    [
      "2018-05-29",
      28
    ],
    [
      "2018-05-30",
      31
    ],
    [
      "2018-05-31",
      39
    ],
    [
      "2018-06-01",
      23
    ],
    [
      "2018-06-02",
      11
    ],
    [
      "2018-06-03",
      12
    ],
    [
      "2018-06-04",
      23
    ],
    [
      "2018-06-05",
      63
    ],
    [
      "2018-06-06",
      49
    ],
    [
      "2018-06-07",
      22
    ],
    [
      "2018-06-08",
      34
    ],
    [
      "2018-06-09",
      28
    ],
    [
      "2018-06-10",
      16
    ],
    [
      "2018-06-11",
      69
    ],
    [
      "2018-06-12",
      48
    ],
    [
      "2018-06-13",
      46
    ],
    [
      "2018-06-14",
      42
    ],
    [
      "2018-06-15",
      42
    ],
    [
      "2018-06-16",
      16
    ],
    [
      "2018-06-17",
      16
    ],
    [
      "2018-06-18",
      25
    ],
    [
      "2018-06-19",
      73
    ],
    [
      "2018-06-20",
      39
    ],
    [
      "2018-06-21",
      26
    ],
    [
      "2018-06-22",
      36
    ],
    [
      "2018-06-23",
      26
    ],
    [
      "2018-06-24",
      12
    ],
    [
      "2018-06-25",
      46
    ],
    [
      "2018-06-26",
      41
    ],
    [
      "2018-06-27",
      21
    ],
    [
      "2018-06-28",
      23
    ],
    [
      "2018-06-29",
      49
    ],
    [
      "2018-06-30",
      21
    ],
    [
      "2018-07-01",
      6
    ],
    [
      "2018-07-02",
      19
    ],
    [
      "2018-07-03",
      31
    ],
    [
      "2018-07-04",
      27
    ],
    [
      "2018-07-05",
      21
    ],
    [
      "2018-07-06",
      11
    ],
    [
      "2018-07-07",
      10
    ],
    [
      "2018-07-08",
      11
    ],
    [
      "2018-07-09",
      19
    ],
    [
      "2018-07-10",
      56
    ],
    [
      "2018-07-11",
      47
    ],
    [
      "2018-07-12",
      31
    ],
    [
      "2018-07-13",
      13
    ],
    [
      "2018-07-14",
      11
    ],
    [
      "2018-07-15",
      19
    ],
    [
      "2018-07-16",
      38
    ],
    [
      "2018-07-17",
      33
    ],
    [
      "2018-07-18",
      51
    ],
    [
      "2018-07-19",
      26
    ],
    [
      "2018-07-20",
      12
    ],
    [
      "2018-07-21",
      15
    ],
    [
      "2018-07-22",
      21
    ],
    [
      "2018-07-23",
      44
    ],
    [
      "2018-07-24",
      53
    ],
    [
      "2018-07-25",
      66
    ],
    [
      "2018-07-26",
      47
    ],
    [
      "2018-07-27",
      31
    ],
    [
      "2018-07-28",
      16
    ],
    [
      "2018-07-29",
      26
    ],
    [
      "2018-07-30",
      50
    ],
    [
      "2018-07-31",
      54
    ],
    [
      "2018-08-01",
      61
    ],
    [
      "2018-08-02",
      60
    ],
    [
      "2018-08-03",
      27
    ],
    [
      "2018-08-04",
      22
    ],
    [
      "2018-08-05",
      15
    ],
    [
      "2018-08-06",
      40
    ],
    [
      "2018-08-07",
      36
    ],
    [
      "2018-08-08",
      50
    ],
    [
      "2018-08-09",
      52
    ],
    [
      "2018-08-10",
      37
    ],
    [
      "2018-08-11",
      19
    ],
    [
      "2018-08-12",
      32
    ],
    [
      "2018-08-13",
      61
    ],
    [
      "2018-08-14",
      30
    ],
    [
      "2018-08-15",
      24
    ],
    [
      "2018-08-16",
      48
    ],
    [
      "2018-08-17",
      29
    ],
    [
      "2018-08-18",
      6
    ],
    [
      "2018-08-19",
      3
    ],
    [
      "2018-08-20",
      45
    ],
    [
      "2018-08-21",
      22
    ],
    [
      "2018-08-22",
      39
    ],
    [
      "2018-08-23",
      29
    ],
    [
      "2018-08-24",
      10
    ],
    [
      "2018-08-25",
      13
    ],
    [
      "2018-08-26",
      4
    ],
    [
      "2018-08-27",
      35
    ],
    [
      "2018-08-28",
      26
    ],
    [
      "2018-08-29",
      30
    ],
    [
      "2018-08-30",
      27
    ],
    [
      "2018-08-31",
      14
    ],
    [
      "2018-09-01",
      10
    ],
    [
      "2018-09-02",
      9
    ],
    [
      "2018-09-03",
      32
    ],
    [
      "2018-09-04",
      20
    ],
    [
      "2018-09-05",
      23
    ],
    [
      "2018-09-06",
      33
    ],
    [
      "2018-09-07",
      23
    ],
    [
      "2018-09-08",
      10
    ],
    [
      "2018-09-09",
      6
    ],
    [
      "2018-09-10",
      26
    ],
    [
      "2018-09-11",
      38
    ],
    [
      "2018-09-12",
      24
    ],
    [
      "2018-09-13",
      57
    ],
    [
      "2018-09-14",
      19
    ],
    [
      "2018-09-15",
      10
    ],
    [
      "2018-09-16",
      14
    ],
    [
      "2018-09-17",
      25
    ],
    [
      "2018-09-18",
      37
    ],
    [
      "2018-09-19",
      31
    ],
    [
      "2018-09-20",
      28
    ],
    [
      "2018-09-21",
      11
    ],
    [
      "2018-09-22",
      7
    ],
    [
      "2018-09-23",
      7
    ],
    [
      "2018-09-24",
      18
    ],
    [
      "2018-09-25",
      35
    ],
    [
      "2018-09-26",
      31
    ],
    [
      "2018-09-27",
      26
    ],
    [
      "2018-09-28",
      13
    ],
    [
      "2018-09-29",
      8
    ],
    [
      "2018-09-30",
      13
    ],
    [
      "2018-10-01",
      36
    ],
    [
      "2018-10-02",
      52
    ],
    [
      "2018-10-03",
      33
    ],
    [
      "2018-10-04",
      26
    ],
    [
      "2018-10-05",
      18
    ],
    [
      "2018-10-06",
      4
    ],
    [
      "2018-10-07",
      11
    ],
    [
      "2018-10-08",
      23
    ],
    [
      "2018-10-09",
      58
    ],
    [
      "2018-10-10",
      47
    ],
    [
      "2018-10-11",
      38
    ],
    [
      "2018-10-12",
      21
    ],
    [
      "2018-10-13",
      10
    ],
    [
      "2018-10-14",
      13
    ],
    [
      "2018-10-15",
      40
    ],
    [
      "2018-10-16",
      27
    ],
    [
      "2018-10-17",
      35
    ],
    [
      "2018-10-18",
      15
    ],
    [
      "2018-10-19",
      23
    ],
    [
      "2018-10-20",
      8
    ],
    [
      "2018-10-21",
      6
    ],
    [
      "2018-10-22",
      30
    ],
    [
      "2018-10-23",
      47
    ],
    [
      "2018-10-24",
      32
    ],
    [
      "2018-10-25",
      44
    ],
    [
      "2018-10-26",
      46
    ],
    [
      "2018-10-27",
      13
    ],
    [
      "2018-10-28",
      25
    ],
    [
      "2018-10-29",
      84
    ],
    [
      "2018-10-30",
      35
    ],
    [
      "2018-10-31",
      33
    ],
    [
      "2018-11-01",
      23
    ],
    [
      "2018-11-02",
      22
    ],
    [
      "2018-11-03",
      1
    ],
    [
      "2018-11-04",
      14
    ],
    [
      "2018-11-05",
      18
    ],
    [
      "2018-11-06",
      29
    ],
    [
      "2018-11-07",
      52
    ],
    [
      "2018-11-08",
      99
    ],
    [
      "2018-11-09",
      208
    ],
    [
      "2018-11-10",
      30
    ],
    [
      "2018-11-11",
      35
    ],
    [
      "2018-11-12",
      30
    ]
  ],
  "appSchema": [
    {
      "name": "Time",
      "type": "date",
      "format": "%Y-%m-%d"
    },
    {
      "name": "Daily Visitors",
      "type": "number"
    }
  ]
}